code,name,market,industry
1301,極洋,プライム,水産・農林業
1332,ニッスイ,プライム,水産・農林業
1333,Ｕｍｉｏｓ,プライム,水産・農林業
1375,ユキグニファクトリー,プライム,水産・農林業
1376,カネコ種苗,スタンダード,水産・農林業
1377,サカタのタネ,プライム,水産・農林業
1379,ホクト,プライム,水産・農林業
1380,秋川牧園,スタンダード,水産・農林業
1381,アクシーズ,スタンダード,水産・農林業
1382,ホーブ,スタンダード,水産・農林業
1383,ベルグアース,スタンダード,水産・農林業
1384,ホクリヨウ,スタンダード,水産・農林業
1401,エムビーエス,グロース,建設業
1407,ウエストホールディングス,スタンダード,建設業
1414,ショーボンドホールディングス,プライム,建設業
1417,ミライト・ワン,プライム,建設業
1418,インターライフホールディングス,スタンダード,建設業
1419,タマホーム,プライム,建設業
1420,サンヨーホームズ,スタンダード,建設業
1429,日本アクア,プライム,建設業
1430,ファーストコーポレーション,スタンダード,建設業
1431,Ｌｉｂ　Ｗｏｒｋ,グロース,建設業
1433,ベステラ,プライム,建設業
1434,ＪＥＳＣＯホールディングス,スタンダード,建設業
1435,ｒｏｂｏｔ　ｈｏｍｅ,スタンダード,不動産業
1436,グリーンエナジー＆カンパニー,グロース,建設業
1438,岐阜造園,スタンダード,建設業
1443,技研ホールディングス,スタンダード,建設業
1444,ニッソウ,グロース,建設業
1446,キャンディル,スタンダード,建設業
1447,ＳＡＡＦホールディングス,グロース,建設業
1450,ＴＡＮＡＫＥＮ,スタンダード,建設業
1491,中外鉱業,スタンダード,非鉄金属
1514,住石ホールディングス,スタンダード,鉱業
1515,日鉄鉱業,プライム,鉱業
1518,三井松島ホールディングス,プライム,その他製品
1605,ＩＮＰＥＸ,プライム,鉱業
1662,石油資源開発,プライム,鉱業
1663,Ｋ＆Ｏエナジーグループ,プライム,鉱業
1711,ＳＤＳホールディングス,スタンダード,建設業
1716,第一カッター興業,スタンダード,建設業
1717,明豊ファシリティワークス,スタンダード,サービス業
1718,美樹工業,スタンダード,建設業
1719,安藤・間,プライム,建設業
1720,東急建設,プライム,建設業
1721,コムシスホールディングス,プライム,建設業
1723,日本電技,スタンダード,建設業
1724,シンクレイヤ,スタンダード,建設業
1736,オーテック,スタンダード,建設業
1758,太洋基礎工業,スタンダード,建設業
1762,高松コンストラクショングループ,プライム,建設業
1764,工藤建設,スタンダード,建設業
1766,東建コーポレーション,プライム,建設業
1768,ソネック,スタンダード,建設業
1770,藤田エンジニアリング,スタンダード,建設業
1780,ヤマウラ,プライム,建設業
1783,ｆａｎｔａｓｉｓｔａ,スタンダード,不動産業
1786,オリエンタル白石,プライム,建設業
1787,ナカボーテック,スタンダード,建設業
1788,三東工業社,スタンダード,建設業
1793,大本組,スタンダード,建設業
1795,マサル,スタンダード,建設業
1798,守谷商会,スタンダード,建設業
1799,第一建設工業,スタンダード,建設業
1801,大成建設,プライム,建設業
1802,大林組,プライム,建設業
1803,清水建設,プライム,建設業
1807,佐藤渡辺,スタンダード,建設業
1808,長谷工コーポレーション,プライム,建設業
1810,松井建設,スタンダード,建設業
1811,錢高組,スタンダード,建設業
1812,鹿島建設,プライム,建設業
1813,不動テトラ,プライム,建設業
1814,大末建設,プライム,建設業
1815,鉄建建設,プライム,建設業
1820,西松建設,プライム,建設業
1822,大豊建設,スタンダード,建設業
1826,佐田建設,スタンダード,建設業
1827,ナカノフドー建設,スタンダード,建設業
1828,田辺工業,スタンダード,建設業
1833,奥村組,プライム,建設業
1835,東鉄工業,プライム,建設業
1840,土屋ホールディングス,スタンダード,建設業
1844,大盛工業,スタンダード,建設業
1847,イチケン,スタンダード,建設業
1848,富士ピー・エス,スタンダード,建設業
1850,南海辰村建設,スタンダード,建設業
1852,淺沼組,プライム,建設業
1853,森組,スタンダード,建設業
1860,戸田建設,プライム,建設業
1861,熊谷組,プライム,建設業
1866,北野建設,スタンダード,建設業
1867,植木組,スタンダード,建設業
1870,矢作建設工業,プライム,建設業
1871,ピーエス・コンストラクション,プライム,建設業
1873,日本ハウスホールディングス,プライム,建設業
1878,大東建託,プライム,不動産業
1879,新日本建設,プライム,建設業
1882,東亜道路工業,プライム,建設業
1885,東亜建設工業,プライム,建設業
1887,日本国土開発,プライム,建設業
1888,若築建設,プライム,建設業
1893,五洋建設,プライム,建設業
1897,金下建設,スタンダード,建設業
1898,世紀東急工業,プライム,建設業
1899,福田組,プライム,建設業
1904,大成温調,スタンダード,建設業
1905,テノックス,スタンダード,建設業
1909,日本ドライケミカル,スタンダード,機械
1911,住友林業,プライム,建設業
1914,日本基礎技術,スタンダード,建設業
1921,巴コーポレーション,スタンダード,建設業
1925,大和ハウス工業,プライム,建設業
1926,ライト工業,プライム,建設業
1928,積水ハウス,プライム,建設業
1929,日特建設,プライム,建設業
1930,北陸電気工事,プライム,建設業
1934,ユアテック,プライム,建設業
1938,日本リーテック,プライム,建設業
1939,四電工,プライム,建設業
1941,中電工,プライム,建設業
1942,関電工,プライム,建設業
1944,きんでん,プライム,建設業
1945,東京エネシス,プライム,建設業
1946,トーエネック,プライム,建設業
1948,弘電社,スタンダード,建設業
1950,日本電設工業,プライム,建設業
1951,エクシオグループ,プライム,建設業
1952,新日本空調,プライム,建設業
1959,クラフティア,プライム,建設業
1960,サンテック,スタンダード,建設業
1961,三機工業,プライム,建設業
1963,日揮ホールディングス,プライム,建設業
1964,中外炉工業,プライム,建設業
1965,テクノ菱和,スタンダード,建設業
1966,高田工業所,スタンダード,建設業
1967,ヤマト,スタンダード,建設業
1968,太平電業,プライム,建設業
1969,高砂熱学工業,プライム,建設業
1972,三晃金属工業,スタンダード,建設業
1975,朝日工業社,プライム,建設業
1976,明星工業,プライム,建設業
1979,大氣社,プライム,建設業
1980,ダイダン,プライム,建設業
1981,協和日成,スタンダード,建設業
1982,日比谷総合設備,プライム,建設業
1992,神田通信機,スタンダード,建設業
1994,高橋カーテンウォール工業,スタンダード,建設業
1997,暁飯島工業,スタンダード,建設業
2001,ニップン,プライム,食料品
2002,日清製粉グループ本社,プライム,食料品
2003,日東富士製粉,スタンダード,食料品
2004,昭和産業,プライム,食料品
2009,鳥越製粉,スタンダード,食料品
2053,中部飼料,プライム,食料品
2055,日和産業,スタンダード,食料品
2060,フィード・ワン,プライム,食料品
2108,日本甜菜製糖,プライム,食料品
2109,ＤＭ三井製糖,プライム,食料品
2112,塩水港精糖,スタンダード,食料品
2114,フジ日本,スタンダード,食料品
2117,ウェルネオシュガー,プライム,食料品
2120,ＬＩＦＵＬＬ,プライム,サービス業
2121,ＭＩＸＩ,プライム,情報・通信業
2122,インタースペース,スタンダード,サービス業
2124,ジェイエイシーリクルートメント,プライム,サービス業
2127,日本Ｍ＆Ａセンターホールディングス,プライム,サービス業
2130,メンバーズ,プライム,サービス業
2134,北浜キャピタルパートナーズ,スタンダード,サービス業
2136,ヒップ,スタンダード,サービス業
2138,クルーズ,スタンダード,情報・通信業
2139,中広,スタンダード,サービス業
2146,ＵＴグループ,プライム,サービス業
2148,アイティメディア,プライム,サービス業
2152,幼児活動研究会,スタンダード,サービス業
2153,Ｅ・Ｊホールディングス,プライム,サービス業
2154,オープンアップグループ,プライム,サービス業
2156,セーラー広告,スタンダード,サービス業
2157,コシダカホールディングス,プライム,サービス業
2158,ＦＲＯＮＴＥＯ,グロース,サービス業
2160,ジーエヌアイグループ,グロース,医薬品
2162,ｎｍｓ　ホールディングス,スタンダード,サービス業
2163,アルトナー,プライム,サービス業
2164,地域新聞社,スタンダード,サービス業
2168,パソナグループ,プライム,サービス業
2169,ＣＤＳ,スタンダード,サービス業
2170,リンクアンドモチベーション,プライム,サービス業
2173,博展,グロース,サービス業
2175,エス・エム・エス,プライム,サービス業
2179,成学社,スタンダード,サービス業
2180,サニーサイドアップグループ,スタンダード,サービス業
2181,パーソルホールディングス,プライム,サービス業
2183,リニカル,スタンダード,サービス業
2185,シイエム・シイ,スタンダード,サービス業
2186,ソーバル,スタンダード,サービス業
2193,クックパッド,スタンダード,サービス業
2195,アミタホールディングス,グロース,サービス業
2198,アイ・ケイ・ケイホールディングス,プライム,サービス業
2201,森永製菓,プライム,食料品
2204,中村屋,スタンダード,食料品
2206,江崎グリコ,プライム,食料品
2207,ｍｅｉｔｏ,プライム,食料品
2208,ブルボン,スタンダード,食料品
2209,井村屋グループ,プライム,食料品
2211,不二家,プライム,食料品
2212,山崎製パン,プライム,食料品
2215,第一屋製パン,スタンダード,食料品
2216,カンロ,スタンダード,食料品
2217,モロゾフ,プライム,食料品
2220,亀田製菓,プライム,食料品
2221,岩塚製菓,スタンダード,食料品
2222,寿スピリッツ,プライム,食料品
2224,コモ,スタンダード,食料品
2226,湖池屋,スタンダード,食料品
2229,カルビー,プライム,食料品
2264,森永乳業,プライム,食料品
2266,六甲バター,プライム,食料品
2267,ヤクルト本社,プライム,食料品
2268,Ｂ－Ｒ　サーティワン　アイスクリーム,スタンダード,食料品
2269,明治ホールディングス,プライム,食料品
2270,雪印メグミルク,プライム,食料品
2281,プリマハム,プライム,食料品
2282,日本ハム,プライム,食料品
2286,林兼産業,スタンダード,食料品
2288,丸大食品,プライム,食料品
2291,福留ハム,スタンダード,食料品
2292,Ｓ　Ｆｏｏｄｓ,プライム,食料品
2293,滝沢ハム,スタンダード,食料品
2294,柿安本店,プライム,食料品
2296,伊藤ハム米久ホールディングス,プライム,食料品
2300,きょくとう,スタンダード,サービス業
2301,学情,プライム,サービス業
2303,ドーン,スタンダード,情報・通信業
2304,ＣＳＳホールディングス,スタンダード,サービス業
2305,スタジオアリス,スタンダード,サービス業
2307,クロスキャット,プライム,情報・通信業
2311,エプコ,スタンダード,サービス業
2315,ＣＡＩＣＡ　ＤＩＧＩＴＡＬ,スタンダード,情報・通信業
2317,システナ,プライム,情報・通信業
2321,ソフトフロントホールディングス,グロース,情報・通信業
2323,ｆｏｎｆｕｎ,スタンダード,情報・通信業
2325,ＮＪＳ,プライム,サービス業
2326,デジタルアーツ,プライム,情報・通信業
2327,日鉄ソリューションズ,プライム,情報・通信業
2329,東北新社,スタンダード,情報・通信業
2330,フォーサイド,スタンダード,情報・通信業
2331,ＡＬＳＯＫ,プライム,サービス業
2332,クエスト,スタンダード,情報・通信業
2334,イオレ,グロース,サービス業
2335,キューブシステム,プライム,情報・通信業
2337,いちご,プライム,不動産業
2338,クオンタムソリューションズ,スタンダード,情報・通信業
2340,極楽湯ホールディングス,スタンダード,サービス業
2341,アルバイトタイムス,スタンダード,サービス業
2342,トランスジェニックグループ,スタンダード,サービス業
2345,ＨＯＤＬ１,スタンダード,情報・通信業
2349,エヌアイデイ,スタンダード,情報・通信業
2351,ＡＳＪ,スタンダード,情報・通信業
2353,日本駐車場開発,プライム,不動産業
2354,ＹＥ　ＤＩＧＩＴＡＬ,スタンダード,情報・通信業
2359,コア,プライム,情報・通信業
2370,メディネット,グロース,サービス業
2371,カカクコム,プライム,サービス業
2373,ケア２１,スタンダード,サービス業
2375,ギグワークス,スタンダード,サービス業
2376,サイネックス,スタンダード,サービス業
2378,ルネサンス,プライム,サービス業
2379,ディップ,プライム,サービス業
2384,ＳＢＳホールディングス,プライム,陸運業
2385,総医研ホールディングス,グロース,サービス業
2388,ウェッジホールディングス,グロース,その他金融業
2391,プラネット,スタンダード,サービス業
2393,日本ケアサプライ,スタンダード,サービス業
2395,新日本科学,プライム,サービス業
2404,鉄人化ホールディングス,スタンダード,サービス業
2408,ＫＧ情報,スタンダード,サービス業
2410,キャリアデザインセンター,プライム,サービス業
2411,ゲンダイエージェンシー,スタンダード,情報・通信業
2413,エムスリー,プライム,サービス業
2415,ヒューマンホールディングス,スタンダード,サービス業
2418,ツカダ・グローバルホールディング,スタンダード,サービス業
2424,ブラス,スタンダード,サービス業
2425,ケアサービス,スタンダード,サービス業
2428,ウェルネット,スタンダード,サービス業
2429,ワールドホールディングス,プライム,サービス業
2432,ディー・エヌ・エー,プライム,情報・通信業
2433,博報堂ＤＹホールディングス,プライム,サービス業
2435,シダー,スタンダード,サービス業
2436,共同ピーアール,スタンダード,サービス業
2437,Ｓｈｉｎｗａ　Ｗｉｓｅ　Ｈｏｌｄｉｎｇｓ,スタンダード,サービス業
2438,アスカネット,グロース,サービス業
2440,ぐるなび,スタンダード,サービス業
2445,タカミヤ,スタンダード,サービス業
2449,プラップジャパン,スタンダード,サービス業
2454,オールアバウト,スタンダード,サービス業
2459,アウンコンサルティング,スタンダード,サービス業
2461,ファンコミュニケーションズ,プライム,サービス業
2462,ライク,プライム,サービス業
2464,Ａｏｂａ‐ＢＢＴ,スタンダード,サービス業
2469,ヒビノ,スタンダード,サービス業
2471,エスプール,プライム,サービス業
2475,ＷＤＢホールディングス,プライム,サービス業
2477,手間いらず,スタンダード,情報・通信業
2479,ジェイテック,スタンダード,サービス業
2480,システム・ロケーション,スタンダード,情報・通信業
2481,タウンニュース社,スタンダード,サービス業
2483,翻訳センター,スタンダード,サービス業
2484,出前館,スタンダード,情報・通信業
2485,ティア,スタンダード,サービス業
2488,ＪＴＰ,スタンダード,サービス業
2489,アドウェイズ,スタンダード,サービス業
2491,バリューコマース,プライム,サービス業
2492,インフォマート,プライム,サービス業
2493,イーサポートリンク,スタンダード,サービス業
2497,ユナイテッド,グロース,サービス業
2498,オリエンタルコンサルタンツホールディングス,スタンダード,サービス業
2499,日本和装ホールディングス,スタンダード,サービス業
2501,サッポロビール,プライム,食料品
2502,アサヒグループホールディングス,プライム,食料品
2503,キリンホールディングス,プライム,食料品
2531,宝ホールディングス,プライム,食料品
2533,オエノンホールディングス,プライム,食料品
2573,北海道コカ・コーラボトリング,スタンダード,食料品
2579,コカ・コーラ　ボトラーズジャパンホールディングス,プライム,食料品
2585,ライフドリンク　カンパニー,プライム,食料品
2586,フルッタフルッタ,グロース,食料品
2587,サントリービバレッジ＆フード,プライム,食料品
2588,プレミアムウォーターホールディングス,スタンダード,食料品
2590,ダイドーグループホールディングス,プライム,食料品
2593,伊藤園,プライム,食料品
2594,キーコーヒー,プライム,食料品
2597,ユニカフェ,スタンダード,食料品
2602,日清オイリオグループ,プライム,食料品
2607,不二製油,プライム,食料品
2612,かどや製油,スタンダード,食料品
2613,Ｊ－オイルミルズ,プライム,食料品
2652,まんだらけ,スタンダード,小売業
2653,イオン九州,スタンダード,小売業
2654,アスモ,スタンダード,小売業
2656,ベクターホールディングス,スタンダード,小売業
2659,サンエー,プライム,小売業
2664,カワチ薬品,プライム,小売業
2666,オートウェーブ,スタンダード,小売業
2667,イメージ　ワン,スタンダード,卸売業
2668,タビオ,スタンダード,卸売業
2669,カネ美食品,スタンダード,小売業
2670,エービーシー・マート,プライム,小売業
2673,夢みつけ隊,スタンダード,小売業
2674,ハードオフコーポレーション,プライム,小売業
2676,高千穂交易,プライム,卸売業
2678,アスクル,プライム,小売業
2681,ゲオホールディングス,プライム,小売業
2683,魚喜,スタンダード,小売業
2685,アンドエスティＨＤ,プライム,小売業
2687,シー・ヴイ・エス・ベイエリア,スタンダード,サービス業
2689,オルバヘルスケアホールディングス,スタンダード,卸売業
2693,ＹＫＴ,スタンダード,卸売業
2694,焼肉坂井ホールディングス,スタンダード,小売業
2695,くら寿司,プライム,小売業
2698,キャンドゥ,スタンダード,小売業
2700,木徳神糧,スタンダード,卸売業
2702,日本マクドナルドホールディングス,スタンダード,小売業
2705,大戸屋ホールディングス,スタンダード,小売業
2708,久世,スタンダード,卸売業
2721,ジェイホールディングス,スタンダード,卸売業
2722,ＩＫホールディングス,スタンダード,小売業
2726,パルグループホールディングス,プライム,小売業
2730,エディオン,プライム,小売業
2733,あらた,プライム,卸売業
2734,サーラコーポレーション,プライム,小売業
2735,ワッツ,スタンダード,小売業
2736,フェスタリアホールディングス,スタンダード,小売業
2737,トーメンデバイス,プライム,卸売業
2742,ハローズ,プライム,小売業
2747,北雄ラッキー,スタンダード,小売業
2749,ＪＰホールディングス,プライム,サービス業
2750,石光商事,スタンダード,卸売業
2751,テンポスホールディングス,スタンダード,卸売業
2752,フジオフードグループ本社,プライム,小売業
2753,あみやき亭,プライム,小売業
2760,東京エレクトロン　デバイス,プライム,卸売業
2762,ＳＡＮＫＯ　ＭＡＲＫＥＴＩＮＧ　ＦＯＯＤＳ,スタンダード,小売業
2764,ひらまつ,スタンダード,小売業
2767,円谷フィールズホールディングス,プライム,卸売業
2768,双日,プライム,卸売業
2769,ヴィレッジヴァンガードコーポレーション,スタンダード,小売業
2776,新都ホールディングス,スタンダード,卸売業
2778,パレモ・ホールディングス,スタンダード,小売業
2780,コメ兵ホールディングス,スタンダード,小売業
2782,セリア,スタンダード,小売業
2784,アルフレッサ　ホールディングス,プライム,卸売業
2788,アップルインターナショナル,スタンダード,卸売業
2789,カルラ,スタンダード,小売業
2790,ナフコ,スタンダード,小売業
2791,大黒天物産,プライム,小売業
2792,ハニーズホールディングス,プライム,小売業
2795,日本プリメックス,スタンダード,卸売業
2796,ファーマライズホールディングス,スタンダード,小売業
2798,ワイズテーブルコーポレーション,スタンダード,小売業
2801,キッコーマン,プライム,食料品
2802,味の素,プライム,食料品
2804,ブルドックソース,プライム,食料品
2805,ヱスビー食品,スタンダード,食料品
2806,ユタカフーズ,スタンダード,食料品
2809,キユーピー,プライム,食料品
2810,ハウス食品グループ本社,プライム,食料品
2811,カゴメ,プライム,食料品
2813,和弘食品,スタンダード,食料品
2814,佐藤食品工業,スタンダード,食料品
2815,アリアケジャパン,プライム,食料品
2816,ダイショー,スタンダード,食料品
2818,ピエトロ,スタンダード,食料品
2819,エバラ食品工業,スタンダード,食料品
2820,やまみ,スタンダード,食料品
2831,はごろもフーズ,スタンダード,食料品
2871,ニチレイ,プライム,食料品
2872,セイヒョー,スタンダード,食料品
2874,横浜冷凍,プライム,卸売業
2875,東洋水産,プライム,食料品
2876,デルソーレ,スタンダード,食料品
2877,日東ベスト,スタンダード,食料品
2882,イートアンドホールディングス,プライム,食料品
2883,大冷,スタンダード,食料品
2884,ヨシムラ・フード・ホールディングス,プライム,食料品
2892,日本食品化工,スタンダード,食料品
2894,石井食品,スタンダード,食料品
2897,日清食品ホールディングス,プライム,食料品
2901,ウェルディッシュ,スタンダード,食料品
2903,シノブフーズ,スタンダード,食料品
2904,一正蒲鉾,スタンダード,食料品
2907,あじかん,スタンダード,食料品
2908,フジッコ,プライム,食料品
2910,ロック・フィールド,プライム,食料品
2911,旭松食品,スタンダード,食料品
2914,日本たばこ産業,プライム,食料品
2915,ケンコーマヨネーズ,プライム,食料品
2916,仙波糖化工業,スタンダード,食料品
2917,大森屋,スタンダード,食料品
2918,わらべや日洋ホールディングス,プライム,食料品
2922,なとり,プライム,食料品
2923,サトウ食品,スタンダード,食料品
2924,イフジ産業,スタンダード,食料品
2926,篠崎屋,スタンダード,食料品
2927,ＡＦＣ－ＨＤアムスライフサイエンス,スタンダード,食料品
2929,ファーマフーズ,プライム,食料品
2930,北の達人コーポレーション,プライム,化学
2931,ユーグレナ,プライム,食料品
2932,ＳＴＩフードホールディングス,スタンダード,食料品
2933,紀文食品,プライム,食料品
2934,ジェイフロンティア,グロース,食料品
2935,ピックルスホールディングス,プライム,食料品
2936,ベースフード,グロース,食料品
2937,サンクゼール,グロース,食料品
2938,オカムラ食品工業,スタンダード,食料品
2961,日本調理機,スタンダード,金属製品
2962,テクニスコ,スタンダード,金属製品
2970,ＧＬＣ　ＧＲＯＵＰ,スタンダード,不動産業
2975,スター・マイカ・ホールディングス,プライム,不動産業
2978,ツクルバ,グロース,不動産業
2980,ＳＲＥホールディングス,プライム,不動産業
2981,ランディックス,グロース,不動産業
2982,ＡＤワークスグループ,プライム,不動産業
2983,アールプランナー,グロース,不動産業
2984,ヤマイチエステート,スタンダード,不動産業
2986,ＬＡホールディングス,グロース,不動産業
2991,ランドネット,スタンダード,不動産業
2993,長栄,スタンダード,不動産業
2997,ストレージ王,グロース,不動産業
2998,クリアル,グロース,不動産業
2999,ホームポジション,スタンダード,不動産業
3001,片倉工業,スタンダード,繊維製品
3002,グンゼ,プライム,繊維製品
3003,ヒューリック,プライム,不動産業
3004,神栄,スタンダード,卸売業
3010,ポラリス・ホールディングス,スタンダード,サービス業
3011,バナーズ,スタンダード,小売業
3020,アプライド,スタンダード,小売業
3021,パシフィックネット,スタンダード,サービス業
3023,ラサ商事,スタンダード,卸売業
3024,クリエイト,スタンダード,卸売業
3028,アルペン,プライム,小売業
3030,ハブ,スタンダード,小売業
3031,ラクーンホールディングス,プライム,情報・通信業
3034,クオールホールディングス,プライム,小売業
3035,ケイティケイ,スタンダード,卸売業
3036,アルコニックス,プライム,卸売業
3038,神戸物産,プライム,卸売業
3040,ソリトンシステムズ,プライム,情報・通信業
3041,ビューティカダンホールディングス,スタンダード,卸売業
3042,セキュアヴェイル,スタンダード,情報・通信業
3045,カワサキ,スタンダード,卸売業
3046,ジンズホールディングス,プライム,小売業
3048,ビックカメラ,プライム,小売業
3050,ＤＣＭホールディングス,プライム,小売業
3053,ペッパーフードサービス,スタンダード,小売業
3054,ハイパー,スタンダード,卸売業
3058,三洋堂ホールディングス,スタンダード,小売業
3059,ヒラキ,スタンダード,小売業
3063,ジェイグループホールディングス,グロース,小売業
3064,ＭｏｎｏｔａＲＯ,プライム,小売業
3065,ライフフーズ,スタンダード,小売業
3067,東京一番フーズ,スタンダード,小売業
3068,ＷＤＩ,スタンダード,小売業
3069,ＪＦＬＡホールディングス,スタンダード,食料品
3070,ジェリービーンズグループ,グロース,卸売業
3071,ストリーム,スタンダード,小売業
3075,銚子丸,スタンダード,小売業
3076,あい　ホールディングス,プライム,卸売業
3077,ホリイフードサービス,スタンダード,小売業
3079,ディーブイエックス,スタンダード,卸売業
3080,ジェーソン,スタンダード,小売業
3082,きちりホールディングス,スタンダード,小売業
3083,スターシーズ,スタンダード,小売業
3086,Ｊ．フロント　リテイリング,プライム,小売業
3087,ドトール・日レスホールディングス,プライム,小売業
3088,マツキヨココカラ＆カンパニー,プライム,小売業
3089,テクノアルファ,スタンダード,卸売業
3091,ブロンコビリー,プライム,小売業
3092,ＺＯＺＯ,プライム,小売業
3093,トレジャー・ファクトリー,プライム,小売業
3096,オーシャンシステム,スタンダード,小売業
3097,物語コーポレーション,プライム,小売業
3099,三越伊勢丹ホールディングス,プライム,小売業
3101,東洋紡,プライム,化学
3103,ユニチカ,スタンダード,繊維製品
3104,富士紡ホールディングス,プライム,繊維製品
3105,日清紡ホールディングス,プライム,電気機器
3106,倉敷紡績,プライム,繊維製品
3107,ダイワボウホールディングス,プライム,卸売業
3109,シキボウ,プライム,繊維製品
3110,日東紡績,プライム,ガラス・土石製品
3111,オーミケンシ,スタンダード,繊維製品
3113,ＵＮＩＶＡ・Ｏａｋホールディングス,スタンダード,証券、商品先物取引業
3116,トヨタ紡織,プライム,輸送用機器
3121,マーチャント・バンカーズ,スタンダード,サービス業
3123,サイボー,スタンダード,繊維製品
3131,シンデン・ハイテックス,スタンダード,卸売業
3132,マクニカホールディングス,プライム,卸売業
3133,海帆,グロース,小売業
3134,Ｈａｍｅｅ,スタンダード,小売業
3135,マーケットエンタープライズ,スタンダード,小売業
3137,ファンデリー,スタンダード,小売業
3138,富士山マガジンサービス,スタンダード,小売業
3139,ラクト・ジャパン,プライム,卸売業
3140,ＢＲＵＮＯ,グロース,卸売業
3143,オーウイル,スタンダード,卸売業
3148,クリエイトＳＤホールディングス,プライム,小売業
3150,グリムス,プライム,電気・ガス業
3151,バイタルケーエスケー・ホールディングス,プライム,卸売業
3153,八洲電機,プライム,卸売業
3154,メディアスホールディングス,プライム,卸売業
3156,レスター,プライム,卸売業
3157,ジオリーブグループ,スタンダード,卸売業
3159,丸善ＣＨＩホールディングス,スタンダード,小売業
3160,大光,スタンダード,卸売業
3161,アゼアス,スタンダード,卸売業
3166,ＯＣＨＩホールディングス,スタンダード,卸売業
3167,ＴＯＫＡＩホールディングス,プライム,卸売業
3168,ＭＥＲＦ,スタンダード,卸売業
3169,ミサワ,スタンダード,小売業
3172,ティーライフ,スタンダード,小売業
3173,Ｃｏｍｉｎｉｘ,スタンダード,卸売業
3174,ハピネス・アンド・ディ,スタンダード,小売業
3175,エー・ピーホールディングス,スタンダード,小売業
3176,三洋貿易,プライム,卸売業
3177,ありがとうサービス,スタンダード,小売業
3178,チムニー,スタンダード,小売業
3179,シュッピン,プライム,小売業
3180,ビューティガレージ,プライム,卸売業
3181,買取王国,スタンダード,小売業
3182,オイシックス,プライム,小売業
3183,ウイン・パートナーズ,プライム,卸売業
3184,ＩＣＤＡホールディングス,スタンダード,小売業
3185,夢展望,グロース,小売業
3186,ネクステージ,プライム,小売業
3187,ミラタップ,グロース,小売業
3189,ＡＮＡＰホールディングス,スタンダード,小売業
3190,ホットマン,スタンダード,小売業
3191,ジョイフル本田,プライム,小売業
3192,白鳩,スタンダード,小売業
3193,エターナルホスピタリティグループ,プライム,小売業
3195,ジェネレーションパス,スタンダード,小売業
3196,ホットランドホールディングス,プライム,小売業
3197,すかいらーくホールディングス,プライム,小売業
3199,綿半ホールディングス,プライム,小売業
3201,日本毛織,プライム,繊維製品
3202,ダイトウボウ,スタンダード,繊維製品
3204,トーア紡コーポレーション,スタンダード,繊維製品
3205,ダイドーリミテッド,スタンダード,繊維製品
3221,ヨシックスホールディングス,プライム,小売業
3222,ユナイテッド・スーパーマーケット・ホールディングス,スタンダード,小売業
3223,エスエルディー,スタンダード,小売業
3224,ゼネラル・オイスター,グロース,小売業
3231,野村不動産ホールディングス,プライム,不動産業
3232,三重交通グループホールディングス,プライム,不動産業
3236,プロパスト,スタンダード,不動産業
3237,イントランス,グロース,不動産業
3238,セントラル総合開発,スタンダード,不動産業
3241,ウィル,スタンダード,不動産業
3242,アーバネットコーポレーション,スタンダード,不動産業
3245,ディア・ライフ,プライム,不動産業
3246,コーセーアールイー,スタンダード,不動産業
3248,アールエイジ,スタンダード,不動産業
3252,地主,プライム,不動産業
3261,グランディーズ,グロース,不動産業
3266,ファンドクリエーショングループ,スタンダード,不動産業
3267,フィル・カンパニー,スタンダード,建設業
3276,ＪＰＭＣ,プライム,不動産業
3277,サンセイランディック,スタンダード,不動産業
3280,エストラスト,スタンダード,不動産業
3284,フージャースホールディングス,プライム,不動産業
3286,トラストホールディングス,スタンダード,不動産業
3288,オープンハウスグループ,プライム,不動産業
3289,東急不動産ホールディングス,プライム,不動産業
3291,飯田グループホールディングス,プライム,不動産業
3293,アズマハウス,スタンダード,不動産業
3297,東武住販,スタンダード,不動産業
3299,ムゲンエステート,スタンダード,不動産業
3300,アンビション　ＤＸ　ホールディングス,グロース,不動産業
3302,帝国繊維,プライム,繊維製品
3306,日本製麻,スタンダード,卸売業
3315,日本コークス工業,プライム,石油・石炭製品
3317,フライングガーデン,スタンダード,小売業
3320,クロスプラス,スタンダード,卸売業
3321,ミタチ産業,スタンダード,卸売業
3323,レカム,スタンダード,卸売業
3326,ランシステム,スタンダード,サービス業
3329,東和フードサービス,スタンダード,小売業
3333,あさひ,プライム,小売業
3349,コスモス薬品,プライム,小売業
3350,メタプラネット,スタンダード,卸売業
3352,バッファロー,スタンダード,小売業
3353,メディカル一光グループ,スタンダード,小売業
3355,クリヤマホールディングス,スタンダード,卸売業
3358,Ｔｒａｉｌｈｅａｄ　Ｇｌｏｂａｌ　Ｈｏｌｄｉｎｇｓ,スタンダード,小売業
3359,ｃｏｔｔａ,グロース,卸売業
3360,シップヘルスケアホールディングス,プライム,卸売業
3361,トーエル,スタンダード,小売業
3370,フジタコーポレーション,スタンダード,小売業
3371,ソフトクリエイトホールディングス,プライム,情報・通信業
3372,関門海,スタンダード,小売業
3374,内外テック,スタンダード,卸売業
3375,ＺＯＡ,スタンダード,小売業
3377,バイク王＆カンパニー,スタンダード,卸売業
3382,セブン＆アイ・ホールディングス,プライム,小売業
3386,コスモ・バイオ,スタンダード,卸売業
3387,クリエイト・レストランツ・ホールディングス,プライム,小売業
3388,明治電機工業,プライム,卸売業
3391,ツルハホールディングス,プライム,小売業
3392,デリカフーズホールディングス,スタンダード,卸売業
3393,スターティアホールディングス,プライム,卸売業
3395,サンマルクホールディングス,プライム,小売業
3396,フェリシモ,スタンダード,小売業
3397,トリドールホールディングス,プライム,小売業
3399,丸千代山岡家,スタンダード,小売業
3401,帝人,プライム,繊維製品
3402,東レ,プライム,繊維製品
3405,クラレ,プライム,化学
3407,旭化成,プライム,化学
3409,北紡,スタンダード,繊維製品
3415,ＴＯＫＹＯ　ＢＡＳＥ,プライム,小売業
3416,ピクスタ,スタンダード,小売業
3417,大木ヘルスケアホールディングス,スタンダード,卸売業
3418,バルニバービ,グロース,小売業
3420,ケー・エフ・シー,スタンダード,金属製品
3421,稲葉製作所,スタンダード,金属製品
3422,Ｊ－ＭＡＸ,スタンダード,金属製品
3423,エスイー,スタンダード,金属製品
3426,アトムリビンテック,スタンダード,金属製品
3431,宮地エンジニアリンググループ,プライム,金属製品
3433,トーカロ,プライム,金属製品
3434,アルファＣｏ,スタンダード,金属製品
3435,サンコーテクノ,スタンダード,金属製品
3436,ＳＵＭＣＯ,プライム,金属製品
3437,特殊電極,スタンダード,金属製品
3439,三ツ知,スタンダード,金属製品
3440,日創グループ,スタンダード,金属製品
3441,山王,スタンダード,金属製品
3443,川田テクノロジーズ,プライム,金属製品
3444,菊池製作所,スタンダード,金属製品
3445,ＲＳ　Ｔｅｃｈｎｏｌｏｇｉｅｓ,プライム,金属製品
3446,ジェイテックコーポレーション,スタンダード,金属製品
3447,信和,スタンダード,金属製品
3449,テクノフレックス,スタンダード,金属製品
3452,ビーロット,スタンダード,不動産業
3454,ファーストブラザーズ,スタンダード,不動産業
3457,Ａｎｄ　Ｄｏホールディングス,プライム,不動産業
3461,パルマ,スタンダード,不動産業
3465,ケイアイスター不動産,プライム,不動産業
3467,アグレ都市デザイン,スタンダード,不動産業
3469,デュアルタップ,スタンダード,不動産業
3474,Ｇ－ＦＡＣＴＯＲＹ,グロース,不動産業
3475,グッドコムアセット,プライム,不動産業
3477,フォーライフ,グロース,不動産業
3479,ＴＫＰ,グロース,不動産業
3480,ジェイ・エス・ビー,プライム,不動産業
3482,ロードスターキャピタル,プライム,不動産業
3484,イノベーションホールディングス,スタンダード,不動産業
3486,グローバル・リンク・マネジメント,プライム,不動産業
3489,フェイスネットワーク,スタンダード,不動産業
3490,アズ企画設計,スタンダード,不動産業
3491,ＧＡ　ｔｅｃｈｎｏｌｏｇｉｅｓ,グロース,不動産業
3494,マリオン,スタンダード,不動産業
3495,香陵住販,スタンダード,不動産業
3496,アズーム,プライム,不動産業
3498,霞ヶ関キャピタル,プライム,不動産業
3501,ＳＵＭＩＮＯＥ,プライム,繊維製品
3512,日本フエルト,スタンダード,繊維製品
3513,イチカワ,スタンダード,繊維製品
3521,テルマー湯ホールディングス,スタンダード,サービス業
3524,日東製網,スタンダード,繊維製品
3529,アツギ,スタンダード,繊維製品
3536,アクサスホールディングス,スタンダード,小売業
3537,昭栄薬品,スタンダード,卸売業
3538,ウイルプラスホールディングス,スタンダード,小売業
3539,ＪＭホールディングス,プライム,小売業
3542,ベガコーポレーション,グロース,小売業
3543,コメダホールディングス,プライム,卸売業
3544,サツドラホールディングス,スタンダード,小売業
3547,ユニシアホールディングス,スタンダード,小売業
3548,バロックジャパンリミテッド,プライム,小売業
3549,クスリのアオキホールディングス,スタンダード,小売業
3550,スタジオアタオ,グロース,小売業
3551,ダイニック,スタンダード,繊維製品
3553,共和レザー,スタンダード,化学
3556,リネットジャパングループ,グロース,小売業
3557,ユナイテッド＆コレクティブ,グロース,小売業
3558,ジェイドグループ,グロース,小売業
3559,ピーバンドットコム,スタンダード,卸売業
3560,ほぼ日,スタンダード,小売業
3561,力の源ホールディングス,プライム,小売業
3562,Ｎｏ．１,スタンダード,卸売業
3563,ＦＯＯＤ　＆　ＬＩＦＥ　ＣＯＭＰＡＮＩＥＳ,プライム,小売業
3565,アセンテック,スタンダード,卸売業
3566,ユニフォームネクスト,グロース,小売業
3569,セーレン,プライム,繊維製品
3571,ソトー,スタンダード,繊維製品
3577,東海染工,スタンダード,繊維製品
3580,小松マテーレ,プライム,繊維製品
3583,オーベクス,スタンダード,繊維製品
3591,ワコールホールディングス,プライム,繊維製品
3597,自重堂,スタンダード,繊維製品
3598,山喜,スタンダード,繊維製品
3600,フジックス,スタンダード,繊維製品
3607,クラウディアホールディングス,スタンダード,繊維製品
3608,ＴＳＩホールディングス,プライム,繊維製品
3611,マツオカコーポレーション,スタンダード,繊維製品
3612,ワールド,プライム,繊維製品
3622,ネットイヤーグループ,スタンダード,情報・通信業
3623,ビリングシステム,グロース,情報・通信業
3624,アクセルマーク,グロース,情報・通信業
3625,テックファームホールディングス,グロース,情報・通信業
3626,ＴＩＳＩ,プライム,情報・通信業
3627,テクミラホールディングス,スタンダード,情報・通信業
3628,データホライゾン,グロース,情報・通信業
3632,グリーホールディングス,プライム,情報・通信業
3633,ＧＭＯペパボ,スタンダード,情報・通信業
3634,ソケッツ,スタンダード,情報・通信業
3635,コーエーテクモホールディングス,プライム,情報・通信業
3636,三菱総合研究所,プライム,情報・通信業
3639,ボルテージ,スタンダード,情報・通信業
3640,電算,スタンダード,情報・通信業
3641,パピレス,スタンダード,情報・通信業
3645,メディカルネット,グロース,情報・通信業
3646,駅探,スタンダード,情報・通信業
3647,アスリナ,スタンダード,情報・通信業
3648,ＡＧＳ,スタンダード,情報・通信業
3649,ファインデックス,プライム,情報・通信業
3652,ディジタルメディアプロフェッショナル,グロース,情報・通信業
3653,モルフォ,グロース,情報・通信業
3656,ＫＬａｂ,プライム,情報・通信業
3657,ポールトゥウィンホールディングス,プライム,情報・通信業
3659,ネクソン,プライム,情報・通信業
3660,アイスタイル,プライム,情報・通信業
3661,エムアップホールディングス,プライム,情報・通信業
3662,エイチームホールディングス,プライム,情報・通信業
3663,セルシス,プライム,情報・通信業
3664,ＷＩＺＥ,グロース,情報・通信業
3665,エニグモ,プライム,情報・通信業
3667,ｅｎｉｓｈ,スタンダード,情報・通信業
3668,コロプラ,プライム,情報・通信業
3670,協立情報通信,スタンダード,情報・通信業
3671,ソフトマックス,スタンダード,情報・通信業
3672,オルトプラス,スタンダード,情報・通信業
3673,ブロードリーフ,プライム,情報・通信業
3674,オークファン,グロース,情報・通信業
3675,クロス・マーケティンググループ,スタンダード,情報・通信業
3676,デジタルハーツホールディングス,プライム,情報・通信業
3678,メディアドゥ,プライム,情報・通信業
3679,じげん,プライム,情報・通信業
3680,ホットリンク,グロース,情報・通信業
3682,エンカレッジ・テクノロジ,スタンダード,情報・通信業
3683,サイバーリンクス,スタンダード,情報・通信業
3686,ディー・エル・イー,スタンダード,情報・通信業
3687,フィックスターズ,プライム,情報・通信業
3690,イルグルム,スタンダード,情報・通信業
3691,デジタルプラス,グロース,情報・通信業
3692,ＦＦＲＩセキュリティ,グロース,情報・通信業
3694,オプティム,プライム,情報・通信業
3695,ＧＭＯプロダクトプラットフォーム,グロース,情報・通信業
3696,セレス,プライム,情報・通信業
3697,ＳＨＩＦＴ,プライム,情報・通信業
3698,ＣＲＩ・ミドルウェア,スタンダード,情報・通信業
3708,特種東海製紙,プライム,パルプ・紙
3710,ジョルダン,スタンダード,情報・通信業
3712,情報企画,スタンダード,情報・通信業
3719,ＡＩストーム,スタンダード,情報・通信業
3723,日本ファルコム,グロース,情報・通信業
3726,フォーシーズＨＤ,スタンダード,小売業
3727,アプリックス,グロース,情報・通信業
3733,ソフトウェア・サービス,スタンダード,情報・通信業
3741,セック,プライム,情報・通信業
3744,サイオス,スタンダード,情報・通信業
3747,インタートレード,スタンダード,情報・通信業
3750,ＡＤＲバイオメディカルホールディングス,スタンダード,情報・通信業
3753,フライトソリューションズ,スタンダード,情報・通信業
3758,アエリア,スタンダード,情報・通信業
3760,ケイブ,スタンダード,情報・通信業
3762,テクマトリックス,プライム,情報・通信業
3763,プロシップ,プライム,情報・通信業
3765,ガンホー・オンライン・エンターテイメント,プライム,情報・通信業
3766,システムズ・デザイン,スタンダード,情報・通信業
3768,リスクモンスター,スタンダード,情報・通信業
3769,ＧＭＯペイメントゲートウェイ,プライム,情報・通信業
3771,システムリサーチ,プライム,情報・通信業
3772,ウェルス・マネジメント,スタンダード,不動産業
3773,アドバンスト・メディア,グロース,情報・通信業
3774,インターネットイニシアティブ,プライム,情報・通信業
3776,ブロードバンドタワー,スタンダード,情報・通信業
3777,環境フレンドリーホールディングス,グロース,情報・通信業
3778,さくらインターネット,プライム,情報・通信業
3779,ジェイ・エスコムホールディングス,スタンダード,情報・通信業
3787,テクノマセマティカル,スタンダード,情報・通信業
3788,ＧＭＯグローバルサイン・ホールディングス,プライム,情報・通信業
3791,ＩＧポート,スタンダード,情報・通信業
3793,ドリコム,グロース,情報・通信業
3796,いい生活,スタンダード,情報・通信業
3798,ＵＬＳグループ,スタンダード,情報・通信業
3799,キーウェアソリューションズ,スタンダード,情報・通信業
3800,ユニリタ,スタンダード,情報・通信業
3802,エコミック,スタンダード,情報・通信業
3803,イメージ情報開発,グロース,情報・通信業
3804,システム　ディ,スタンダード,情報・通信業
3807,フィスコ,グロース,情報・通信業
3810,サイバーステップホールディングス,スタンダード,情報・通信業
3815,メディア工房,グロース,情報・通信業
3816,大和コンピューター,スタンダード,情報・通信業
3817,ＳＲＡホールディングス,プライム,情報・通信業
3823,ＴＨＥ　ＷＨＹ　ＨＯＷ　ＤＯ　ＣＯＭＰＡＮＹ,スタンダード,情報・通信業
3825,リミックスポイント,スタンダード,小売業
3826,システムインテグレータ,スタンダード,情報・通信業
3834,朝日ネット,プライム,情報・通信業
3835,ｅＢＡＳＥ,プライム,情報・通信業
3836,アバントグループ,プライム,情報・通信業
3837,アドソル日進,プライム,情報・通信業
3839,ＯＤＫソリューションズ,スタンダード,情報・通信業
3840,パス,スタンダード,情報・通信業
3841,ジーダット,スタンダード,情報・通信業
3842,ネクストジェン,スタンダード,情報・通信業
3843,フリービット,プライム,情報・通信業
3844,コムチュア,プライム,情報・通信業
3845,アイフリークモバイル,スタンダード,情報・通信業
3848,データ・アプリケーション,スタンダード,情報・通信業
3850,エヌ・ティ・ティ・データ・イントラマート,スタンダード,情報・通信業
3851,日本一ソフトウェア,スタンダード,情報・通信業
3853,アステリア,プライム,情報・通信業
3854,アイル,プライム,情報・通信業
3856,Ａｂａｌａｎｃｅ,スタンダード,電気機器
3858,ユビキタスＡＩ,スタンダード,情報・通信業
3861,王子ホールディングス,プライム,パルプ・紙
3863,日本製紙,プライム,パルプ・紙
3864,三菱製紙,プライム,パルプ・紙
3865,北越コーポレーション,プライム,パルプ・紙
3877,中越パルプ工業,プライム,パルプ・紙
3878,巴川コーポレーション,スタンダード,化学
3880,大王製紙,プライム,パルプ・紙
3891,ニッポン高度紙工業,スタンダード,パルプ・紙
3892,岡山製紙,スタンダード,パルプ・紙
3895,ハビックス,スタンダード,パルプ・紙
3896,阿波製紙,スタンダード,パルプ・紙
3900,クラウドワークス,グロース,情報・通信業
3901,マークラインズ,プライム,情報・通信業
3903,ｇｕｍｉ,プライム,情報・通信業
3904,カヤック,グロース,情報・通信業
3905,データセクション,グロース,情報・通信業
3907,シリコンスタジオ,スタンダード,情報・通信業
3908,コラボス,スタンダード,情報・通信業
3909,ショーケース,スタンダード,情報・通信業
3910,エムケイシステム,スタンダード,情報・通信業
3911,Ａｉｍｉｎｇ,グロース,情報・通信業
3912,モバイルファクトリー,スタンダード,情報・通信業
3913,ＧｒｅｅｎＢｅｅ,スタンダード,情報・通信業
3914,ＪＩＧ－ＳＡＷ,グロース,情報・通信業
3915,テラスカイ,プライム,情報・通信業
3916,デジタル・インフォメーション・テクノロジー,プライム,情報・通信業
3917,アイリッジ,グロース,情報・通信業
3918,ＰＣＩホールディングス,スタンダード,情報・通信業
3920,アイビーシー,スタンダード,情報・通信業
3921,ネオジャパン,プライム,情報・通信業
3922,ＰＲ　ＴＩＭＥＳ,プライム,情報・通信業
3923,ラクス,プライム,情報・通信業
3925,ダブルスタンダード,プライム,情報・通信業
3926,オープンドア,スタンダード,情報・通信業
3927,フーバーブレイン,スタンダード,情報・通信業
3928,マイネット,スタンダード,情報・通信業
3929,ソーシャルワイヤー,グロース,情報・通信業
3930,はてな,グロース,情報・通信業
3931,バリューゴルフ,グロース,情報・通信業
3932,アカツキ,プライム,情報・通信業
3933,チエル,スタンダード,情報・通信業
3934,ベネフィットジャパン,スタンダード,情報・通信業
3935,エディア,スタンダード,情報・通信業
3936,グローバルウェイ,グロース,情報・通信業
3937,Ｕｂｉｃｏｍホールディングス,スタンダード,情報・通信業
3939,カナミックネットワーク,プライム,情報・通信業
3940,ノムラシステムコーポレーション,スタンダード,情報・通信業
3941,レンゴー,プライム,パルプ・紙
3943,大石産業,スタンダード,パルプ・紙
3944,古林紙工,スタンダード,パルプ・紙
3945,スーパーバッグ,スタンダード,パルプ・紙
3946,トーモク,プライム,パルプ・紙
3947,ダイナパック,スタンダード,パルプ・紙
3948,光ビジネスフォーム,スタンダード,パルプ・紙
3950,ザ・パック,プライム,パルプ・紙
3951,朝日印刷,スタンダード,パルプ・紙
3953,大村紙業,スタンダード,パルプ・紙
3954,昭和パックス,スタンダード,パルプ・紙
3955,イムラ,スタンダード,パルプ・紙
3958,笹徳印刷,スタンダード,パルプ・紙
3962,チェンジホールディングス,プライム,情報・通信業
3963,シンクロ・フード,プライム,情報・通信業
3964,オークネット,プライム,情報・通信業
3965,キャピタル・アセット・プランニング,スタンダード,情報・通信業
3967,エルテス,グロース,情報・通信業
3968,セグエグループ,プライム,情報・通信業
3969,エイトレッド,スタンダード,情報・通信業
3970,イノベーション,スタンダード,情報・通信業
3974,ＳＣＡＴ,スタンダード,情報・通信業
3976,シャノン,グロース,情報・通信業
3979,うるる,グロース,情報・通信業
3981,ビーグリー,スタンダード,情報・通信業
3983,オロ,プライム,情報・通信業
3984,ユーザーローカル,プライム,情報・通信業
3985,テモナ,スタンダード,情報・通信業
3986,ビーブレイクシステムズ,スタンダード,情報・通信業
3987,エコモット,グロース,情報・通信業
3988,ＳＹＳホールディングス,スタンダード,情報・通信業
3989,シェアリングテクノロジー,グロース,情報・通信業
3991,ウォンテッドリー,グロース,情報・通信業
3992,ニーズウェル,プライム,情報・通信業
3993,ＰＫＳＨＡ　Ｔｅｃｈｎｏｌｏｇｙ,プライム,情報・通信業
3994,マネーフォワード,プライム,情報・通信業
3996,サインポスト,スタンダード,情報・通信業
3997,トレードワークス,スタンダード,情報・通信業
3998,すららネット,グロース,情報・通信業
4004,レゾナック・ホールディングス,プライム,化学
4005,住友化学,プライム,化学
4008,住友精化,プライム,化学
4011,ヘッドウォータース,グロース,情報・通信業
4012,アクシス,スタンダード,情報・通信業
4013,勤次郎,グロース,情報・通信業
4014,カラダノート,グロース,情報・通信業
4015,ペイクラウドホールディングス,グロース,情報・通信業
4016,ＭＩＴホールディングス,スタンダード,情報・通信業
4017,クリーマ,グロース,情報・通信業
4019,スタメン,グロース,情報・通信業
4020,ビートレンド,グロース,情報・通信業
4021,日産化学,プライム,化学
4022,ラサ工業,プライム,化学
4023,クレハ,プライム,化学
4025,多木化学,プライム,化学
4026,神島化学工業,スタンダード,ガラス・土石製品
4027,テイカ,プライム,化学
4028,石原産業,プライム,化学
4031,片倉コープアグリ,スタンダード,化学
4040,南海化学,スタンダード,化学
4041,日本曹達,プライム,化学
4042,東ソー,プライム,化学
4043,トクヤマ,プライム,化学
4044,セントラル硝子,プライム,化学
4045,東亞合成,プライム,化学
4046,大阪ソーダ,プライム,化学
4047,関東電化工業,プライム,化学
4051,ＧＭＯフィナンシャルゲート,プライム,情報・通信業
4052,フィーチャ,グロース,情報・通信業
4053,Ｓｕｎ　Ａｓｔｅｒｉｓｋ,プライム,情報・通信業
4054,日本情報クリエイト,グロース,情報・通信業
4055,ティアンドエスグループ,グロース,情報・通信業
4056,ニューラルグループ,グロース,情報・通信業
4057,インターファクトリー,グロース,情報・通信業
4058,トヨクモ,グロース,情報・通信業
4059,まぐまぐ,スタンダード,情報・通信業
4060,ｒａｋｕｍｏ,グロース,情報・通信業
4061,デンカ,プライム,化学
4062,イビデン,プライム,電気機器
4063,信越化学工業,プライム,化学
4064,日本カーバイド工業,プライム,化学
4068,ベイシス,グロース,情報・通信業
4069,ＢｌｕｅＭｅｍｅ,グロース,情報・通信業
4071,プラスアルファ・コンサルティング,プライム,情報・通信業
4072,電算システムホールディングス,プライム,情報・通信業
4073,ジィ・シィ企画,グロース,情報・通信業
4074,ラキール,グロース,情報・通信業
4075,ブレインズテクノロジー,グロース,情報・通信業
4076,シイエヌエス,グロース,情報・通信業
4078,堺化学工業,プライム,化学
4082,第一稀元素化学工業,プライム,化学
4088,エア・ウォーター,プライム,化学
4091,日本酸素ホールディングス,プライム,化学
4092,日本化学工業,プライム,化学
4093,東邦アセチレン,スタンダード,化学
4094,日本化学産業,スタンダード,化学
4095,日本パーカライジング,プライム,化学
4097,高圧ガス工業,プライム,化学
4098,チタン工業,スタンダード,化学
4099,四国化成ホールディングス,プライム,化学
4100,戸田工業,スタンダード,化学
4102,丸尾カルシウム,スタンダード,化学
4107,伊勢化学工業,スタンダード,化学
4109,ステラ　ケミファ,プライム,化学
4112,保土谷化学工業,プライム,化学
4113,田岡化学工業,スタンダード,化学
4114,日本触媒,プライム,化学
4116,大日精化工業,プライム,化学
4118,カネカ,プライム,化学
4119,日本ピグメントホールディングス,スタンダード,化学
4120,スガイ化学工業,スタンダード,化学
4124,大阪油化工業,スタンダード,化学
4125,三和油化工業,スタンダード,化学
4151,協和キリン,プライム,医薬品
4165,プレイド,グロース,情報・通信業
4166,かっこ,グロース,情報・通信業
4167,ココペリ,グロース,情報・通信業
4168,ヤプリ,グロース,情報・通信業
4169,ＥＮＥＣＨＡＮＧＥ,グロース,情報・通信業
4170,Ｋａｉｚｅｎ　Ｐｌａｔｆｏｒｍ,グロース,情報・通信業
4171,グローバルインフォメーション,スタンダード,情報・通信業
4172,Ｈｉクラテス,スタンダード,情報・通信業
4174,アピリッツ,スタンダード,情報・通信業
4175,ｃｏｌｙ,グロース,情報・通信業
4176,ココナラ,グロース,情報・通信業
4177,ｉ‐ｐｌｕｇ,グロース,情報・通信業
4178,Ｓｈａｒｉｎｇ　Ｉｎｎｏｖａｔｉｏｎｓ,グロース,情報・通信業
4179,ジーネクスト,グロース,情報・通信業
4180,Ａｐｐｉｅｒ　Ｇｒｏｕｐ,プライム,情報・通信業
4182,三菱瓦斯化学,プライム,化学
4183,三井化学,プライム,化学
4186,東京応化工業,プライム,化学
4187,大阪有機化学工業,プライム,化学
4188,三菱ケミカルグループ,プライム,化学
4189,ＫＨネオケム,プライム,化学
4192,スパイダープラス,グロース,情報・通信業
4193,ファブリカホールディングス,スタンダード,情報・通信業
4194,ビジョナル,プライム,情報・通信業
4196,ネオマーケティング,スタンダード,情報・通信業
4197,アスマーク,スタンダード,情報・通信業
4198,テンダ,スタンダード,情報・通信業
4199,ワンダープラネット,グロース,情報・通信業
4202,ダイセル,プライム,化学
4203,住友ベークライト,プライム,化学
4204,積水化学工業,プライム,化学
4205,日本ゼオン,プライム,化学
4206,アイカ工業,プライム,化学
4208,ＵＢＥ,プライム,化学
4212,積水樹脂,プライム,化学
4216,旭有機材,プライム,化学
4218,ニチバン,プライム,化学
4220,リケンテクノス,プライム,化学
4221,大倉工業,プライム,化学
4222,児玉化学工業,スタンダード,化学
4224,ロンシール工業,スタンダード,化学
4228,積水化成品工業,プライム,化学
4229,群栄化学工業,プライム,化学
4231,タイガースポリマー,スタンダード,化学
4234,サンエー化研,スタンダード,化学
4235,ウルトラファブリックス・ホールディングス,スタンダード,化学
4237,フジプレアム,スタンダード,化学
4238,ミライアル,スタンダード,化学
4240,クラスターテクノロジー,スタンダード,化学
4241,アテクト,スタンダード,化学
4242,タカギセイコー,スタンダード,化学
4243,ニックス,スタンダード,化学
4245,ダイキアクシス,スタンダード,化学
4246,ダイキョーニシカワ,プライム,化学
4247,ポバール興業,スタンダード,化学
4248,竹本容器,スタンダード,化学
4249,森六,プライム,化学
4251,恵和,プライム,化学
4255,ＴＨＥＣＯＯ,グロース,情報・通信業
4256,サインド,グロース,情報・通信業
4258,網屋,グロース,情報・通信業
4259,エクサウィザーズ,グロース,情報・通信業
4260,ハイブリッドテクノロジーズ,グロース,情報・通信業
4261,アジアクエスト,グロース,情報・通信業
4262,ニフティライフスタイル,グロース,情報・通信業
4263,サスメド,グロース,情報・通信業
4264,セキュア,グロース,情報・通信業
4265,Ｉｎｓｔｉｔｕｔｉｏｎ　ｆｏｒ　ａ　Ｇｌｏｂａｌ　Ｓｏｃｉｅｔｙ,グロース,情報・通信業
4270,ＢｅｅＸ,グロース,情報・通信業
4272,日本化薬,プライム,化学
4274,細谷火工,スタンダード,化学
4275,カーリット,プライム,化学
4284,ソルクシーズ,スタンダード,情報・通信業
4286,ＣＬホールディングス,スタンダード,サービス業
4287,ジャストプランニング,スタンダード,情報・通信業
4288,アズジェント,スタンダード,情報・通信業
4290,プレステージ・インターナショナル,プライム,サービス業
4293,セプテーニ・ホールディングス,スタンダード,サービス業
4299,ハイマックス,スタンダード,情報・通信業
4301,アミューズ,プライム,サービス業
4307,野村総合研究所,プライム,情報・通信業
4308,Ｊストリーム,グロース,情報・通信業
4310,ドリームインキュベータ,プライム,サービス業
4316,ビーマップ,グロース,情報・通信業
4317,レイ,スタンダード,サービス業
4318,クイック,プライム,サービス業
4320,ＣＥホールディングス,スタンダード,情報・通信業
4323,日本システム技術,プライム,情報・通信業
4324,電通グループ,プライム,サービス業
4326,インテージホールディングス,プライム,情報・通信業
4331,テイクアンドギヴ・ニーズ,プライム,サービス業
4334,ユークス,スタンダード,情報・通信業
4335,ＩＰＳホールディングス,スタンダード,情報・通信業
4337,ぴあ,プライム,サービス業
4341,西菱電機,スタンダード,サービス業
4343,イオンファンタジー,プライム,サービス業
4344,ソースネクスト,プライム,情報・通信業
4345,シーティーエス,プライム,サービス業
4346,ＮＥＸＹＺ．Ｇｒｏｕｐ,スタンダード,その他金融業
4347,ブロードメディア,スタンダード,サービス業
4350,メディカルシステムネットワーク,スタンダード,小売業
4351,山田再生系債権回収総合事務所,スタンダード,その他金融業
4356,応用技術,スタンダード,情報・通信業
4360,マナック・ケミカル・パートナーズ,スタンダード,化学
4361,川口化学工業,スタンダード,化学
4362,日本精化,プライム,化学
4365,松本油脂製薬,スタンダード,化学
4366,ダイトーケミックス,スタンダード,化学
4368,扶桑化学工業,プライム,化学
4369,トリケミカル研究所,プライム,化学
4370,モビルス,グロース,情報・通信業
4371,コアコンセプト・テクノロジー,グロース,情報・通信業
4372,ユミルリンク,グロース,情報・通信業
4373,シンプレクス・ホールディングス,プライム,情報・通信業
4374,ＲＯＢＯＴ　ＰＡＹＭＥＮＴ,グロース,情報・通信業
4375,セーフィー,グロース,情報・通信業
4376,くふうカンパニーホールディングス,グロース,情報・通信業
4377,ワンキャリア,グロース,情報・通信業
4378,ＣＩＮＣ,グロース,情報・通信業
4379,Ｐｈｏｔｏｓｙｎｔｈ,グロース,情報・通信業
4380,Ｍマート,グロース,情報・通信業
4381,ビープラッツ,グロース,情報・通信業
4382,ＨＥＲＯＺ,スタンダード,情報・通信業
4385,メルカリ,プライム,情報・通信業
4386,ＳＩＧグループ,スタンダード,情報・通信業
4387,ＺＵＵ,グロース,情報・通信業
4388,エーアイ,スタンダード,情報・通信業
4389,プロパティデータバンク,グロース,情報・通信業
4390,ＩＰＳ,プライム,情報・通信業
4391,ロジザード,グロース,情報・通信業
4392,ＦＩＧ,プライム,情報・通信業
4393,バンク・オブ・イノベーション,グロース,情報・通信業
4394,エクスモーション,グロース,情報・通信業
4395,アクリート,グロース,情報・通信業
4396,システムサポートホールディングス,プライム,情報・通信業
4397,チームスピリット,グロース,情報・通信業
4398,ブロードバンドセキュリティ,スタンダード,情報・通信業
4401,ＡＤＥＫＡ,プライム,化学
4403,日油,プライム,化学
4404,ミヨシ油脂,スタンダード,食料品
4406,新日本理化,スタンダード,化学
4409,東邦化学工業,スタンダード,化学
4410,ハリマ化成グループ,プライム,化学
4412,サイエンスアーツ,グロース,情報・通信業
4413,ボードルア,プライム,情報・通信業
4414,フレクト,グロース,情報・通信業
4415,ブロードエンタープライズ,グロース,情報・通信業
4416,Ｔｒｕｅ　Ｄａｔａ,グロース,情報・通信業
4417,グローバルセキュリティエキスパート,グロース,情報・通信業
4418,ＪＤＳＣ,グロース,情報・通信業
4419,Ｆｉｎａｔｅｘｔホールディングス,グロース,情報・通信業
4420,イーソル,スタンダード,情報・通信業
4421,ディ・アイ・システム,スタンダード,情報・通信業
4422,ＶＡＬＵＥＮＥＸ,グロース,情報・通信業
4424,Ａｍａｚｉａ,グロース,情報・通信業
4425,Ｋｕｄａｎ,グロース,情報・通信業
4427,ＥｄｕＬａｂ,グロース,情報・通信業
4428,シノプス,グロース,情報・通信業
4429,リックソフト,グロース,情報・通信業
4430,東海ソフト,スタンダード,情報・通信業
4431,スマレジ,グロース,情報・通信業
4432,ウイングアーク１ｓｔ,プライム,情報・通信業
4433,ヒト・コミュニケーションズ・ホールディングス,プライム,サービス業
4434,サーバーワークス,スタンダード,情報・通信業
4436,ミンカブ・ジ・インフォノイド,グロース,情報・通信業
4437,ｇｏｏｄｄａｙｓホールディングス,グロース,情報・通信業
4438,Ｗｅｌｂｙ,グロース,情報・通信業
4439,東名,スタンダード,情報・通信業
4440,ヴィッツ,スタンダード,情報・通信業
4441,トビラシステムズ,スタンダード,情報・通信業
4442,バルテス・ホールディングス,グロース,情報・通信業
4443,Ｓａｎｓａｎ,プライム,情報・通信業
4444,インフォネット,グロース,情報・通信業
4445,リビン・テクノロジーズ,グロース,情報・通信業
4446,Ｌｉｎｋ－Ｕグループ,スタンダード,情報・通信業
4447,ピー・ビーシステムズ,グロース,情報・通信業
4448,ｋｕｂｅｌｌ,グロース,情報・通信業
4450,パワーソリューションズ,グロース,情報・通信業
4452,花王,プライム,化学
4461,第一工業製薬,プライム,化学
4462,石原ケミカル,プライム,化学
4463,日華化学,スタンダード,化学
4464,ソフト９９コーポレーション,スタンダード,化学
4465,ニイタカ,スタンダード,化学
4471,三洋化成工業,プライム,化学
4475,ＨＥＮＮＧＥ,グロース,情報・通信業
4476,ＡＩ　ＣＲＯＳＳ,グロース,情報・通信業
4477,ＢＡＳＥ,グロース,情報・通信業
4478,フリー,グロース,情報・通信業
4479,マクアケ,グロース,情報・通信業
4480,メドレー,プライム,情報・通信業
4481,ベース,プライム,情報・通信業
4482,ウィルズ,グロース,情報・通信業
4483,ＪＭＤＣ,プライム,情報・通信業
4484,ランサーズ,グロース,情報・通信業
4486,ユナイトアンドグロウ,グロース,情報・通信業
4487,スペースマーケット,グロース,情報・通信業
4488,ＡＩ　ｉｎｓｉｄｅ,グロース,情報・通信業
4490,ビザスク,グロース,情報・通信業
4491,コンピューターマネージメント,スタンダード,情報・通信業
4492,ゼネテック,スタンダード,情報・通信業
4493,サイバーセキュリティクラウド,グロース,情報・通信業
4495,アイキューブドシステムズ,グロース,情報・通信業
4496,コマースＯｎｅホールディングス,グロース,情報・通信業
4498,サイバートラスト,グロース,情報・通信業
4499,Ｓｐｅｅｅ,スタンダード,情報・通信業
4502,武田薬品工業,プライム,医薬品
4503,アステラス製薬,プライム,医薬品
4506,住友ファーマ,プライム,医薬品
4507,塩野義製薬,プライム,医薬品
4512,わかもと製薬,スタンダード,医薬品
4516,日本新薬,プライム,医薬品
4519,中外製薬,プライム,医薬品
4521,科研製薬,プライム,医薬品
4523,エーザイ,プライム,医薬品
4524,森下仁丹,スタンダード,医薬品
4526,理研ビタミン,プライム,食料品
4527,ロート製薬,プライム,医薬品
4528,小野薬品工業,プライム,医薬品
4531,有機合成薬品工業,スタンダード,化学
4534,持田製薬,プライム,医薬品
4536,参天製薬,プライム,医薬品
4538,扶桑薬品工業,プライム,医薬品
4539,日本ケミファ,スタンダード,医薬品
4540,ツムラ,プライム,医薬品
4543,テルモ,プライム,精密機器
4544,Ｈ．Ｕ．グループホールディングス,プライム,サービス業
4547,キッセイ薬品工業,プライム,医薬品
4548,生化学工業,プライム,医薬品
4549,栄研化学,プライム,医薬品
4552,ＪＣＲファーマ,プライム,医薬品
4553,東和薬品,プライム,医薬品
4554,富士製薬工業,プライム,医薬品
4558,中京医薬品,スタンダード,医薬品
4559,ゼリア新薬工業,プライム,医薬品
4563,アンジェス,グロース,医薬品
4564,オンコセラピー・サイエンス,グロース,医薬品
4565,ネクセラファーマ,プライム,医薬品
4568,第一三共,プライム,医薬品
4569,杏林製薬,プライム,医薬品
4570,免疫生物研究所,グロース,医薬品
4571,ＮＡＮＯホールディングス,グロース,医薬品
4572,カルナバイオサイエンス,グロース,医薬品
4574,大幸薬品,プライム,医薬品
4575,キャンバス,グロース,医薬品
4576,デ・ウエスタン・セラピテクス研究所,グロース,医薬品
4577,ダイト,プライム,医薬品
4578,大塚ホールディングス,プライム,医薬品
4579,ラクオリア創薬,グロース,医薬品
4582,シンバイオ製薬,グロース,医薬品
4583,カイオム・バイオサイエンス,グロース,医薬品
4584,キッズウェル・バイオ,グロース,医薬品
4586,メドレックス,グロース,医薬品
4587,ペプチドリーム,プライム,医薬品
4588,オンコリスバイオファーマ,グロース,医薬品
4591,リボミック,グロース,医薬品
4592,サンバイオ,グロース,医薬品
4593,ヘリオス,グロース,医薬品
4594,ブライトパス・バイオ,グロース,医薬品
4595,ミズホメディー,スタンダード,医薬品
4596,窪田製薬ホールディングス,グロース,医薬品
4597,ソレイジア・ファーマ,グロース,医薬品
4598,Ｄｅｌｔａ－Ｆｌｙ　Ｐｈａｒｍａ,グロース,医薬品
4599,ステムリム,グロース,医薬品
4611,大日本塗料,プライム,化学
4612,日本ペイントホールディングス,プライム,化学
4613,関西ペイント,プライム,化学
4615,神東塗料,スタンダード,化学
4616,川上塗料,スタンダード,化学
4617,中国塗料,プライム,化学
4619,日本特殊塗料,スタンダード,化学
4620,藤倉化成,スタンダード,化学
4623,アサヒペン,スタンダード,化学
4624,イサム塗料,スタンダード,化学
4625,アトミクス,スタンダード,化学
4626,太陽ホールディングス,プライム,化学
4627,ナトコ,スタンダード,化学
4628,エスケー化研,スタンダード,化学
4629,大伸化学,スタンダード,化学
4631,ＤＩＣ,プライム,化学
4633,サカタインクス,プライム,化学
4634,ａｒｔｉｅｎｃｅ,プライム,化学
4635,東京インキ,スタンダード,化学
4641,アルプス技研,プライム,サービス業
4642,オリジナル設計,スタンダード,サービス業
4644,イマジニア,スタンダード,情報・通信業
4645,市進ホールディングス,スタンダード,サービス業
4650,ＳＤエンターテイメント,スタンダード,サービス業
4651,サニックスホールディングス,スタンダード,サービス業
4657,環境管理センター,スタンダード,サービス業
4658,日本空調サービス,プライム,サービス業
4661,オリエンタルランド,プライム,サービス業
4662,フォーカスシステムズ,プライム,情報・通信業
4664,アール・エス・シー,スタンダード,サービス業
4665,ダスキン,プライム,サービス業
4666,パーク２４,プライム,不動産業
4667,アイサンテクノロジー,スタンダード,情報・通信業
4668,明光ネットワークジャパン,プライム,サービス業
4671,ファルコホールディングス,スタンダード,サービス業
4673,川崎地質,スタンダード,サービス業
4674,クレスコ,プライム,情報・通信業
4676,フジ・メディア・ホールディングス,プライム,情報・通信業
4678,秀英予備校,スタンダード,サービス業
4679,田谷,スタンダード,サービス業
4680,ラウンドワン,プライム,サービス業
4681,リゾートトラスト,プライム,サービス業
4684,オービック,プライム,情報・通信業
4685,菱友システムズ,スタンダード,情報・通信業
4686,ジャストシステム,プライム,情報・通信業
4687,ＴＤＣソフト,プライム,情報・通信業
4689,ＬＩＮＥヤフー,プライム,情報・通信業
4691,ワシントンホテル,スタンダード,サービス業
4694,ビー・エム・エル,プライム,サービス業
4704,トレンドマイクロ,プライム,情報・通信業
4705,クリップコーポレーション,スタンダード,サービス業
4707,キタック,スタンダード,サービス業
4709,ＩＤホールディングス,プライム,情報・通信業
4712,ＫｅｙＨｏｌｄｅｒ,スタンダード,サービス業
4714,リソー教育グループ,プライム,サービス業
4716,日本オラクル,スタンダード,情報・通信業
4718,早稲田アカデミー,プライム,サービス業
4719,アルファシステムズ,プライム,情報・通信業
4720,城南進学研究社,スタンダード,サービス業
4722,フューチャー,プライム,情報・通信業
4725,ＣＡＣ　Ｈｏｌｄｉｎｇｓ,プライム,情報・通信業
4728,トーセ,スタンダード,情報・通信業
4732,ユー・エス・エス,プライム,サービス業
4733,オービックビジネスコンサルタント,プライム,情報・通信業
4735,京進,スタンダード,サービス業
4736,日本ラッド,スタンダード,情報・通信業
4743,アイティフォー,プライム,情報・通信業
4746,東計電算,スタンダード,情報・通信業
4750,ダイサン,スタンダード,サービス業
4751,サイバーエージェント,プライム,サービス業
4752,昭和システムエンジニアリング,スタンダード,情報・通信業
4754,トスネット,スタンダード,サービス業
4755,楽天グループ,プライム,サービス業
4760,アルファ,スタンダード,サービス業
4761,さくらケーシーエス,スタンダード,情報・通信業
4762,エックスネット,スタンダード,情報・通信業
4763,クリーク・アンド・リバー社,プライム,サービス業
4765,ＳＢＩグローバルアセットマネジメント,プライム,サービス業
4766,ピーエイ,スタンダード,サービス業
4767,テー・オー・ダブリュー,スタンダード,サービス業
4768,大塚商会,プライム,情報・通信業
4769,ＩＣ,スタンダード,情報・通信業
4771,エフアンドエム,スタンダード,サービス業
4772,ＳＭ　ＥＮＴＥＲＴＡＩＮＭＥＮＴ　ＪＡＰＡＮ,グロース,情報・通信業
4776,サイボウズ,プライム,情報・通信業
4777,ガーラ,スタンダード,情報・通信業
4783,ＮＣＤ,スタンダード,情報・通信業
4784,ＧＭＯインターネット,プライム,サービス業
4792,山田コンサルティンググループ,プライム,サービス業
4800,オリコン,スタンダード,情報・通信業
4801,セントラルスポーツ,プライム,サービス業
4809,パラカ,プライム,不動産業
4811,ドリーム・アーツ,グロース,情報・通信業
4812,電通総研,プライム,情報・通信業
4813,ＡＣＣＥＳＳ,プライム,情報・通信業
4814,ネクストウェア,スタンダード,情報・通信業
4816,東映アニメーション,スタンダード,情報・通信業
4819,デジタルガレージ,プライム,情報・通信業
4820,イーエムシステムズ,プライム,情報・通信業
4825,ウェザーニューズ,プライム,情報・通信業
4826,ＣＩＪ,プライム,情報・通信業
4828,ビジネスエンジニアリング,プライム,情報・通信業
4829,日本エンタープライズ,スタンダード,情報・通信業
4832,ＪＦＥシステムズ,スタンダード,情報・通信業
4833,Ｄｅｆ　ｃｏｎｓｕｌｔｉｎｇ,グロース,サービス業
4838,スペースシャワーＳＫＩＹＡＫＩホールディングス,スタンダード,情報・通信業
4839,ＷＯＷＯＷ,プライム,情報・通信業
4840,トライアイズ,スタンダード,サービス業
4845,スカラ,スタンダード,情報・通信業
4847,インテリジェント　ウェイブ,プライム,情報・通信業
4848,フルキャストホールディングス,プライム,サービス業
4849,エン,プライム,サービス業
4880,セルソース,スタンダード,医薬品
4881,ファンペップ,グロース,医薬品
4882,ペルセウスプロテオミクス,グロース,医薬品
4883,モダリス,グロース,医薬品
4884,クリングルファーマ,グロース,医薬品
4885,室町ケミカル,スタンダード,医薬品
4886,あすか製薬ホールディングス,プライム,医薬品
4887,サワイグループホールディングス,プライム,医薬品
4888,ステラファーマ,グロース,医薬品
4889,レナサイエンス,グロース,医薬品
4890,坪田ラボ,グロース,医薬品
4891,ティムス,グロース,医薬品
4892,サイフューズ,グロース,医薬品
4893,ノイルイミューン・バイオテック,グロース,医薬品
4894,クオリプス,グロース,医薬品
4896,ケイファーマ,グロース,医薬品
4901,富士フイルムホールディングス,プライム,化学
4902,コニカミノルタ,プライム,電気機器
4911,資生堂,プライム,化学
4912,ライオン,プライム,化学
4914,高砂香料工業,プライム,化学
4918,アイビー化粧品,スタンダード,化学
4919,ミルボン,プライム,化学
4920,日本色材工業研究所,スタンダード,化学
4922,コーセーホールディングス,プライム,化学
4923,コタ,プライム,化学
4925,ハーバー研究所,スタンダード,化学
4926,シーボン,スタンダード,化学
4927,ポーラ・オルビスホールディングス,プライム,化学
4928,ノエビアホールディングス,プライム,化学
4929,アジュバンホールディングス,スタンダード,化学
4931,新日本製薬,プライム,化学
4932,アルマード,スタンダード,化学
4933,Ｉ－ｎｅ,プライム,化学
4934,プレミアアンチエイジング,グロース,化学
4935,リベルタ,スタンダード,化学
4936,アクシージア,スタンダード,化学
4937,Ｗａｑｏｏ,グロース,化学
4951,エステー,プライム,化学
4956,コニシ,プライム,化学
4958,長谷川香料,プライム,化学
4960,ケミプロ化成,スタンダード,化学
4966,上村工業,スタンダード,化学
4967,小林製薬,プライム,化学
4968,荒川化学工業,プライム,化学
4970,東洋合成工業,スタンダード,化学
4971,メック,プライム,化学
4972,綜研化学,スタンダード,化学
4973,日本高純度化学,プライム,化学
4975,ＪＣＵ,プライム,化学
4976,東洋ドライルーブ,スタンダード,化学
4977,新田ゼラチン,スタンダード,化学
4978,リプロセル,グロース,化学
4979,ＯＡＴアグリオ,スタンダード,化学
4980,デクセリアルズ,プライム,化学
4985,アース製薬,プライム,化学
4990,昭和化学工業,スタンダード,化学
4992,北興化学工業,スタンダード,化学
4994,大成ラミックグループ,スタンダード,化学
4996,クミアイ化学工業,プライム,化学
4997,日本農薬,プライム,化学
4998,フマキラー,スタンダード,化学
5010,日本精蝋,スタンダード,石油・石炭製品
5011,ニチレキグループ,プライム,石油・石炭製品
5013,ユシロ,スタンダード,石油・石炭製品
5015,ビーピー・カストロール,スタンダード,石油・石炭製品
5016,ＪＸ金属,プライム,非鉄金属
5018,ＭＯＲＥＳＣＯ,スタンダード,石油・石炭製品
5019,出光興産,プライム,石油・石炭製品
5020,ＥＮＥＯＳホールディングス,プライム,石油・石炭製品
5021,コスモエネルギーホールディングス,プライム,石油・石炭製品
5025,マーキュリー,グロース,情報・通信業
5026,トリプルアイズ,グロース,情報・通信業
5027,ＡｎｙＭｉｎｄ　Ｇｒｏｕｐ,グロース,情報・通信業
5028,セカンドサイトアナリティカ,グロース,情報・通信業
5029,サークレイス,グロース,情報・通信業
5031,モイ,グロース,情報・通信業
5032,ＡＮＹＣＯＬＯＲ,プライム,情報・通信業
5033,ヌーラボ,グロース,情報・通信業
5034,ｕｎｅｒｒｙ,グロース,情報・通信業
5035,ＨＯＵＳＥＩ,グロース,情報・通信業
5036,日本ビジネスシステムズ,プライム,情報・通信業
5038,ｅＷｅＬＬ,グロース,情報・通信業
5071,ヴィス,スタンダード,サービス業
5074,テスホールディングス,プライム,建設業
5076,インフロニア・ホールディングス,プライム,建設業
5078,セレコーポレーション,スタンダード,建設業
5079,ノバック,スタンダード,建設業
5101,横浜ゴム,プライム,ゴム製品
5103,昭和ホールディングス,スタンダード,ゴム製品
5105,ＴＯＹＯ　ＴＩＲＥ,プライム,ゴム製品
5108,ブリヂストン,プライム,ゴム製品
5110,住友ゴム工業,プライム,ゴム製品
5121,藤倉コンポジット,プライム,ゴム製品
5122,オカモト,プライム,ゴム製品
5125,ファインズ,グロース,情報・通信業
5126,ポーターズ,グロース,情報・通信業
5129,ＦＩＸＥＲ,グロース,情報・通信業
5131,リンカーズ,グロース,情報・通信業
5132,ｐｌｕｓｚｅｒｏ,グロース,情報・通信業
5133,テリロジーホールディングス,スタンダード,情報・通信業
5134,ＰＯＰＥＲ,グロース,情報・通信業
5136,ｔｒｉｐｌａ,グロース,情報・通信業
5137,スマートドライブ,グロース,情報・通信業
5138,Ｒｅｂａｓｅ,グロース,情報・通信業
5139,オープンワーク,グロース,情報・通信業
5142,アキレス,プライム,化学
5161,西川ゴム工業,スタンダード,ゴム製品
5162,朝日ラバー,スタンダード,ゴム製品
5184,ニチリン,スタンダード,ゴム製品
5185,フコク,プライム,ゴム製品
5186,ニッタ,プライム,ゴム製品
5187,クリエートメディック,スタンダード,精密機器
5189,櫻護謨,スタンダード,ゴム製品
5192,三ツ星ベルト,プライム,ゴム製品
5194,相模ゴム工業,スタンダード,ゴム製品
5195,バンドー化学,プライム,ゴム製品
5199,不二ラテックス,スタンダード,ゴム製品
5201,ＡＧＣ,プライム,ガラス・土石製品
5202,日本板硝子,プライム,ガラス・土石製品
5204,石塚硝子,スタンダード,ガラス・土石製品
5208,有沢製作所,プライム,化学
5210,日本山村硝子,スタンダード,ガラス・土石製品
5214,日本電気硝子,プライム,ガラス・土石製品
5216,倉元製作所,スタンダード,ガラス・土石製品
5218,オハラ,スタンダード,ガラス・土石製品
5232,住友大阪セメント,プライム,ガラス・土石製品
5233,太平洋セメント,プライム,ガラス・土石製品
5237,ノザワ,スタンダード,ガラス・土石製品
5240,ｍｏｎｏＡＩ　ｔｅｃｈｎｏｌｏｇｙ,グロース,情報・通信業
5242,アイズ,グロース,情報・通信業
5243,ｎｏｔｅ,グロース,情報・通信業
5244,ｊｉｇ．ｊｐ,グロース,情報・通信業
5246,ＥＬＥＭＥＮＴＳ,グロース,情報・通信業
5247,ＢＴＭ,グロース,情報・通信業
5248,テクノロジーズ,グロース,情報・通信業
5250,ＧＭＯプライム・ストラテジー,スタンダード,情報・通信業
5252,日本ナレッジ,グロース,情報・通信業
5253,カバー,グロース,情報・通信業
5254,Ａｒｅｎｔ,グロース,情報・通信業
5255,モンスターラボ,グロース,情報・通信業
5256,Ｆｕｓｉｃ,グロース,情報・通信業
5257,ノバシステム,スタンダード,情報・通信業
5258,トランザクション・メディア・ネットワークス,グロース,情報・通信業
5261,リソルホールディングス,プライム,サービス業
5262,日本ヒューム,プライム,ガラス・土石製品
5268,旭コンクリート工業,スタンダード,ガラス・土石製品
5269,日本コンクリート工業,プライム,ガラス・土石製品
5271,トーヨーアサノ,スタンダード,ガラス・土石製品
5273,三谷セキサン,スタンダード,ガラス・土石製品
5279,日本興業,スタンダード,ガラス・土石製品
5280,ヨシコン,スタンダード,不動産業
5282,ジオスター,スタンダード,ガラス・土石製品
5283,高見澤,スタンダード,卸売業
5284,ヤマウホールディングス,スタンダード,ガラス・土石製品
5285,ヤマックス,スタンダード,ガラス・土石製品
5287,イトーヨーギョー,スタンダード,ガラス・土石製品
5288,アジアパイルホールディングス,プライム,ガラス・土石製品
5290,ベルテクスコーポレーション,スタンダード,ガラス・土石製品
5301,東海カーボン,プライム,ガラス・土石製品
5302,日本カーボン,プライム,ガラス・土石製品
5304,ＳＥＣカーボン,スタンダード,ガラス・土石製品
5310,東洋炭素,プライム,ガラス・土石製品
5331,ノリタケ,プライム,ガラス・土石製品
5332,ＴＯＴＯ,プライム,ガラス・土石製品
5333,ＮＧＫ,プライム,ガラス・土石製品
5334,日本特殊陶業,プライム,ガラス・土石製品
5337,ダントーホールディングス,スタンダード,ガラス・土石製品
5341,ＡＳＡＨＩ　ＥＩＴＯホールディングス,スタンダード,ガラス・土石製品
5344,ＭＡＲＵＷＡ,プライム,ガラス・土石製品
5351,品川リフラ,プライム,ガラス・土石製品
5355,日本坩堝,スタンダード,ガラス・土石製品
5356,美濃窯業,スタンダード,ガラス・土石製品
5357,ヨータイ,プライム,ガラス・土石製品
5363,東京窯業,スタンダード,ガラス・土石製品
5367,ニッカトー,スタンダード,ガラス・土石製品
5368,日本インシュレーション,スタンダード,ガラス・土石製品
5380,新東,スタンダード,ガラス・土石製品
5381,マイポックス,スタンダード,ガラス・土石製品
5384,フジミインコーポレーテッド,プライム,ガラス・土石製品
5388,クニミネ工業,スタンダード,ガラス・土石製品
5391,エーアンドエーマテリアル,スタンダード,ガラス・土石製品
5393,ニチアス,プライム,ガラス・土石製品
5401,日本製鉄,プライム,鉄鋼
5406,神戸製鋼所,プライム,鉄鋼
5408,中山製鋼所,プライム,鉄鋼
5410,合同製鐵,プライム,鉄鋼
5411,ＪＦＥホールディングス,プライム,鉄鋼
5423,東京製鐵,プライム,鉄鋼
5440,共英製鋼,プライム,鉄鋼
5444,大和工業,プライム,鉄鋼
5445,東京鐵鋼,プライム,鉄鋼
5446,北越メタル,スタンダード,鉄鋼
5449,大阪製鐵,スタンダード,鉄鋼
5451,ヨドコウ,プライム,鉄鋼
5458,高砂鐵工,スタンダード,鉄鋼
5461,中部鋼鈑,プライム,鉄鋼
5463,丸一鋼管,プライム,鉄鋼
5464,モリ工業,スタンダード,鉄鋼
5471,大同特殊鋼,プライム,鉄鋼
5480,日本冶金工業,プライム,鉄鋼
5482,愛知製鋼,プライム,鉄鋼
5484,東北特殊鋼,スタンダード,鉄鋼
5491,日本金属,スタンダード,鉄鋼
5527,ｐｒｏｐｅｒｔｙ　ｔｅｃｈｎｏｌｏｇｉｅｓ,グロース,不動産業
5532,リアルゲイト,グロース,不動産業
5533,エリッツホールディングス,スタンダード,不動産業
5535,ミガロホールディングス,プライム,不動産業
5537,ＡｌｂａＬｉｎｋ,グロース,不動産業
5541,大平洋金属,プライム,鉄鋼
5542,新報国マテリアル,スタンダード,鉄鋼
5563,新日本電工,プライム,鉄鋼
5570,ジェノバ,グロース,情報・通信業
5571,エキサイトホールディングス,スタンダード,情報・通信業
5572,Ｒｉｄｇｅ－ｉ,グロース,情報・通信業
5574,ＡＢＥＪＡ,グロース,情報・通信業
5575,Ｇｌｏｂｅｅ,グロース,情報・通信業
5576,オービーシステム,スタンダード,情報・通信業
5578,ＡＲアドバンストテクノロジ,グロース,情報・通信業
5580,プロディライト,グロース,情報・通信業
5582,グリッド,グロース,情報・通信業
5586,Ｌａｂｏｒｏ．ＡＩ,グロース,情報・通信業
5587,インバウンドプラットフォーム,グロース,情報・通信業
5588,ファーストアカウンティング,グロース,情報・通信業
5589,オートサーバー,スタンダード,情報・通信業
5590,ネットスターズ,グロース,情報・通信業
5591,ＡＶＩＬＥＮ,グロース,情報・通信業
5592,くすりの窓口,グロース,情報・通信業
5597,ブルーイノベーション,グロース,情報・通信業
5599,Ｓ＆Ｊ,グロース,情報・通信業
5602,栗本鐵工所,プライム,鉄鋼
5603,虹技,スタンダード,鉄鋼
5609,日本鋳造,スタンダード,鉄鋼
5612,日本鋳鉄管,スタンダード,鉄鋼
5616,雨風太陽,グロース,情報・通信業
5618,ナイル,グロース,情報・通信業
5619,マーソ,グロース,情報・通信業
5621,ヒューマンテクノロジーズ,グロース,情報・通信業
5631,日本製鋼所,プライム,機械
5632,三菱製鋼,プライム,鉄鋼
5644,メタルアート,スタンダード,鉄鋼
5658,日亜鋼業,スタンダード,鉄鋼
5659,日本精線,プライム,鉄鋼
5660,神鋼鋼線工業,スタンダード,鉄鋼
5695,パウダーテック,スタンダード,鉄鋼
5697,サンユウ,スタンダード,鉄鋼
5698,エンビプロ・ホールディングス,スタンダード,鉄鋼
5699,イボキン,スタンダード,鉄鋼
5702,大紀アルミニウム工業所,プライム,非鉄金属
5703,日本軽金属ホールディングス,プライム,非鉄金属
5704,ＪＭＣ,グロース,非鉄金属
5706,三井金属,プライム,非鉄金属
5707,東邦亜鉛,プライム,非鉄金属
5711,三菱マテリアル,プライム,非鉄金属
5713,住友金属鉱山,プライム,非鉄金属
5714,ＤＯＷＡホールディングス,プライム,非鉄金属
5715,古河機械金属,プライム,非鉄金属
5721,エスクリプトエナジー,スタンダード,非鉄金属
5724,アサカ理研,スタンダード,非鉄金属
5726,大阪チタニウムテクノロジーズ,プライム,非鉄金属
5729,日本精鉱,スタンダード,非鉄金属
5741,ＵＡＣＪ,プライム,非鉄金属
5742,エヌアイシ・オートテック,スタンダード,非鉄金属
5753,日本伸銅,スタンダード,非鉄金属
5757,ＣＫサンエツ,プライム,非鉄金属
5801,古河電気工業,プライム,非鉄金属
5802,住友電気工業,プライム,非鉄金属
5803,フジクラ,プライム,非鉄金属
5805,ＳＷＣＣ,プライム,非鉄金属
5816,オーナンバ,スタンダード,非鉄金属
5817,ＪＭＡＣＳ,スタンダード,非鉄金属
5819,カナレ電気,スタンダード,非鉄金属
5820,三ッ星,スタンダード,非鉄金属
5821,平河ヒューテック,プライム,非鉄金属
5830,いよぎんホールディングス,プライム,銀行業
5831,しずおかフィナンシャルグループ,プライム,銀行業
5832,ちゅうぎんフィナンシャルグループ,プライム,銀行業
5834,ＳＢＩリーシングサービス,グロース,証券、商品先物取引業
5838,楽天銀行,プライム,銀行業
5842,インテグラル,グロース,証券、商品先物取引業
5843,ニッポンインシュア,スタンダード,その他金融業
5844,京都フィナンシャルグループ,プライム,銀行業
5845,全保連,スタンダード,その他金融業
5851,リョービ,プライム,非鉄金属
5852,アーレスティ,プライム,非鉄金属
5857,ＡＲＥホールディングス,プライム,非鉄金属
5858,ＳＴＧ,グロース,非鉄金属
5867,エスネットワークス,グロース,サービス業
5868,ロココ,スタンダード,サービス業
5869,早稲田学習研究会,スタンダード,サービス業
5870,ナルネットコミュニケーションズ,グロース,サービス業
5871,ＳＯＬＩＺＥ　Ｈｏｌｄｉｎｇｓ,スタンダード,サービス業
5884,クラダシ,グロース,小売業
5885,ジーデップ・アドバンス,スタンダード,卸売業
5888,ＤＡＩＷＡ　ＣＹＣＬＥ,グロース,小売業
5889,Ｊａｐａｎ　Ｅｙｅｗｅａｒ　Ｈｏｌｄｉｎｇｓ,プライム,小売業
5891,ＳＡＫＩＧＡＫＥホールディングス,スタンダード,小売業
5892,ｙｕｔｏｒｉ,グロース,小売業
5900,ダイケン,スタンダード,金属製品
5901,東洋製罐グループホールディングス,プライム,金属製品
5902,ホッカンホールディングス,プライム,金属製品
5905,日本製罐,スタンダード,金属製品
5906,エムケー精工,スタンダード,金属製品
5909,コロナ,スタンダード,金属製品
5911,横河ブリッジホールディングス,プライム,金属製品
5915,駒井ハルテック,スタンダード,金属製品
5918,瀧上工業,スタンダード,金属製品
5921,川岸工業,スタンダード,金属製品
5922,那須電機鉄工,スタンダード,金属製品
5923,高田機工,スタンダード,金属製品
5928,アルメタックス,スタンダード,金属製品
5929,三和ホールディングス,プライム,金属製品
5930,文化シヤッター,プライム,金属製品
5932,三協立山,プライム,金属製品
5933,アルインコ,プライム,金属製品
5936,東洋シヤッター,スタンダード,金属製品
5938,ＬＩＸＩＬ,プライム,金属製品
5939,大谷工業,スタンダード,金属製品
5940,不二サッシ,スタンダード,金属製品
5941,中西製作所,スタンダード,金属製品
5942,日本フイルコン,スタンダード,金属製品
5943,ノーリツ,プライム,金属製品
5945,天龍製鋸,スタンダード,金属製品
5946,長府製作所,プライム,金属製品
5947,リンナイ,プライム,金属製品
5949,ユニプレス,プライム,輸送用機器
5950,日本パワーファスニング,スタンダード,金属製品
5951,ダイニチ工業,スタンダード,金属製品
5952,アマテイ,スタンダード,金属製品
5955,ワイズホールディングス,スタンダード,金属製品
5956,トーソー,スタンダード,金属製品
5957,日東精工,プライム,金属製品
5958,三洋工業,スタンダード,金属製品
5959,岡部,プライム,金属製品
5962,浅香工業,スタンダード,その他製品
5965,フジマック,スタンダード,金属製品
5966,京都機械工具,スタンダード,金属製品
5967,ＴＯＮＥ,スタンダード,金属製品
5969,ロブテックス,スタンダード,金属製品
5970,ジーテクト,プライム,金属製品
5971,共和工業所,スタンダード,金属製品
5973,トーアミ,スタンダード,金属製品
5974,中国工業,スタンダード,金属製品
5975,東プレ,プライム,金属製品
5976,高周波熱錬,プライム,金属製品
5981,東京製綱,プライム,金属製品
5982,マルゼン,スタンダード,金属製品
5983,イワブチ,スタンダード,金属製品
5984,兼房,スタンダード,金属製品
5985,サンコール,スタンダード,金属製品
5986,モリテック　スチール,スタンダード,金属製品
5987,オーネックス,スタンダード,金属製品
5988,パイオラックス,プライム,金属製品
5989,エイチワン,プライム,金属製品
5990,スーパーツール,スタンダード,金属製品
5991,日本発條,プライム,金属製品
5992,中央発條,スタンダード,金属製品
5994,ファインシンター,スタンダード,金属製品
5997,協立エアテック,スタンダード,金属製品
5998,アドバネクス,スタンダード,金属製品
6005,三浦工業,プライム,機械
6013,タクマ,プライム,機械
6016,ジャパンエンジンコーポレーション,スタンダード,輸送用機器
6018,阪神内燃機工業,スタンダード,輸送用機器
6022,赤阪鐵工所,スタンダード,機械
6023,ダイハツインフィニアース,スタンダード,輸送用機器
6027,弁護士ドットコム,プライム,サービス業
6029,アトラグループ,スタンダード,サービス業
6030,アドベンチャー,グロース,サービス業
6031,ＺＥＴＡ,グロース,サービス業
6033,エクストリーム,グロース,サービス業
6034,ＭＲＴ,グロース,サービス業
6035,アイ・アールジャパンホールディングス,スタンダード,サービス業
6036,ＫｅｅＰｅｒ技研,プライム,サービス業
6037,楽待,スタンダード,サービス業
6038,イード,グロース,サービス業
6039,日本動物高度医療センター,グロース,サービス業
6040,日本スキー場開発,グロース,サービス業
6042,ニッキ,スタンダード,輸送用機器
6044,三機サービス,スタンダード,サービス業
6045,レントラックス,グロース,サービス業
6046,リンクバル,スタンダード,サービス業
6047,Ｇｕｎｏｓｙ,スタンダード,サービス業
6049,イトクロ,グロース,サービス業
6050,イー・ガーディアン,プライム,サービス業
6054,リブセンス,スタンダード,サービス業
6055,ジャパンマテリアル,プライム,サービス業
6058,ベクトル,プライム,サービス業
6059,ウチヤマホールディングス,スタンダード,サービス業
6061,ユニバーサル園芸社,スタンダード,サービス業
6062,チャーム・ケア・コーポレーション,プライム,サービス業
6063,日本エマージェンシーアシスタンス,スタンダード,サービス業
6069,トレンダーズ,グロース,サービス業
6070,キャリアリンク,プライム,サービス業
6071,ＩＢＪ,プライム,サービス業
6072,地盤ネットホールディングス,スタンダード,サービス業
6073,アサンテ,プライム,サービス業
6074,ジェイエスエス,スタンダード,サービス業
6078,バリューＨＲ,プライム,サービス業
6080,Ｍ＆Ａキャピタルパートナーズ,プライム,サービス業
6081,アライドアーキテクツ,グロース,サービス業
6082,ライドオンエクスプレスホールディングス,スタンダード,サービス業
6083,ＥＲＩホールディングス,スタンダード,サービス業
6085,アーキテクツ・スタジオ・ジャパン,グロース,サービス業
6086,シンメンテホールディングス,グロース,サービス業
6087,アビスト,スタンダード,サービス業
6088,シグマクシス・ホールディングス,プライム,サービス業
6089,ウィルグループ,プライム,サービス業
6090,ヒューマン・メタボローム・テクノロジーズ,スタンダード,サービス業
6091,ウエスコホールディングス,スタンダード,サービス業
6092,エンバイオ・ホールディングス,スタンダード,サービス業
6093,ミトラグループ,スタンダード,サービス業
6094,フリークアウト・ホールディングス,グロース,サービス業
6098,リクルートホールディングス,プライム,サービス業
6099,エラン,プライム,サービス業
6101,ツガミ,プライム,機械
6103,オークマ,プライム,機械
6104,芝浦機械,プライム,機械
6113,アマダ,プライム,機械
6118,アイダエンジニアリング,プライム,機械
6125,岡本工作機械製作所,スタンダード,機械
6134,ＦＵＪＩ,プライム,機械
6135,牧野フライス製作所,プライム,機械
6136,オーエスジー,プライム,機械
6137,小池酸素工業,スタンダード,機械
6138,ダイジェット工業,スタンダード,機械
6140,旭ダイヤモンド工業,プライム,機械
6141,ＤＭＧ森精機,プライム,機械
6143,ソディック,プライム,機械
6144,西部電機,スタンダード,機械
6145,ＮＩＴＴＯＫＵ,スタンダード,機械
6146,ディスコ,プライム,機械
6147,ヤマザキ,スタンダード,機械
6149,小田原エンジニアリング,スタンダード,機械
6150,タケダ機械,スタンダード,機械
6151,日東工器,プライム,機械
6155,高松機械工業,スタンダード,機械
6156,エーワン精密,スタンダード,機械
6157,日進工具,スタンダード,機械
6158,和井田製作所,スタンダード,機械
6159,ミクロン精密,スタンダード,機械
6161,エスティック,スタンダード,機械
6165,パンチ工業,スタンダード,機械
6166,中村超硬,グロース,機械
6167,冨士ダイス,プライム,機械
6171,土木管理総合試験所,スタンダード,サービス業
6176,ブランジスタ,スタンダード,サービス業
6177,ＡｐｐＢａｎｋ,グロース,サービス業
6178,日本郵政,プライム,サービス業
6180,ＧＭＯメディア,グロース,サービス業
6181,タメニー,グロース,サービス業
6182,メタリアル,グロース,サービス業
6183,ベルシステム２４ホールディングス,プライム,サービス業
6184,鎌倉新書,プライム,サービス業
6185,ＳＭＮ,スタンダード,サービス業
6186,一蔵,スタンダード,サービス業
6189,グローバルキッズＣＯＭＰＡＮＹ,スタンダード,サービス業
6190,フェニックスバイオ,グロース,サービス業
6191,エアトリ,プライム,サービス業
6193,バーチャレクス・ホールディングス,グロース,サービス業
6194,アトラエ,プライム,サービス業
6195,ホープ,グロース,サービス業
6196,ストライクグループ,プライム,サービス業
6197,ソラスト,プライム,サービス業
6198,キャリア,グロース,サービス業
6199,セラク,スタンダード,情報・通信業
6200,インソース,プライム,サービス業
6203,豊和工業,スタンダード,機械
6208,石川製作所,スタンダード,機械
6209,リケンＮＰＲ,プライム,機械
6217,津田駒工業,スタンダード,機械
6218,エンシュウ,スタンダード,機械
6222,島精機製作所,プライム,機械
6223,西部技研,スタンダード,機械
6224,ＪＲＣ,グロース,機械
6226,守谷輸送機工業,スタンダード,機械
6227,ＡＩメカテック,スタンダード,機械
6228,ジェイ・イー・ティ,スタンダード,機械
6229,オーケーエム,スタンダード,機械
6230,ＳＡＮＥＩ,スタンダード,機械
6231,木村工機,スタンダード,機械
6232,ＡＣＳＬ,グロース,機械
6233,ＫＬＡＳＳ,スタンダード,機械
6235,オプトラン,プライム,機械
6237,イワキポンプ,プライム,機械
6238,フリュー,プライム,機械
6239,ナガオカ,スタンダード,機械
6240,ヤマシンフィルタ,プライム,機械
6245,ヒラノテクシード,スタンダード,機械
6246,テクノスマート,スタンダード,機械
6247,日阪製作所,プライム,機械
6248,横田製作所,スタンダード,機械
6249,ゲームカードホールディングス,スタンダード,機械
6250,やまびこ,プライム,機械
6254,野村マイクロ・サイエンス,プライム,機械
6255,エヌ・ピー・シー,グロース,機械
6257,藤商事,スタンダード,機械
6258,平田機工,プライム,機械
6262,ＰＥＧＡＳＵＳ,スタンダード,機械
6264,マルマエ,プライム,機械
6265,コンバム,スタンダード,機械
6266,タツモ,プライム,機械
6267,ゼネラルパッカー,スタンダード,機械
6268,ナブテスコ,プライム,機械
6269,三井海洋開発,プライム,機械
6272,レオン自動機,プライム,機械
6273,ＳＭＣ,プライム,機械
6276,シリウスビジョン,スタンダード,電気機器
6277,ホソカワミクロン,プライム,機械
6278,ユニオンツール,プライム,機械
6279,瑞光,プライム,機械
6282,オイレス工業,プライム,機械
6284,日精エー・エス・ビー機械,プライム,機械
6286,靜甲,スタンダード,機械
6287,サトー,プライム,機械
6289,技研製作所,プライム,機械
6291,日本エアーテック,スタンダード,機械
6292,カワタ,スタンダード,機械
6294,オカダアイヨン,プライム,機械
6298,ワイエイシイホールディングス,プライム,機械
6301,小松製作所,プライム,機械
6302,住友重機械工業,プライム,機械
6305,日立建機,プライム,機械
6306,日工,プライム,機械
6307,サンセイ,スタンダード,機械
6309,巴工業,プライム,機械
6310,井関農機,プライム,機械
6315,ＴＯＷＡ,プライム,機械
6316,丸山製作所,スタンダード,機械
6317,北川鉄工所,スタンダード,機械
6322,タクミナ,スタンダード,機械
6323,ローツェ,プライム,機械
6324,ハーモニック・ドライブ・システムズ,プライム,機械
6325,タカキタ,スタンダード,機械
6326,クボタ,プライム,機械
6327,北川精機,スタンダード,機械
6328,荏原実業,プライム,機械
6330,東洋エンジニアリング,プライム,建設業
6331,三菱化工機,プライム,機械
6332,月島ホールディングス,プライム,機械
6333,ＴＥＩＫＯＫＵ,プライム,機械
6334,明治機械,スタンダード,機械
6335,東京機械製作所,スタンダード,機械
6336,石井表記,スタンダード,機械
6337,テセック,スタンダード,機械
6338,タカトリ,スタンダード,機械
6339,新東工業,プライム,機械
6340,澁谷工業,プライム,機械
6342,太平製作所,スタンダード,機械
6343,フリージア・マクロス,スタンダード,機械
6345,アイチ　コーポレーション,プライム,機械
6346,キクカワエンタープライズ,スタンダード,機械
6347,プラコー,スタンダード,機械
6349,小森コーポレーション,プライム,機械
6351,鶴見製作所,プライム,機械
6356,日本ギア工業,スタンダード,機械
6357,三精テクノロジーズ,スタンダード,機械
6358,酒井重工業,プライム,機械
6360,東京自働機械製作所,スタンダード,機械
6361,荏原製作所,プライム,機械
6363,酉島製作所,プライム,機械
6364,ＡＩＲＭＡＮ,プライム,機械
6365,電業社機械製作所,スタンダード,機械
6366,千代田化工建設,スタンダード,建設業
6367,ダイキン工業,プライム,機械
6368,オルガノ,プライム,機械
6369,トーヨーカネツ,プライム,機械
6370,栗田工業,プライム,機械
6371,椿本チエイン,プライム,機械
6376,日機装,プライム,精密機器
6378,木村化工機,スタンダード,機械
6379,レイズネクスト,プライム,建設業
6380,オリエンタルチエン工業,スタンダード,機械
6381,アネスト岩田,プライム,機械
6382,トリニティ工業,スタンダード,機械
6383,ダイフク,プライム,機械
6384,昭和真空,スタンダード,機械
6387,サムコ,プライム,機械
6390,加藤製作所,プライム,機械
6391,加地テック,スタンダード,機械
6392,ヤマダコーポレーション,スタンダード,機械
6393,油研工業,スタンダード,機械
6395,タダノ,プライム,機械
6396,宇野澤組鐵工所,スタンダード,機械
6400,不二精機,スタンダード,機械
6402,兼松エンジニアリング,スタンダード,機械
6405,鈴茂器工,スタンダード,機械
6407,ＣＫＤ,プライム,機械
6408,小倉クラッチ,スタンダード,機械
6412,平和,プライム,機械
6413,理想科学工業,プライム,機械
6417,ＳＡＮＫＹＯ,プライム,機械
6418,日本金銭機械,プライム,機械
6419,マースグループホールディングス,プライム,機械
6420,ガリレイホールディングス,プライム,機械
6424,高見沢サイバネティックス,スタンダード,機械
6425,ユニバーサルエンターテインメント,スタンダード,機械
6428,オーイズミ,スタンダード,機械
6430,ダイコク電機,プライム,機械
6432,竹内製作所,プライム,機械
6433,ヒーハイスト,スタンダード,機械
6436,アマノ,プライム,機械
6440,ＪＵＫＩ,プライム,機械
6444,サンデン,スタンダード,機械
6445,ジャノメ,プライム,機械
6448,ブラザー工業,プライム,電気機器
6454,マックス,プライム,機械
6455,モリタホールディングス,プライム,輸送用機器
6457,グローリー,プライム,機械
6458,新晃工業,プライム,機械
6459,だいわ,プライム,機械
6460,セガサミーホールディングス,プライム,機械
6463,ＴＰＲ,プライム,機械
6464,ツバキ・ナカシマ,プライム,機械
6465,ホシザキ,プライム,機械
6466,ＴＶＥ,スタンダード,機械
6467,ニチダイ,スタンダード,機械
6469,放電精密加工研究所,スタンダード,機械
6470,大豊工業,スタンダード,機械
6471,日本精工,プライム,機械
6472,ＮＴＮ,プライム,機械
6473,ジェイテクト,プライム,機械
6474,不二越,プライム,機械
6479,ミネベアミツミ,プライム,電気機器
6480,日本トムソン,プライム,機械
6481,ＴＨＫ,プライム,機械
6482,ＹＵＳＨＩＮ,スタンダード,機械
6484,ＫＶＫ,スタンダード,機械
6485,前澤給装工業,スタンダード,機械
6486,イーグル工業,プライム,機械
6488,ヨシタケ,スタンダード,機械
6490,ＰＩＬＬＡＲ,プライム,機械
6492,岡野バルブ製造,スタンダード,機械
6493,ＮＩＴＴＡＮ,スタンダード,輸送用機器
6494,ＮＦＫホールディングス,スタンダード,機械
6495,宮入バルブ製作所,スタンダード,機械
6496,中北製作所,スタンダード,機械
6497,ハマイ,スタンダード,機械
6498,キッツ,プライム,機械
6501,日立製作所,プライム,電気機器
6503,三菱電機,プライム,電気機器
6504,富士電機,プライム,電気機器
6505,東洋電機製造,スタンダード,電気機器
6506,安川電機,プライム,電気機器
6507,シンフォニアテクノロジー,プライム,電気機器
6508,明電舎,プライム,電気機器
6513,オリジン,スタンダード,電気機器
6516,山洋電気,プライム,電気機器
6517,デンヨー,プライム,電気機器
6518,三相電機,スタンダード,電気機器
6521,オキサイド,グロース,電気機器
6522,アスタリスク,グロース,電気機器
6523,ＰＨＣホールディングス,プライム,電気機器
6524,湖北工業,スタンダード,電気機器
6525,ＫＯＫＵＳＡＩ　ＥＬＥＣＴＲＩＣ,プライム,電気機器
6526,ソシオネクスト,プライム,電気機器
6532,ベイカレント,プライム,サービス業
6533,Ｏｒｃｈｅｓｔｒａ　Ｈｏｌｄｉｎｇｓ,プライム,サービス業
6535,アイモバイル,プライム,サービス業
6537,ＷＡＳＨハウス,グロース,サービス業
6538,ディスラプターズ,スタンダード,サービス業
6539,ＭＳ－Ｊａｐａｎ,プライム,サービス業
6540,船場,スタンダード,サービス業
6543,日宣,スタンダード,サービス業
6544,ジャパンエレベーターサービスホールディングス,プライム,サービス業
6545,インターネットインフィニティー,グロース,サービス業
6546,フルテック,スタンダード,サービス業
6547,グリーンズ,スタンダード,サービス業
6548,旅工房,グロース,サービス業
6549,ディーエムソリューションズ,スタンダード,サービス業
6551,ツナググループ・ホールディングス,スタンダード,サービス業
6552,ＧａｍｅＷｉｔｈ,スタンダード,サービス業
6554,エスユーエス,グロース,サービス業
6555,ＭＳ＆Ｃｏｎｓｕｌｔｉｎｇ,スタンダード,サービス業
6557,ＡＩＡＩグループ,グロース,サービス業
6558,クックビズ,グロース,サービス業
6560,エル・ティー・エス,プライム,サービス業
6561,ＨＡＮＡＴＯＵＲ　ＪＡＰＡＮ,グロース,サービス業
6562,ジーニー,グロース,サービス業
6563,みらいワークス,グロース,サービス業
6564,ミダックホールディングス,プライム,サービス業
6566,要興業,スタンダード,サービス業
6568,神戸天然物化学,グロース,サービス業
6570,共和コーポレーション,スタンダード,サービス業
6571,キュービーネットホールディングス,プライム,サービス業
6572,オープングループ,プライム,サービス業
6573,ＣＲＡＶＩＡ,グロース,サービス業
6574,コンヴァノ,グロース,サービス業
6577,ベストワンドットコム,グロース,サービス業
6578,コレックホールディングス,スタンダード,サービス業
6579,ログリー,グロース,サービス業
6580,ライトアップ,グロース,サービス業
6584,三櫻工業,プライム,輸送用機器
6586,マキタ,プライム,機械
6588,東芝テック,プライム,電気機器
6590,芝浦メカトロニクス,プライム,電気機器
6592,マブチモーター,プライム,電気機器
6594,ニデック,プライム,電気機器
6597,ＨＰＣシステムズ,グロース,電気機器
6599,エブレン,スタンダード,電気機器
6612,バルミューダ,グロース,電気機器
6613,ＱＤレーザ,グロース,電気機器
6614,シキノハイテック,スタンダード,電気機器
6615,ユー・エム・シー・エレクトロニクス,プライム,電気機器
6616,トレックス・セミコンダクター,プライム,電気機器
6617,東光高岳,プライム,電気機器
6619,ダブル・スコープ,プライム,電気機器
6620,宮越ホールディングス,プライム,不動産業
6622,ダイヘン,プライム,電気機器
6625,ＪＡＬＣＯホールディングス,スタンダード,不動産業
6626,ＳＥＭＩＴＥＣ,スタンダード,電気機器
6627,テラプローブ,スタンダード,電気機器
6629,テクノホライゾン,スタンダード,電気機器
6630,ヤーマン,プライム,電気機器
6632,ＪＶＣケンウッド,プライム,電気機器
6633,ＣＧＳホールディングス,スタンダード,電気機器
6634,ＪＮグループ,スタンダード,電気機器
6635,大日光・エンジニアリング,スタンダード,電気機器
6637,寺崎電気産業,スタンダード,電気機器
6638,ミマキエンジニアリング,プライム,電気機器
6643,戸上電機製作所,スタンダード,電気機器
6644,大崎電気工業,プライム,電気機器
6645,オムロン,プライム,電気機器
6647,森尾電機,スタンダード,電気機器
6648,かわでん,スタンダード,電気機器
6651,日東工業,プライム,電気機器
6652,ＩＤＥＣ,プライム,電気機器
6653,正興電機製作所,プライム,電気機器
6654,不二電機工業,スタンダード,電気機器
6656,インスペック,スタンダード,電気機器
6658,シライ電子工業,スタンダード,電気機器
6659,メディアリンクス,スタンダード,電気機器
6662,ユビテック,スタンダード,電気機器
6663,太洋テクノレックス,スタンダード,電気機器
6664,オプトエレクトロニクス,スタンダード,電気機器
6666,リバーエレテック,スタンダード,電気機器
6668,アドテック　プラズマ　テクノロジー,スタンダード,電気機器
6674,ジーエス・ユアサ　コーポレーション,プライム,電気機器
6675,サクサ,スタンダード,電気機器
6676,ＢＵＦＦＡＬＯ,スタンダード,電気機器
6677,エスケーエレクトロニクス,スタンダード,電気機器
6678,テクノメディカ,スタンダード,電気機器
6694,ズーム,スタンダード,電気機器
6696,トラース・オン・プロダクト,グロース,電気機器
6699,ダイヤモンドエレクトリックホールディングス,スタンダード,電気機器
6701,日本電気,プライム,電気機器
6702,富士通,プライム,電気機器
6703,沖電気工業,プライム,電気機器
6706,電気興業,プライム,電気機器
6707,サンケン電気,プライム,電気機器
6718,アイホン,プライム,電気機器
6721,ウインテスト,スタンダード,電気機器
6723,ルネサスエレクトロニクス,プライム,電気機器
6724,セイコーエプソン,プライム,電気機器
6727,ワコム,プライム,電気機器
6728,アルバック,プライム,電気機器
6730,アクセル,スタンダード,電気機器
6731,ピクセラ,スタンダード,電気機器
6736,サン電子,スタンダード,電気機器
6737,ＥＩＺＯ,プライム,電気機器
6740,ジャパンディスプレイ,プライム,電気機器
6741,日本信号,プライム,電気機器
6742,京三製作所,プライム,電気機器
6743,大同信号,スタンダード,電気機器
6744,能美防災,プライム,電気機器
6745,ホーチキ,プライム,電気機器
6748,星和電機,スタンダード,電気機器
6750,エレコム,プライム,電気機器
6752,パナソニック　ホールディングス,プライム,電気機器
6753,シャープ,プライム,電気機器
6754,アンリツ,プライム,電気機器
6757,ＯＳＧコーポレーション,スタンダード,電気機器
6758,ソニーグループ,プライム,電気機器
6762,ＴＤＫ,プライム,電気機器
6763,帝国通信工業,プライム,電気機器
6768,タムラ製作所,プライム,電気機器
6769,ザインエレクトロニクス,スタンダード,電気機器
6770,アルプスアルパイン,プライム,電気機器
6771,池上通信機,スタンダード,電気機器
6772,東京コスモス電機,スタンダード,電気機器
6775,ＴＢグループ,スタンダード,電気機器
6776,天昇電気工業,スタンダード,化学
6777,ｓａｎｔｅｃ　Ｈｏｌｄｉｎｇｓ,スタンダード,電気機器
6778,アルチザネットワークス,スタンダード,電気機器
6779,日本電波工業,プライム,電気機器
6785,鈴木,プライム,電気機器
6786,ＲＶＨ,スタンダード,サービス業
6787,メイコー,プライム,電気機器
6788,日本トリム,プライム,電気機器
6794,フォスター電機,プライム,電気機器
6797,名古屋電機工業,スタンダード,電気機器
6798,ＳＭＫ,プライム,電気機器
6800,ヨコオ,プライム,電気機器
6803,ティアック,スタンダード,電気機器
6804,ホシデン,プライム,電気機器
6806,ヒロセ電機,プライム,電気機器
6807,日本航空電子工業,プライム,電気機器
6809,ＴＯＡ,プライム,電気機器
6810,マクセル,プライム,電気機器
6814,古野電気,プライム,電気機器
6817,スミダコーポレーション,プライム,電気機器
6819,伊豆シャボテンリゾート,スタンダード,サービス業
6820,アイコム,プライム,電気機器
6822,大井電気,スタンダード,電気機器
6823,リオン,プライム,電気機器
6824,新コスモス電機,スタンダード,電気機器
6832,アオイ電子,スタンダード,電気機器
6834,精工技研,スタンダード,電気機器
6835,アライドテレシスホールディングス,スタンダード,電気機器
6836,ぷらっとホーム,スタンダード,電気機器
6837,京写,スタンダード,電気機器
6838,多摩川ホールディングス,スタンダード,電気機器
6840,ＡＫＩＢＡホールディングス,スタンダード,電気機器
6841,横河電機,プライム,電気機器
6844,新電元工業,プライム,電気機器
6845,アズビル,プライム,電気機器
6848,東亜ディーケーケー,スタンダード,電気機器
6849,日本光電工業,プライム,電気機器
6850,チノー,プライム,電気機器
6853,共和電業,スタンダード,電気機器
6855,日本電子材料,スタンダード,電気機器
6856,堀場製作所,プライム,電気機器
6857,アドバンテスト,プライム,電気機器
6858,小野測器,スタンダード,電気機器
6859,エスペック,プライム,電気機器
6861,キーエンス,プライム,電気機器
6862,ミナトホールディングス,スタンダード,電気機器
6863,ニレコ,スタンダード,電気機器
6864,エヌエフホールディングス,スタンダード,電気機器
6866,日置電機,プライム,電気機器
6867,リーダー電子,スタンダード,電気機器
6869,シスメックス,プライム,電気機器
6870,日本フェンオール,スタンダード,電気機器
6871,日本マイクロニクス,プライム,電気機器
6874,協立電機,スタンダード,電気機器
6875,メガチップス,プライム,電気機器
6877,ＯＢＡＲＡ　ＧＲＯＵＰ,スタンダード,電気機器
6882,三社電機製作所,スタンダード,電気機器
6888,アクモス,スタンダード,情報・通信業
6890,フェローテック,スタンダード,電気機器
6894,パルステック工業,スタンダード,電気機器
6897,ツインバード,スタンダード,電気機器
6898,トミタ電機,スタンダード,電気機器
6899,ＡＳＴＩ,スタンダード,電気機器
6902,デンソー,プライム,輸送用機器
6904,原田工業,スタンダード,電気機器
6905,コーセル,プライム,電気機器
6907,ジオマテック,スタンダード,電気機器
6908,イリソ電子工業,プライム,電気機器
6912,菊水ホールディングス,スタンダード,電気機器
6914,オプテックスグループ,プライム,電気機器
6915,千代田インテグレ,スタンダード,電気機器
6918,アバールデータ,スタンダード,電気機器
6919,ケル,スタンダード,電気機器
6920,レーザーテック,プライム,電気機器
6923,スタンレー電気,プライム,電気機器
6925,ウシオ電機,プライム,電気機器
6926,岡谷電機産業,スタンダード,電気機器
6927,ヘリオス　テクノ　ホールディング,スタンダード,電気機器
6928,エノモト,スタンダード,電気機器
6929,日本セラミック,プライム,電気機器
6932,遠藤照明,スタンダード,電気機器
6941,山一電機,プライム,電気機器
6942,ソフィアホールディングス,スタンダード,情報・通信業
6943,ＮＫＫスイッチズ,スタンダード,電気機器
6946,日本アビオニクス,スタンダード,電気機器
6947,図研,プライム,電気機器
6951,日本電子,プライム,電気機器
6952,カシオ計算機,プライム,電気機器
6954,ファナック,プライム,電気機器
6955,ＦＤＫ,スタンダード,電気機器
6958,日本シイエムケイ,プライム,電気機器
6960,フクダ電子,スタンダード,電気機器
6961,エンプラス,プライム,電気機器
6962,大真空,プライム,電気機器
6963,ローム,プライム,電気機器
6964,サンコー,スタンダード,電気機器
6965,浜松ホトニクス,プライム,電気機器
6966,三井ハイテック,プライム,電気機器
6969,松尾電機,スタンダード,電気機器
6971,京セラ,プライム,電気機器
6976,太陽誘電,プライム,電気機器
6977,日本抵抗器製作所,スタンダード,電気機器
6981,村田製作所,プライム,電気機器
6982,リード,スタンダード,輸送用機器
6986,双葉電子工業,プライム,電気機器
6988,日東電工,プライム,化学
6989,北陸電気工業,スタンダード,電気機器
6993,大黒屋ホールディングス,スタンダード,小売業
6994,指月電機製作所,スタンダード,電気機器
6995,東海理化電機製作所,プライム,輸送用機器
6996,ニチコン,プライム,電気機器
6997,日本ケミコン,プライム,電気機器
6998,日本タングステン,スタンダード,電気機器
6999,ＫＯＡ,プライム,電気機器
7003,三井Ｅ＆Ｓ,プライム,機械
7004,カナデビア,プライム,機械
7011,三菱重工業,プライム,機械
7012,川崎重工業,プライム,輸送用機器
7013,ＩＨＩ,プライム,機械
7014,名村造船所,スタンダード,輸送用機器
7018,内海造船,スタンダード,輸送用機器
7021,ニッチツ,スタンダード,機械
7022,サノヤスホールディングス,スタンダード,機械
7030,スプリックス,スタンダード,サービス業
7031,インバウンドテック,グロース,サービス業
7033,マネジメントソリューションズ,プライム,サービス業
7034,プロレド・パートナーズ,プライム,サービス業
7035,ａｎｄ　ｆａｃｔｏｒｙ,スタンダード,サービス業
7036,イーエムネットジャパン,グロース,サービス業
7037,テノ．ホールディングス,スタンダード,サービス業
7038,フロンティア・マネジメント,プライム,サービス業
7039,ブリッジインターナショナルグループ,グロース,サービス業
7040,サン・ライフホールディング,スタンダード,サービス業
7041,ＣＲＧホールディングス,グロース,サービス業
7042,アクセスグループ・ホールディングス,スタンダード,サービス業
7043,アルー,グロース,サービス業
7044,ピアラ,スタンダード,サービス業
7046,ＴＤＳＥ,グロース,サービス業
7047,ポート,グロース,サービス業
7048,ベルトラ,グロース,サービス業
7049,識学,グロース,サービス業
7050,フロンティアインターナショナル,グロース,サービス業
7057,エヌ・シー・エヌ,スタンダード,サービス業
7058,共栄セキュリティーサービス,スタンダード,サービス業
7059,コプロ・ホールディングス,プライム,サービス業
7060,ギークス,スタンダード,サービス業
7061,日本ホスピスホールディングス,グロース,サービス業
7062,フレアス,グロース,サービス業
7063,Ｂｉｒｄｍａｎ,グロース,サービス業
7064,ハウテレビジョン,スタンダード,サービス業
7065,ユーピーアール,スタンダード,サービス業
7066,ピアズ,グロース,サービス業
7067,ブランディングテクノロジー,グロース,サービス業
7068,フィードフォースグループ,グロース,サービス業
7069,サイバー・バズ,グロース,サービス業
7071,アンビスホールディングス,プライム,サービス業
7072,インティメート・マージャー,グロース,サービス業
7073,ジェイック,グロース,サービス業
7074,トゥエンティーフォーセブンホールディングス,グロース,サービス業
7075,ＱＬＳホールディングス,グロース,サービス業
7077,ＡＬｉＮＫインターネット,グロース,サービス業
7078,ＩＮＣＬＵＳＩＶＥ　Ｈｏｌｄｉｎｇｓ,グロース,サービス業
7079,ＷＤＢココ,グロース,サービス業
7080,スポーツフィールド,グロース,サービス業
7081,コーユーレンティア,スタンダード,サービス業
7082,ジモティー,グロース,サービス業
7083,ＡＨＣグループ,グロース,サービス業
7084,Ｓｍｉｌｅ　Ｈｏｌｄｉｎｇｓ,グロース,サービス業
7085,カーブスホールディングス,プライム,サービス業
7087,ウイルテック,スタンダード,サービス業
7089,フォースタートアップス,グロース,サービス業
7090,リグア,グロース,サービス業
7091,リビングプラットフォーム,グロース,サービス業
7093,アディッシュ,グロース,サービス業
7094,ＮｅｘＴｏｎｅ,グロース,サービス業
7095,Ｍａｃｂｅｅ　Ｐｌａｎｅｔ,プライム,サービス業
7096,ステムセル研究所,グロース,サービス業
7097,さくらさくプラス,グロース,サービス業
7102,日本車輌製造,プライム,輸送用機器
7110,クラシコム,グロース,小売業
7111,ＩＮＥＳＴ,スタンダード,卸売業
7112,キューブ,グロース,小売業
7114,フーディソン,グロース,卸売業
7115,アルファパーチェス,スタンダード,卸売業
7119,ハルメクホールディングス,グロース,小売業
7120,ＳＨＩＮＫＯ,スタンダード,卸売業
7122,近畿車輛,スタンダード,輸送用機器
7126,グローバルスタイル,スタンダード,小売業
7127,一家ホールディングス,スタンダード,小売業
7128,ユニソルホールディングス,プライム,卸売業
7129,ミアヘルサホールディングス,スタンダード,小売業
7130,ヤマエグループホールディングス,プライム,卸売業
7131,のむら産業,スタンダード,卸売業
7133,ＨＹＵＧＡ　ＰＲＩＭＡＲＹ　ＣＡＲＥ,グロース,小売業
7134,アップガレージグループ,スタンダード,小売業
7135,ジャパンクラフトホールディングス,スタンダード,小売業
7138,ＴＯＲＩＣＯ,グロース,小売業
7140,ペットゴー,グロース,小売業
7148,ＦＰＧ,プライム,証券、商品先物取引業
7150,島根銀行,スタンダード,銀行業
7157,ライフネット生命保険,プライム,保険業
7161,じもとホールディングス,スタンダード,銀行業
7162,アストマックス,スタンダード,電気・ガス業
7164,全国保証,プライム,その他金融業
7167,めぶきフィナンシャルグループ,プライム,銀行業
7172,ジャパンインベストメントアドバイザー,プライム,証券、商品先物取引業
7173,東京きらぼしフィナンシャルグループ,プライム,銀行業
7175,今村証券,スタンダード,証券、商品先物取引業
7177,ＧＭＯフィナンシャルホールディングス,スタンダード,証券、商品先物取引業
7180,九州フィナンシャルグループ,プライム,銀行業
7181,かんぽ生命保険,プライム,保険業
7182,ゆうちょ銀行,プライム,銀行業
7183,あんしん保証,スタンダード,その他金融業
7184,富山第一銀行,プライム,銀行業
7185,ヒロセ通商,スタンダード,証券、商品先物取引業
7186,横浜フィナンシャルグループ,プライム,銀行業
7187,ジェイリース,プライム,その他金融業
7189,西日本フィナンシャルホールディングス,プライム,銀行業
7191,イントラスト,スタンダード,その他金融業
7192,日本モーゲージサービス,スタンダード,その他金融業
7196,Ｃａｓａ,スタンダード,その他金融業
7198,ＳＢＩアルヒ,プライム,その他金融業
7199,プレミアグループ,プライム,その他金融業
7201,日産自動車,プライム,輸送用機器
7202,いすゞ自動車,プライム,輸送用機器
7203,トヨタ自動車,プライム,輸送用機器
7208,カネミツ,スタンダード,輸送用機器
7211,三菱自動車工業,プライム,輸送用機器
7212,エフテック,スタンダード,輸送用機器
7213,レシップホールディングス,スタンダード,輸送用機器
7214,ＧＭＢ,スタンダード,輸送用機器
7215,ファルテック,スタンダード,輸送用機器
7217,テイン,スタンダード,輸送用機器
7218,田中精密工業,スタンダード,輸送用機器
7219,エッチ・ケー・エス,スタンダード,輸送用機器
7220,武蔵精密工業,プライム,輸送用機器
7222,日産車体,スタンダード,輸送用機器
7224,新明和工業,プライム,輸送用機器
7226,極東開発工業,プライム,輸送用機器
7228,デイトナ,スタンダード,輸送用機器
7231,トピー工業,プライム,輸送用機器
7235,東京ラヂエーター製造,スタンダード,輸送用機器
7236,ティラド,プライム,輸送用機器
7238,曙ブレーキ工業,プライム,輸送用機器
7239,タチエス,プライム,輸送用機器
7240,ＮＯＫ,プライム,輸送用機器
7241,フタバ産業,プライム,輸送用機器
7242,カヤバ,プライム,輸送用機器
7244,市光工業,プライム,電気機器
7245,大同メタル工業,プライム,輸送用機器
7246,プレス工業,プライム,輸送用機器
7247,ミクニ,スタンダード,輸送用機器
7254,ユニバンス,スタンダード,輸送用機器
7255,桜井製作所,スタンダード,輸送用機器
7256,河西工業,スタンダード,輸送用機器
7259,アイシン,プライム,輸送用機器
7261,マツダ,プライム,輸送用機器
7264,ムロコーポレーション,スタンダード,輸送用機器
7265,エイケン工業,スタンダード,輸送用機器
7266,今仙電機製作所,スタンダード,輸送用機器
7267,本田技研工業,プライム,輸送用機器
7269,スズキ,プライム,輸送用機器
7270,ＳＵＢＡＲＵ,プライム,輸送用機器
7271,安永,スタンダード,輸送用機器
7272,ヤマハ発動機,プライム,輸送用機器
7273,イクヨ,スタンダード,輸送用機器
7276,小糸製作所,プライム,電気機器
7277,ＴＢＫ,スタンダード,輸送用機器
7278,エクセディ,プライム,輸送用機器
7279,ハイレックスコーポレーション,スタンダード,輸送用機器
7280,ミツバ,プライム,電気機器
7282,豊田合成,プライム,輸送用機器
7283,愛三工業,プライム,輸送用機器
7284,盟和産業,スタンダード,輸送用機器
7287,日本精機,スタンダード,輸送用機器
7291,日本プラスト,スタンダード,輸送用機器
7292,村上開明堂,スタンダード,輸送用機器
7294,ヨロズ,プライム,輸送用機器
7296,エフ・シー・シー,プライム,輸送用機器
7297,カーメイト,スタンダード,輸送用機器
7299,フジオーゼックス,スタンダード,輸送用機器
7305,新家工業,スタンダード,鉄鋼
7309,シマノ,プライム,輸送用機器
7313,テイ・エス　テック,プライム,輸送用機器
7314,小田原機器,スタンダード,輸送用機器
7318,セレンディップ・ホールディングス,グロース,輸送用機器
7320,Ｓｏｌｖｖｙ,グロース,その他金融業
7322,三十三フィナンシャルグループ,プライム,銀行業
7325,アイリックコーポレーション,グロース,保険業
7326,ＳＢＩインシュアランスグループ,グロース,保険業
7327,第四北越フィナンシャルグループ,プライム,銀行業
7337,ひろぎんホールディングス,プライム,銀行業
7343,ブロードマインド,グロース,保険業
7345,アイ・パートナーズフィナンシャル,グロース,その他金融業
7347,マーキュリアホールディングス,プライム,証券、商品先物取引業
7350,おきなわフィナンシャルグループ,プライム,銀行業
7351,グッドパッチ,グロース,サービス業
7352,ＴＷＯＳＴＯＮＥ＆Ｓｏｎｓ,グロース,サービス業
7353,ＫＩＹＯラーニング,グロース,サービス業
7354,ダイレクトマーケティングミックス,スタンダード,サービス業
7356,Ｒｅｔｔｙ,グロース,サービス業
7357,ジオコード,スタンダード,サービス業
7358,ポピンズ,スタンダード,サービス業
7359,東京通信グループ,グロース,サービス業
7360,オンデック,グロース,サービス業
7361,ヒューマンクリエイションホールディングス,グロース,サービス業
7362,Ｔ．Ｓ．Ｉ,グロース,サービス業
7363,ベビーカレンダー,グロース,サービス業
7366,ＬＩＴＡＬＩＣＯ,プライム,サービス業
7367,セルム,スタンダード,サービス業
7368,表示灯,スタンダード,サービス業
7369,メイホーホールディングス,グロース,サービス業
7370,Ｅｎｊｉｎ,グロース,サービス業
7371,Ｚｅｎｋｅｎ,グロース,サービス業
7372,デコルテ・ホールディングス,グロース,サービス業
7373,アイドマ・ホールディングス,グロース,サービス業
7374,コンフィデンス・インターワークス,グロース,サービス業
7375,リファインバースグループ,グロース,サービス業
7376,ＢＣＣ,グロース,サービス業
7377,ＤＮホールディングス,スタンダード,サービス業
7378,アシロ,グロース,サービス業
7380,十六フィナンシャルグループ,プライム,銀行業
7381,ＣＣＩグループ,プライム,銀行業
7383,ネットプロテクションズホールディングス,プライム,その他金融業
7384,プロクレアホールディングス,プライム,銀行業
7388,ＦＰパートナー,プライム,保険業
7389,あいちフィナンシャルグループ,プライム,銀行業
7399,ナンシン,スタンダード,輸送用機器
7409,ＡｅｒｏＥｄｇｅ,グロース,輸送用機器
7412,アトム,スタンダード,小売業
7413,創健社,スタンダード,卸売業
7414,小野建,プライム,卸売業
7416,はるやまホールディングス,スタンダード,小売業
7417,南陽,スタンダード,卸売業
7419,ノジマ,プライム,小売業
7421,カッパ・クリエイト,プライム,小売業
7422,東邦レマック,スタンダード,卸売業
7425,初穂商事,スタンダード,卸売業
7426,山大,スタンダード,卸売業
7427,エコートレーディング,スタンダード,卸売業
7433,伯東,プライム,卸売業
7434,オータケ,スタンダード,卸売業
7435,ナ・デックス,スタンダード,卸売業
7438,コンドーテック,プライム,卸売業
7442,中山福,スタンダード,卸売業
7443,横浜魚類,スタンダード,卸売業
7444,ハリマ共和物産,スタンダード,卸売業
7446,東北化学薬品,スタンダード,卸売業
7447,ナガイレーベン,プライム,卸売業
7453,良品計画,プライム,小売業
7456,松田産業,プライム,卸売業
7458,第一興商,プライム,卸売業
7459,メディパルホールディングス,プライム,卸売業
7460,ヤギ,スタンダード,卸売業
7461,キムラ,スタンダード,卸売業
7462,ＣＡＰＩＴＡ,スタンダード,小売業
7463,アドヴァングループ,スタンダード,小売業
7464,セフテック,スタンダード,卸売業
7466,ＳＰＫ,プライム,卸売業
7472,鳥羽洋行,スタンダード,卸売業
7475,アルビス,プライム,小売業
7476,アズワン,プライム,卸売業
7477,ムラキ,スタンダード,卸売業
7480,スズデン,スタンダード,卸売業
7481,尾家産業,スタンダード,卸売業
7482,シモジマ,プライム,卸売業
7483,ドウシシャ,プライム,卸売業
7486,サンリン,スタンダード,卸売業
7487,小津産業,スタンダード,卸売業
7490,日新商事,スタンダード,卸売業
7494,コナカ,スタンダード,小売業
7500,西川計測,スタンダード,卸売業
7501,ティムコ,スタンダード,卸売業
7502,プラザホールディングス,スタンダード,サービス業
7504,高速,プライム,卸売業
7505,扶桑電通,スタンダード,卸売業
7506,ハウス　オブ　ローゼ,スタンダード,小売業
7508,Ｇ‐７ホールディングス,プライム,小売業
7509,アイエーグループ,スタンダード,小売業
7510,たけびし,プライム,卸売業
7512,イオン北海道,スタンダード,小売業
7513,コジマ,プライム,小売業
7514,ヒマラヤ,スタンダード,小売業
7515,マルヨシセンター,スタンダード,小売業
7516,コーナン商事,プライム,小売業
7520,エコス,プライム,小売業
7521,ムサシ,スタンダード,卸売業
7522,ワタミ,プライム,小売業
7523,アールビバン,スタンダード,小売業
7524,マルシェ,スタンダード,小売業
7525,リックス,プライム,卸売業
7527,システムソフト,スタンダード,情報・通信業
7531,清和中央ホールディングス,スタンダード,卸売業
7532,パン・パシフィック・インターナショナルホールディングス,プライム,小売業
7537,丸文,プライム,卸売業
7538,大水,スタンダード,卸売業
7539,アイナボホールディングス,スタンダード,卸売業
7544,スリーエフ,スタンダード,小売業
7545,西松屋チェーン,プライム,小売業
7550,ゼンショーホールディングス,プライム,小売業
7551,ウェッズ,スタンダード,輸送用機器
7552,ハピネット,プライム,卸売業
7554,幸楽苑,プライム,小売業
7555,大田花き,スタンダード,卸売業
7561,ハークスレイホールディングス,スタンダード,小売業
7562,安楽亭,スタンダード,小売業
7564,ワークマン,スタンダード,小売業
7565,萬世電機,スタンダード,卸売業
7567,栄電子,スタンダード,卸売業
7570,橋本総業ホールディングス,スタンダード,卸売業
7571,ヤマノホールディングス,スタンダード,小売業
7575,日本ライフライン,プライム,卸売業
7578,ニチリョク,スタンダード,小売業
7581,サイゼリヤ,プライム,小売業
7585,かんなん丸,スタンダード,小売業
7590,タカショー,スタンダード,卸売業
7593,ＶＴホールディングス,プライム,小売業
7595,アルゴグラフィックス,プライム,情報・通信業
7596,魚力,プライム,小売業
7599,ＩＤＯＭ,プライム,卸売業
7600,日本エム・ディ・エム,プライム,精密機器
7601,ポプラ,スタンダード,小売業
7602,レダックス,スタンダード,卸売業
7603,ジーイエット,スタンダード,小売業
7604,梅の花グループ,スタンダード,小売業
7606,ユナイテッドアローズ,プライム,小売業
7607,進和,プライム,卸売業
7608,エスケイジャパン,スタンダード,卸売業
7609,ダイトロン,プライム,卸売業
7610,テイツー,スタンダード,小売業
7611,ハイデイ日高,プライム,小売業
7613,シークス,プライム,卸売業
7614,オーエムツーネットワーク,スタンダード,小売業
7615,京都きもの友禅ホールディングス,スタンダード,小売業
7616,コロワイド,プライム,小売業
7619,田中商事,スタンダード,卸売業
7621,うかい,スタンダード,小売業
7624,ＮａＩＴＯ,スタンダード,卸売業
7625,グローバルダイニング,スタンダード,小売業
7628,オーハシテクニカ,プライム,卸売業
7630,壱番屋,プライム,小売業
7634,星医療酸器,スタンダード,卸売業
7636,ハンズマン,スタンダード,小売業
7637,白銅,プライム,卸売業
7638,ＮＥＷ　ＡＲＴ　ＨＯＬＤＩＮＧＳ,スタンダード,小売業
7640,トップカルチャー,スタンダード,小売業
7643,ダイイチ,スタンダード,小売業
7646,ＰＬＡＮＴ,スタンダード,小売業
7649,スギホールディングス,プライム,小売業
7670,オーウエル,スタンダード,卸売業
7673,ダイコー通産,スタンダード,卸売業
7674,ＮＡＴＴＹ　ＳＷＡＮＫＹホールディングス,グロース,小売業
7677,ヤシマキザイ,スタンダード,卸売業
7678,あさくま,スタンダード,小売業
7679,薬王堂ホールディングス,プライム,小売業
7681,レオクラン,スタンダード,卸売業
7682,浜木綿,スタンダード,小売業
7683,ダブルエー,プライム,小売業
7685,ＢｕｙＳｅｌｌ　Ｔｅｃｈｎｏｌｏｇｉｅｓ,グロース,卸売業
7686,ひとまいる,スタンダード,小売業
7687,ミクリード,グロース,卸売業
7689,コパ・コーポレーション,グロース,卸売業
7692,アースインフィニティ,スタンダード,電気・ガス業
7694,いつも,グロース,小売業
7695,交換できるくん,グロース,小売業
7698,アイスコ,スタンダード,卸売業
7701,島津製作所,プライム,精密機器
7702,ＪＭＳ,スタンダード,精密機器
7707,プレシジョン・システム・サイエンス,グロース,精密機器
7709,クボテック,スタンダード,精密機器
7711,助川電気工業,スタンダード,精密機器
7713,シグマ光機,スタンダード,精密機器
7715,長野計器,プライム,精密機器
7716,ナカニシ,スタンダード,精密機器
7717,ブイ・テクノロジー,プライム,精密機器
7719,東京衡機,スタンダード,精密機器
7721,東京計器,プライム,精密機器
7722,国際計測器,スタンダード,精密機器
7723,愛知時計電機,プライム,精密機器
7725,インターアクション,プライム,精密機器
7726,黒田精工,スタンダード,機械
7727,オーバル,スタンダード,精密機器
7729,東京精密,プライム,精密機器
7730,マニー,プライム,精密機器
7731,ニコン,プライム,精密機器
7733,オリンパス,プライム,精密機器
7734,理研計器,プライム,精密機器
7735,ＳＣＲＥＥＮホールディングス,プライム,電気機器
7740,タムロン,プライム,精密機器
7741,ＨＯＹＡ,プライム,精密機器
7743,シード,スタンダード,精密機器
7744,ノーリツ鋼機,プライム,精密機器
7745,Ａ＆Ｄホロンホールディングス,プライム,精密機器
7746,岡本硝子,スタンダード,精密機器
7747,朝日インテック,プライム,精密機器
7749,メディキット,スタンダード,精密機器
7751,キヤノン,プライム,電気機器
7752,リコー,プライム,電気機器
7760,ＩＭＶ,スタンダード,精密機器
7762,シチズン時計,プライム,精密機器
7769,リズム,プライム,精密機器
7771,日本精密,スタンダード,精密機器
7774,ジャパン・ティッシュエンジニアリング,グロース,精密機器
7775,大研医器,スタンダード,精密機器
7776,セルシード,グロース,精密機器
7777,スリー・ディー・マトリックス,グロース,精密機器
7779,ＣＹＢＥＲＤＹＮＥ,グロース,精密機器
7780,メニコン,プライム,精密機器
7781,平山ホールディングス,スタンダード,精密機器
7782,シンシア,スタンダード,精密機器
7791,ドリームベッド,スタンダード,その他製品
7792,コラントッテ,グロース,その他製品
7793,イメージ・マジック,グロース,その他製品
7794,イーディーピー,グロース,その他製品
7795,ＫＹＯＲＩＴＳＵ,スタンダード,その他製品
7800,アミファ,スタンダード,その他製品
7803,ブシロード,グロース,その他製品
7804,ビーアンドピー,スタンダード,その他製品
7805,プリントネット,スタンダード,その他製品
7806,ＭＴＧ,グロース,その他製品
7807,幸和製作所,スタンダード,その他製品
7808,シー・エス・ランバー,スタンダード,その他製品
7809,壽屋,スタンダード,その他製品
7810,クロスフォー,スタンダード,その他製品
7811,中本パックス,スタンダード,その他製品
7812,クレステック,スタンダード,その他製品
7813,プラッツ,スタンダード,その他製品
7814,日本創発グループ,スタンダード,その他製品
7815,東京ボード工業,スタンダード,その他製品
7818,トランザクション,プライム,その他製品
7819,粧美堂,スタンダード,その他製品
7820,ニホンフラッシュ,プライム,その他製品
7821,前田工繊,プライム,その他製品
7822,永大産業,スタンダード,その他製品
7823,アートネイチャー,スタンダード,その他製品
7826,フルヤ金属,プライム,その他製品
7827,オービス,スタンダード,その他製品
7831,ウイルコホールディングス,スタンダード,その他製品
7832,バンダイナムコホールディングス,プライム,その他製品
7833,アイフィスジャパン,スタンダード,その他製品
7836,アビックス,スタンダード,その他製品
7837,アールシーコア,スタンダード,その他製品
7839,ＳＨＯＥＩ,プライム,その他製品
7840,フランスベッドホールディングス,プライム,その他製品
7841,遠藤製作所,スタンダード,その他製品
7844,マーベラス,プライム,情報・通信業
7846,パイロットコーポレーション,プライム,その他製品
7847,グラファイトデザイン,スタンダード,その他製品
7849,スターツ出版,スタンダード,情報・通信業
7850,総合商研,スタンダード,その他製品
7851,カワセコンピュータサプライ,スタンダード,その他製品
7856,萩原工業,プライム,その他製品
7857,セキ,スタンダード,その他製品
7859,アルメディオ,スタンダード,その他製品
7860,エイベックス,プライム,情報・通信業
7863,平賀,スタンダード,その他製品
7864,フジシールインターナショナル,プライム,その他製品
7865,ピープル,スタンダード,その他製品
7867,タカラトミー,プライム,その他製品
7868,広済堂ホールディングス,プライム,その他製品
7871,フクビ化学工業,スタンダード,化学
7872,エステールホールディングス,スタンダード,その他製品
7874,レック,プライム,化学
7875,竹田ｉＰホールディングス,スタンダード,その他製品
7877,永大化工,スタンダード,化学
7878,光・彩,スタンダード,その他製品
7879,ノダ,スタンダード,その他製品
7883,サンメッセ,スタンダード,その他製品
7885,タカノ,スタンダード,その他製品
7886,ヤマト　モビリティ　＆　Ｍｆｇ．,スタンダード,化学
7887,南海プライウッド,スタンダード,その他製品
7888,三光合成,プライム,化学
7893,プロネクサス,プライム,その他製品
7896,セブン工業,スタンダード,その他製品
7897,ホクシン,スタンダード,その他製品
7898,ウッドワン,スタンダード,その他製品
7901,マツモト,スタンダード,その他製品
7902,ソノコム,スタンダード,その他製品
7906,ヨネックス,スタンダード,その他製品
7908,きもと,スタンダード,化学
7911,ＴＯＰＰＡＮホールディングス,プライム,その他製品
7912,大日本印刷,プライム,その他製品
7914,共同印刷,プライム,その他製品
7915,ＮＩＳＳＨＡ,プライム,その他製品
7916,光村印刷,スタンダード,その他製品
7917,ＺＡＣＲＯＳ,プライム,化学
7918,ヴィア・ホールディングス,スタンダード,小売業
7919,野崎印刷紙業,スタンダード,その他製品
7921,ＴＡＫＡＲＡ　＆　ＣＯＭＰＡＮＹ,プライム,その他製品
7927,ムトー精工,スタンダード,化学
7928,旭化学工業,スタンダード,化学
7931,未来工業,プライム,化学
7932,ニッピ,スタンダード,その他製品
7936,アシックス,プライム,その他製品
7937,ツツミ,スタンダード,その他製品
7938,リーガルコーポレーション,スタンダード,その他製品
7939,研創,スタンダード,その他製品
7942,ＪＳＰ,プライム,化学
7943,ニチハ,プライム,ガラス・土石製品
7944,ローランド,プライム,その他製品
7946,光陽社,スタンダード,その他製品
7947,エフピコ,プライム,化学
7949,小松ウオール工業,プライム,その他製品
7951,ヤマハ,プライム,その他製品
7952,河合楽器製作所,プライム,その他製品
7953,菊水化学工業,スタンダード,その他製品
7955,クリナップ,プライム,その他製品
7956,ピジョン,プライム,その他製品
7957,フジコピアン,スタンダード,その他製品
7962,キングジム,プライム,その他製品
7963,興研,スタンダード,その他製品
7965,象印マホービン,プライム,電気機器
7966,リンテック,プライム,その他製品
7970,信越ポリマー,プライム,化学
7971,東リ,スタンダード,化学
7972,イトーキ,プライム,その他製品
7974,任天堂,プライム,その他製品
7975,リヒトラブ,スタンダード,その他製品
7976,三菱鉛筆,プライム,その他製品
7979,松風,プライム,精密機器
7980,重松製作所,スタンダード,その他製品
7981,タカラスタンダード,プライム,その他製品
7983,ミロク,スタンダード,その他製品
7984,コクヨ,プライム,その他製品
7985,ネポン,スタンダード,金属製品
7986,日本アイ・エス・ケイ,スタンダード,その他製品
7987,ナカバヤシ,スタンダード,その他製品
7988,ニフコ,プライム,化学
7989,立川ブラインド工業,プライム,金属製品
7990,グローブライド,プライム,その他製品
7991,マミヤ・オーピー,スタンダード,機械
7992,セーラー万年筆,スタンダード,その他製品
7994,オカムラ,プライム,その他製品
7995,バルカー,プライム,化学
7997,くろがね工作所,スタンダード,その他製品
8001,伊藤忠商事,プライム,卸売業
8002,丸紅,プライム,卸売業
8005,スクロール,プライム,小売業
8006,ユアサ・フナショク,スタンダード,卸売業
8007,高島,プライム,卸売業
8008,ヨンドシーホールディングス,プライム,小売業
8011,三陽商会,プライム,繊維製品
8012,長瀬産業,プライム,卸売業
8013,ナイガイ,スタンダード,繊維製品
8014,蝶理,プライム,卸売業
8015,豊田通商,プライム,卸売業
8016,オンワードホールディングス,プライム,繊維製品
8018,三共生興,スタンダード,卸売業
8020,兼松,プライム,卸売業
8022,美津濃,プライム,その他製品
8023,ＤＡＩＫＯ　ＸＴＥＣＨ,スタンダード,情報・通信業
8025,ツカモトコーポレーション,スタンダード,卸売業
8029,ルックホールディングス,スタンダード,繊維製品
8030,中央魚類,スタンダード,卸売業
8031,三井物産,プライム,卸売業
8032,日本紙パルプ商事,プライム,卸売業
8035,東京エレクトロン,プライム,電気機器
8037,カメイ,プライム,卸売業
8039,築地魚市場,スタンダード,卸売業
8040,東京ソワール,スタンダード,繊維製品
8041,ＯＵＧホールディングス,スタンダード,卸売業
8043,スターゼン,プライム,卸売業
8045,横浜丸魚,スタンダード,卸売業
8046,丸藤シートパイル,スタンダード,卸売業
8050,セイコーグループ,プライム,精密機器
8051,山善,プライム,卸売業
8052,椿本興業,プライム,卸売業
8053,住友商事,プライム,卸売業
8056,ＢＩＰＲＯＧＹ,プライム,情報・通信業
8057,内田洋行,プライム,卸売業
8058,三菱商事,プライム,卸売業
8059,第一実業,プライム,卸売業
8060,キヤノンマーケティングジャパン,プライム,卸売業
8061,西華産業,プライム,卸売業
8065,佐藤商事,プライム,卸売業
8066,三谷商事,スタンダード,卸売業
8070,東京産業,プライム,卸売業
8074,ＹＵＡＳＡ,プライム,卸売業
8075,神鋼商事,プライム,卸売業
8076,カノークス,スタンダード,卸売業
8077,トルク,スタンダード,卸売業
8078,阪和興業,プライム,卸売業
8079,正栄食品工業,プライム,卸売業
8081,カナデン,プライム,卸売業
8084,ＲＹＯＤＥＮ,プライム,卸売業
8085,ナラサキ産業,スタンダード,卸売業
8086,ニプロ,プライム,精密機器
8088,岩谷産業,プライム,卸売業
8089,ナイス,スタンダード,卸売業
8091,ニチモウ,プライム,卸売業
8093,極東貿易,プライム,卸売業
8095,アステナホールディングス,プライム,卸売業
8097,三愛オブリ,プライム,卸売業
8098,稲畑産業,プライム,卸売業
8101,ＧＳＩクレオス,プライム,卸売業
8103,明和産業,プライム,卸売業
8104,クワザワホールディングス,スタンダード,卸売業
8105,Ｂｉｔｃｏｉｎ　Ｊａｐａｎ,スタンダード,卸売業
8107,キムラタン,スタンダード,繊維製品
8111,ゴールドウイン,プライム,繊維製品
8113,ユニ・チャーム,プライム,化学
8115,ムーンバット,スタンダード,卸売業
8117,中央自動車工業,スタンダード,卸売業
8118,キング,スタンダード,繊維製品
8119,三栄コーポレーション,スタンダード,卸売業
8123,川辺,スタンダード,卸売業
8125,ワキタ,プライム,卸売業
8127,ヤマトインターナショナル,スタンダード,繊維製品
8129,東邦ホールディングス,プライム,卸売業
8130,サンゲツ,プライム,卸売業
8131,ミツウロコグループホールディングス,スタンダード,卸売業
8132,シナネンホールディングス,プライム,卸売業
8133,伊藤忠エネクス,プライム,卸売業
8135,ゼット,スタンダード,卸売業
8136,サンリオ,プライム,卸売業
8137,サンワテクノス,プライム,卸売業
8138,三京化成,スタンダード,卸売業
8139,ナガホリ,スタンダード,卸売業
8141,新光商事,プライム,卸売業
8142,トーホー,プライム,卸売業
8143,ラピーヌ,スタンダード,繊維製品
8144,デンキョーグループホールディングス,スタンダード,卸売業
8147,トミタ,スタンダード,卸売業
8150,三信電気,プライム,卸売業
8151,東陽テクニカ,プライム,卸売業
8152,ソマール,スタンダード,卸売業
8153,モスフードサービス,プライム,卸売業
8154,加賀電子,プライム,卸売業
8157,都築電気,プライム,情報・通信業
8158,ソーダニッカ,プライム,卸売業
8159,立花エレテック,プライム,卸売業
8160,木曽路,プライム,小売業
8163,ＳＲＳホールディングス,プライム,小売業
8165,千趣会,スタンダード,小売業
8166,タカキュー,スタンダード,小売業
8167,リテールパートナーズ,プライム,小売業
8173,Ｊｏｓｈｉｎ,プライム,小売業
8174,日本瓦斯,プライム,小売業
8179,ロイヤルホールディングス,プライム,小売業
8181,東天紅,スタンダード,小売業
8185,チヨダ,プライム,小売業
8194,ライフコーポレーション,プライム,小売業
8198,マックスバリュ東海,スタンダード,小売業
8200,リンガーハット,プライム,小売業
8202,ラオックスホールディングス,スタンダード,小売業
8203,ＭｒＭａｘＨＤ,プライム,小売業
8207,テンアライド,スタンダード,小売業
8214,ＡＯＫＩホールディングス,プライム,小売業
8217,オークワ,プライム,小売業
8218,コメリ,プライム,小売業
8219,青山商事,プライム,小売業
8225,タカチホ,スタンダード,卸売業
8226,理経,スタンダード,卸売業
8227,しまむら,プライム,小売業
8230,はせがわ,スタンダード,小売業
8233,高島屋,プライム,小売業
8237,松屋,プライム,小売業
8242,エイチ・ツー・オー　リテイリング,プライム,小売業
8244,近鉄百貨店,スタンダード,小売業
8247,大和,スタンダード,小売業
8252,丸井グループ,プライム,小売業
8253,クレディセゾン,プライム,その他金融業
8254,さいか屋,スタンダード,小売業
8255,アクシアル　リテイリング,プライム,小売業
8260,井筒屋,スタンダード,小売業
8267,イオン,プライム,小売業
8273,イズミ,プライム,小売業
8275,フォーバル,スタンダード,卸売業
8276,平和堂,プライム,小売業
8278,フジ,プライム,小売業
8281,ゼビオホールディングス,プライム,小売業
8282,ケーズホールディングス,プライム,小売業
8283,ＰＡＬＴＡＣ,プライム,卸売業
8285,三谷産業,スタンダード,卸売業
8291,日産東京販売ホールディングス,スタンダード,小売業
8303,ＳＢＩ新生銀行,プライム,銀行業
8304,あおぞら銀行,プライム,銀行業
8306,三菱ＵＦＪフィナンシャル・グループ,プライム,銀行業
8308,りそなホールディングス,プライム,銀行業
8309,三井住友トラストグループ,プライム,銀行業
8316,三井住友フィナンシャルグループ,プライム,銀行業
8331,千葉銀行,プライム,銀行業
8334,群馬銀行,プライム,銀行業
8336,武蔵野銀行,プライム,銀行業
8337,千葉興業銀行,プライム,銀行業
8338,筑波銀行,プライム,銀行業
8341,七十七銀行,プライム,銀行業
8343,秋田銀行,プライム,銀行業
8344,山形銀行,プライム,銀行業
8345,岩手銀行,プライム,銀行業
8346,東邦銀行,プライム,銀行業
8349,東北銀行,スタンダード,銀行業
8354,ふくおかフィナンシャルグループ,プライム,銀行業
8358,スルガ銀行,プライム,銀行業
8359,八十二長野銀行,プライム,銀行業
8360,山梨中央銀行,プライム,銀行業
8361,大垣共立銀行,プライム,銀行業
8362,福井銀行,プライム,銀行業
8364,清水銀行,プライム,銀行業
8365,富山銀行,スタンダード,銀行業
8366,滋賀銀行,プライム,銀行業
8367,南都銀行,プライム,銀行業
8368,百五銀行,プライム,銀行業
8370,紀陽銀行,プライム,銀行業
8377,ほくほくフィナンシャルグループ,プライム,銀行業
8381,山陰合同銀行,プライム,銀行業
8383,鳥取銀行,スタンダード,銀行業
8386,百十四銀行,プライム,銀行業
8387,四国銀行,プライム,銀行業
8388,阿波銀行,プライム,銀行業
8392,大分銀行,プライム,銀行業
8393,宮崎銀行,プライム,銀行業
8395,佐賀銀行,プライム,銀行業
8399,琉球銀行,プライム,銀行業
8410,セブン銀行,プライム,銀行業
8411,みずほフィナンシャルグループ,プライム,銀行業
8416,高知銀行,スタンダード,銀行業
8418,山口フィナンシャルグループ,プライム,銀行業
8424,芙蓉総合リース,プライム,その他金融業
8425,みずほリース,プライム,その他金融業
8439,東京センチュリー,プライム,その他金融業
8473,ＳＢＩホールディングス,プライム,証券、商品先物取引業
8508,Ｊトラスト,スタンダード,その他金融業
8511,日本証券金融,プライム,その他金融業
8518,日本アジア投資,スタンダード,証券、商品先物取引業
8522,名古屋銀行,プライム,銀行業
8524,北洋銀行,プライム,銀行業
8537,大光銀行,スタンダード,銀行業
8541,愛媛銀行,プライム,銀行業
8542,トマト銀行,スタンダード,銀行業
8544,京葉銀行,プライム,銀行業
8550,栃木銀行,プライム,銀行業
8551,北日本銀行,プライム,銀行業
8558,東和銀行,プライム,銀行業
8562,福島銀行,スタンダード,銀行業
8563,大東銀行,スタンダード,銀行業
8566,リコーリース,プライム,その他金融業
8570,イオンフィナンシャルサービス,プライム,その他金融業
8572,アコム,スタンダード,その他金融業
8584,ジャックス,プライム,その他金融業
8585,オリエントコーポレーション,プライム,その他金融業
8591,オリックス,プライム,その他金融業
8593,三菱ＨＣキャピタル,プライム,その他金融業
8595,ジャフコ　グループ,プライム,証券、商品先物取引業
8596,九州リースサービス,スタンダード,その他金融業
8600,トモニホールディングス,プライム,銀行業
8601,大和証券グループ本社,プライム,証券、商品先物取引業
8604,野村ホールディングス,プライム,証券、商品先物取引業
8609,岡三証券グループ,プライム,証券、商品先物取引業
8613,丸三証券,プライム,証券、商品先物取引業
8614,東洋証券,プライム,証券、商品先物取引業
8616,東海東京フィナンシャル・ホールディングス,プライム,証券、商品先物取引業
8617,光世証券,スタンダード,証券、商品先物取引業
8622,水戸証券,プライム,証券、商品先物取引業
8624,いちよし証券,プライム,証券、商品先物取引業
8628,松井証券,プライム,証券、商品先物取引業
8630,ＳＯＭＰＯホールディングス,プライム,保険業
8697,日本取引所グループ,プライム,その他金融業
8698,マネックスグループ,プライム,証券、商品先物取引業
8699,ＨＳホールディングス,スタンダード,証券、商品先物取引業
8700,丸八証券,スタンダード,証券、商品先物取引業
8704,トレイダーズホールディングス,スタンダード,証券、商品先物取引業
8705,日産証券グループ,スタンダード,証券、商品先物取引業
8706,極東証券,プライム,証券、商品先物取引業
8707,岩井コスモホールディングス,プライム,証券、商品先物取引業
8708,アイザワ証券グループ,プライム,証券、商品先物取引業
8713,フィデアホールディングス,プライム,銀行業
8714,池田泉州ホールディングス,プライム,銀行業
8715,アニコム　ホールディングス,プライム,保険業
8725,ＭＳ＆ＡＤインシュアランスグループホールディングス,プライム,保険業
8729,ソニーフィナンシャルグループ,プライム,保険業
8737,あかつき本社,スタンダード,証券、商品先物取引業
8739,スパークス・グループ,プライム,証券、商品先物取引業
8742,小林洋行,スタンダード,証券、商品先物取引業
8746,ｕｎｂａｎｋｅｄ,スタンダード,証券、商品先物取引業
8747,豊トラスティ証券,スタンダード,証券、商品先物取引業
8750,第一ライフグループ,プライム,保険業
8766,東京海上ホールディングス,プライム,保険業
8769,アドバンテッジリスクマネジメント,スタンダード,サービス業
8771,イー・ギャランティ,プライム,その他金融業
8772,アサックス,スタンダード,その他金融業
8783,ａｂｃ,スタンダード,その他金融業
8789,フィンテック　グローバル,スタンダード,その他金融業
8793,ＮＥＣキャピタルソリューション,プライム,その他金融業
8795,Ｔ＆Ｄホールディングス,プライム,保険業
8798,アドバンスクリエイト,プライム,保険業
8801,三井不動産,プライム,不動産業
8802,三菱地所,プライム,不動産業
8803,平和不動産,プライム,不動産業
8804,東京建物,プライム,不動産業
8818,京阪神ビルディング,プライム,不動産業
8830,住友不動産,プライム,不動産業
8835,太平洋興発,スタンダード,卸売業
8836,ＲＩＳＥ,スタンダード,不動産業
8841,テーオーシー,スタンダード,不動産業
8844,コスモスイニシア,スタンダード,不動産業
8848,レオパレス２１,プライム,不動産業
8850,スターツコーポレーション,プライム,不動産業
8860,フジ住宅,プライム,不動産業
8864,空港施設,スタンダード,不動産業
8869,明和地所,スタンダード,不動産業
8871,ゴールドクレスト,スタンダード,不動産業
8876,リログループ,プライム,サービス業
8877,エスリード,プライム,不動産業
8881,日神グループホールディングス,プライム,不動産業
8887,シーラホールディングス,スタンダード,不動産業
8891,ＡＭＧホールディングス,スタンダード,不動産業
8892,エスコン,プライム,不動産業
8894,ＲＥＶＯＬＵＴＩＯＮ,スタンダード,不動産業
8897,ＭＩＲＡＲＴＨホールディングス,プライム,不動産業
8898,センチュリー２１・ジャパン,スタンダード,不動産業
8904,ＡＶＡＮＴＩＡ,スタンダード,不動産業
8908,毎日コムネット,スタンダード,不動産業
8912,エリアクエスト,スタンダード,不動産業
8914,エリアリンク,スタンダード,不動産業
8917,ファースト住建,スタンダード,不動産業
8918,ランド,スタンダード,不動産業
8919,カチタス,プライム,不動産業
8920,東祥,スタンダード,サービス業
8923,トーセイ,プライム,不動産業
8927,明豊エンタープライズ,スタンダード,不動産業
8928,穴吹興産,スタンダード,不動産業
8929,青山財産ネットワークス,スタンダード,不動産業
8931,和田興産,スタンダード,不動産業
8934,サンフロンティア不動産,プライム,不動産業
8935,ＦＪネクストホールディングス,プライム,不動産業
8938,グローム・ホールディングス,グロース,不動産業
8944,ランドビジネス,スタンダード,不動産業
8945,サンネクスタグループ,スタンダード,不動産業
8946,ＡＳＩＡＮ　ＳＴＡＲ,スタンダード,不動産業
8995,誠建設工業,スタンダード,不動産業
8996,ハウスフリーダム,スタンダード,不動産業
8999,グランディハウス,プライム,不動産業
9001,東武鉄道,プライム,陸運業
9003,相鉄ホールディングス,プライム,陸運業
9005,東急,プライム,陸運業
9006,京浜急行電鉄,プライム,陸運業
9007,小田急電鉄,プライム,陸運業
9008,京王電鉄,プライム,陸運業
9009,京成電鉄,プライム,陸運業
9010,富士急行,プライム,陸運業
9012,秩父鉄道,スタンダード,陸運業
9017,新潟交通,スタンダード,陸運業
9020,東日本旅客鉄道,プライム,陸運業
9021,西日本旅客鉄道,プライム,陸運業
9022,東海旅客鉄道,プライム,陸運業
9023,東京地下鉄,プライム,陸運業
9024,西武ホールディングス,プライム,陸運業
9025,鴻池運輸,プライム,陸運業
9028,ゼロ,スタンダード,陸運業
9029,ヒガシホールディングス,スタンダード,陸運業
9031,西日本鉄道,プライム,陸運業
9033,広島電鉄,スタンダード,陸運業
9034,南総通運,スタンダード,陸運業
9036,東部ネットワーク,スタンダード,陸運業
9037,ハマキョウレックス,プライム,陸運業
9039,サカイ引越センター,プライム,陸運業
9041,近鉄グループホールディングス,プライム,陸運業
9042,阪急阪神ホールディングス,プライム,陸運業
9044,ＮＡＮＫＡＩ,プライム,陸運業
9045,京阪ホールディングス,プライム,陸運業
9046,神戸電鉄,スタンダード,陸運業
9048,名古屋鉄道,プライム,陸運業
9049,京福電気鉄道,スタンダード,陸運業
9051,センコン物流,スタンダード,陸運業
9052,山陽電気鉄道,プライム,陸運業
9057,遠州トラック,スタンダード,陸運業
9059,カンダホールディングス,スタンダード,陸運業
9060,日本ロジテム,スタンダード,陸運業
9063,岡山県貨物運送,スタンダード,陸運業
9064,ヤマトホールディングス,プライム,陸運業
9065,山九,プライム,陸運業
9068,丸全昭和運輸,プライム,陸運業
9069,センコーグループホールディングス,プライム,陸運業
9072,ニッコンホールディングス,プライム,陸運業
9073,京極運輸商事,スタンダード,陸運業
9074,日本石油輸送,スタンダード,陸運業
9075,福山通運,プライム,陸運業
9076,セイノーホールディングス,プライム,陸運業
9081,神奈川中央交通,プライム,陸運業
9082,大和自動車交通,スタンダード,陸運業
9083,神姫バス,スタンダード,陸運業
9087,タカセ,スタンダード,陸運業
9090,ＡＺ－ＣＯＭ丸和ホールディングス,プライム,陸運業
9101,日本郵船,プライム,海運業
9104,商船三井,プライム,海運業
9107,川崎汽船,プライム,海運業
9110,ＮＳユナイテッド海運,プライム,海運業
9115,明海グループ,スタンダード,海運業
9119,飯野海運,プライム,海運業
9127,玉井商船,スタンダード,海運業
9130,共栄タンカー,スタンダード,海運業
9142,九州旅客鉄道,プライム,陸運業
9143,ＳＧホールディングス,プライム,陸運業
9145,ビーイングホールディングス,スタンダード,陸運業
9147,ＮＩＰＰＯＮ　ＥＸＰＲＥＳＳホールディングス,プライム,陸運業
9158,シーユーシー,グロース,サービス業
9159,Ｗ　ＴＯＫＹＯ,グロース,サービス業
9160,オンザページ,スタンダード,サービス業
9162,ブリーチ,グロース,サービス業
9163,ナレルグループ,グロース,サービス業
9165,クオルテック,グロース,サービス業
9166,ＧＥＮＤＡ,グロース,サービス業
9168,ライズ・コンサルティング・グループ,グロース,サービス業
9171,栗林商船,スタンダード,海運業
9173,東海汽船,スタンダード,海運業
9193,東京汽船,スタンダード,倉庫・運輸関連業
9201,日本航空,プライム,空運業
9202,ＡＮＡホールディングス,プライム,空運業
9204,スカイマーク,グロース,空運業
9206,スターフライヤー,スタンダード,空運業
9211,エフ・コード,グロース,サービス業
9212,Ｇｒｅｅｎ　Ｅａｒｔｈ　Ｉｎｓｔｉｔｕｔｅ,グロース,サービス業
9213,セイファート,スタンダード,サービス業
9214,Ｒｅｃｏｖｅｒｙ　Ｉｎｔｅｒｎａｔｉｏｎａｌ,グロース,サービス業
9215,ＣａＳｙ,グロース,サービス業
9216,ビーウィズ,プライム,サービス業
9218,メンタルヘルステクノロジーズ,グロース,サービス業
9219,ギックス,グロース,サービス業
9220,エフビー介護サービス,スタンダード,サービス業
9221,フルハシＥＰＯ,スタンダード,サービス業
9223,ＡＳＮＯＶＡ,グロース,サービス業
9225,ブリッジコンサルティンググループ,グロース,サービス業
9227,マイクロ波化学,グロース,サービス業
9229,サンウェルズ,プライム,サービス業
9233,アジア航測,スタンダード,空運業
9235,売れるネット広告社グループ,グロース,サービス業
9236,ジャパンＭ＆Ａソリューション,グロース,サービス業
9237,笑美面,グロース,サービス業
9238,バリュークリエーション,グロース,サービス業
9240,デリバリーコンサルティング,グロース,サービス業
9241,フューチャーリンクネットワーク,グロース,サービス業
9242,メディア総研,グロース,サービス業
9244,デジタリフト,グロース,サービス業
9245,リベロ,グロース,サービス業
9246,プロジェクトホールディングス,グロース,サービス業
9247,ＴＲＥホールディングス,プライム,サービス業
9248,人・夢・技術グループ,スタンダード,サービス業
9249,日本エコシステム,スタンダード,サービス業
9250,ＧＲＣＳ,グロース,サービス業
9251,ＡＢ＆Ｃｏｍｐａｎｙ,グロース,サービス業
9252,ラストワンマイル,グロース,サービス業
9253,スローガン,グロース,サービス業
9254,ラバブルマーケティンググループ,グロース,サービス業
9256,サクシード,グロース,サービス業
9258,ＣＳ－Ｃ,グロース,サービス業
9259,タカヨシホールディングス,グロース,サービス業
9262,シルバーライフ,スタンダード,小売業
9264,ポエック,スタンダード,卸売業
9265,ヤマシタヘルスケアホールディングス,スタンダード,卸売業
9267,Ｇｅｎｋｙ　ＤｒｕｇＳｔｏｒｅｓ,プライム,小売業
9268,オプティマスグループ,スタンダード,卸売業
9270,バリュエンスホールディングス,グロース,卸売業
9271,和心,グロース,小売業
9272,ブティックス,グロース,サービス業
9273,コーア商事ホールディングス,プライム,卸売業
9274,ＫＰＰグループホールディングス,プライム,卸売業
9278,ブックオフグループホールディングス,プライム,小売業
9279,ギフトホールディングス,プライム,小売業
9301,三菱倉庫,プライム,倉庫・運輸関連業
9302,三井倉庫ホールディングス,プライム,倉庫・運輸関連業
9303,住友倉庫,プライム,倉庫・運輸関連業
9304,澁澤倉庫,プライム,倉庫・運輸関連業
9305,ヤマタネ,プライム,卸売業
9306,東陽倉庫,スタンダード,倉庫・運輸関連業
9307,杉村倉庫,スタンダード,倉庫・運輸関連業
9308,乾汽船,スタンダード,海運業
9310,日本トランスシティ,プライム,倉庫・運輸関連業
9311,アサガミ,スタンダード,倉庫・運輸関連業
9312,ケイヒン,スタンダード,倉庫・運輸関連業
9313,丸八倉庫,スタンダード,倉庫・運輸関連業
9319,中央倉庫,プライム,倉庫・運輸関連業
9322,川西倉庫,スタンダード,倉庫・運輸関連業
9324,安田倉庫,プライム,倉庫・運輸関連業
9325,ファイズホールディングス,スタンダード,倉庫・運輸関連業
9326,関通ホールディングス,グロース,倉庫・運輸関連業
9327,イー・ロジット,スタンダード,倉庫・運輸関連業
9330,揚羽,グロース,サービス業
9331,キャスター,グロース,サービス業
9332,ＮＩＳＳＯホールディングス,プライム,サービス業
9336,大栄環境,プライム,サービス業
9337,トリドリ,グロース,サービス業
9339,コーチ・エィ,スタンダード,サービス業
9340,アソインターナショナル,スタンダード,サービス業
9341,ＧＥＮＯＶＡ,プライム,サービス業
9342,スマサポ,グロース,サービス業
9343,アイビス,グロース,サービス業
9344,アクシスコンサルティング,グロース,サービス業
9345,ビズメイツ,グロース,サービス業
9346,ココルポート,グロース,サービス業
9347,日本管財ホールディングス,プライム,サービス業
9348,ｉｓｐａｃｅ,グロース,サービス業
9351,東洋埠頭,スタンダード,倉庫・運輸関連業
9353,櫻島埠頭,スタンダード,倉庫・運輸関連業
9355,リンコーコーポレーション,スタンダード,倉庫・運輸関連業
9360,鈴与シンワート,スタンダード,情報・通信業
9361,伏木海陸運送,スタンダード,倉庫・運輸関連業
9362,兵機海運,スタンダード,倉庫・運輸関連業
9363,大運,スタンダード,倉庫・運輸関連業
9364,上組,プライム,倉庫・運輸関連業
9365,トレーディア,スタンダード,倉庫・運輸関連業
9366,サンリツ,スタンダード,倉庫・運輸関連業
9367,大東港運,スタンダード,倉庫・運輸関連業
9368,キムラユニティー,スタンダード,倉庫・運輸関連業
9369,キユーソー流通システム,スタンダード,倉庫・運輸関連業
9376,ユーラシア旅行社,スタンダード,サービス業
9380,東海運,スタンダード,倉庫・運輸関連業
9381,エーアイテイー,プライム,倉庫・運輸関連業
9385,ショーエイコーポレーション,スタンダード,化学
9401,ＴＢＳホールディングス,プライム,情報・通信業
9404,日本テレビホールディングス,プライム,情報・通信業
9405,朝日放送グループホールディングス,プライム,情報・通信業
9408,ＢＳＮメディアホールディングス,スタンダード,情報・通信業
9409,テレビ朝日ホールディングス,プライム,情報・通信業
9412,スカパーＪＳＡＴ,プライム,情報・通信業
9413,テレビ東京ホールディングス,プライム,情報・通信業
9414,日本ＢＳ放送,スタンダード,情報・通信業
9416,ビジョン,プライム,情報・通信業
9417,スマートバリュー,スタンダード,情報・通信業
9418,Ｕ－ＮＥＸＴ　ＨＯＬＤＩＮＧＳ,プライム,情報・通信業
9419,ワイヤレスゲート,スタンダード,情報・通信業
9421,エヌジェイホールディングス,スタンダード,情報・通信業
9423,フォーバル・リアルストレート,スタンダード,情報・通信業
9424,日本通信,プライム,情報・通信業
9425,ＲｅＹｕｕ　Ｊａｐａｎ,スタンダード,情報・通信業
9428,クロップス,スタンダード,情報・通信業
9432,ＮＴＴ,プライム,情報・通信業
9433,ＫＤＤＩ,プライム,情報・通信業
9434,ソフトバンク,プライム,情報・通信業
9435,光通信,プライム,情報・通信業
9436,沖縄セルラー電話,スタンダード,情報・通信業
9438,エムティーアイ,プライム,情報・通信業
9439,エム・エイチ・グループ,スタンダード,サービス業
9441,ベルパーク,スタンダード,情報・通信業
9444,トーシンホールディングス,スタンダード,情報・通信業
9445,フォーバルテレコム,スタンダード,情報・通信業
9446,サカイホールディングス,スタンダード,情報・通信業
9449,ＧＭＯインターネットグループ,プライム,情報・通信業
9450,ファイバーゲート,スタンダード,情報・通信業
9466,アイドママーケティングコミュニケーション,スタンダード,情報・通信業
9467,アルファポリス,グロース,情報・通信業
9468,ＫＡＤＯＫＡＷＡ,プライム,情報・通信業
9470,学研ホールディングス,プライム,情報・通信業
9474,ゼンリン,プライム,情報・通信業
9475,昭文社ホールディングス,スタンダード,情報・通信業
9476,中央経済社ホールディングス,スタンダード,情報・通信業
9478,ＳＥホールディングス・アンド・インキュベーションズ,スタンダード,情報・通信業
9501,東京電力ホールディングス,プライム,電気・ガス業
9502,中部電力,プライム,電気・ガス業
9503,関西電力,プライム,電気・ガス業
9504,中国電力,プライム,電気・ガス業
9505,北陸電力,プライム,電気・ガス業
9506,東北電力,プライム,電気・ガス業
9507,四国電力,プライム,電気・ガス業
9508,九州電力,プライム,電気・ガス業
9509,北海道電力,プライム,電気・ガス業
9511,沖縄電力,プライム,電気・ガス業
9513,電源開発,プライム,電気・ガス業
9514,エフオン,スタンダード,電気・ガス業
9517,イーレックス,プライム,電気・ガス業
9519,レノバ,プライム,電気・ガス業
9531,東京瓦斯,プライム,電気・ガス業
9532,大阪瓦斯,プライム,電気・ガス業
9533,東邦瓦斯,プライム,電気・ガス業
9534,北海道瓦斯,プライム,電気・ガス業
9535,広島ガス,プライム,電気・ガス業
9536,西部ガスホールディングス,プライム,電気・ガス業
9537,北陸瓦斯,スタンダード,電気・ガス業
9539,京葉瓦斯,スタンダード,電気・ガス業
9543,静岡ガス,プライム,電気・ガス業
9551,メタウォーター,プライム,電気・ガス業
9552,クオンツ総研ホールディングス,プライム,サービス業
9553,マイクロアド,グロース,サービス業
9554,ＡＶｉＣ,グロース,サービス業
9556,ＩＮＴＬＯＯＰ,グロース,サービス業
9557,エアークローゼット,グロース,サービス業
9558,ジャパニアス,グロース,サービス業
9560,プログリット,グロース,サービス業
9561,グラッドキューブ,グロース,サービス業
9562,ビジネスコーチ,グロース,サービス業
9563,Ａｔｌａｓ　Ｔｅｃｈｎｏｌｏｇｉｅｓ,グロース,サービス業
9564,ＦＣＥ,スタンダード,サービス業
9565,ＧＬＯＥ,グロース,サービス業
9601,松竹,プライム,情報・通信業
9602,東宝,プライム,情報・通信業
9603,エイチ・アイ・エス,プライム,サービス業
9605,東映,プライム,情報・通信業
9610,ウィルソン・ラーニング　ワールドワイド,スタンダード,サービス業
9612,ラックランド,プライム,サービス業
9616,共立メンテナンス,プライム,サービス業
9619,イチネンホールディングス,プライム,サービス業
9621,建設技術研究所,プライム,サービス業
9622,スペース,プライム,サービス業
9625,セレスポ,スタンダード,サービス業
9627,アインホールディングス,プライム,小売業
9628,燦ホールディングス,プライム,サービス業
9629,ピー・シー・エー,プライム,情報・通信業
9632,スバル興業,スタンダード,サービス業
9633,東京テアトル,スタンダード,不動産業
9635,武蔵野興業,スタンダード,サービス業
9636,きんえい,スタンダード,サービス業
9639,三協フロンテア,スタンダード,サービス業
9640,セゾンテクノロジー,スタンダード,情報・通信業
9644,タナベコンサルティンググループ,プライム,サービス業
9647,協和コンサルタンツ,スタンダード,サービス業
9651,日本プロセス,スタンダード,情報・通信業
9656,グリーンランドリゾート,スタンダード,サービス業
9658,ビジネスブレイン太田昭和,プライム,情報・通信業
9661,歌舞伎座,スタンダード,サービス業
9663,ナガワ,プライム,サービス業
9672,東京都競馬,プライム,サービス業
9678,カナモト,プライム,サービス業
9679,ホウライ,スタンダード,サービス業
9682,ＤＴＳ,プライム,情報・通信業
9684,スクウェア・エニックス・ホールディングス,プライム,情報・通信業
9685,ＫＹＣＯＭホールディングス,スタンダード,情報・通信業
9686,東洋テック,スタンダード,サービス業
9687,ＫＳＫ,スタンダード,情報・通信業
9691,両毛システムズ,スタンダード,情報・通信業
9692,シーイーシー,プライム,情報・通信業
9697,カプコン,プライム,情報・通信業
9698,クレオ,スタンダード,情報・通信業
9699,ニシオホールディングス,プライム,サービス業
9701,東京會舘,スタンダード,サービス業
9702,アイ・エス・ビー,プライム,情報・通信業
9704,アゴーラ　ホスピタリティー　グループ,スタンダード,サービス業
9706,日本空港ビルデング,プライム,不動産業
9708,帝国ホテル,スタンダード,サービス業
9709,ＮＣＳ＆Ａ,スタンダード,情報・通信業
9713,ロイヤルホテル,スタンダード,サービス業
9715,トランス・コスモス,プライム,サービス業
9716,乃村工藝社,プライム,サービス業
9720,ホテル、ニューグランド,スタンダード,サービス業
9722,藤田観光,プライム,サービス業
9723,京都ホテル,スタンダード,サービス業
9726,ＫＮＴ－ＣＴホールディングス,スタンダード,サービス業
9729,トーカイ,プライム,サービス業
9731,白洋舎,スタンダード,サービス業
9733,ナガセ,スタンダード,サービス業
9735,セコム,プライム,サービス業
9739,ＮＳＷ,プライム,情報・通信業
9740,セントラル警備保障,プライム,サービス業
9742,アイネス,プライム,情報・通信業
9743,丹青社,プライム,サービス業
9744,メイテックグループホールディングス,プライム,サービス業
9746,ＴＫＣ,プライム,情報・通信業
9753,アイエックス・ナレッジ,スタンダード,情報・通信業
9755,応用地質,プライム,サービス業
9757,船井総研ホールディングス,プライム,サービス業
9759,ＮＳＤ,プライム,情報・通信業
9760,進学会ホールディングス,スタンダード,サービス業
9761,東海リース,スタンダード,サービス業
9763,丸建リース,スタンダード,卸売業
9765,オオバ,プライム,サービス業
9766,コナミグループ,プライム,情報・通信業
9767,日建工学,スタンダード,サービス業
9768,いであ,スタンダード,サービス業
9769,学究社,プライム,サービス業
9778,昴,スタンダード,サービス業
9780,ハリマビステム,スタンダード,サービス業
9782,ディーエムエス,スタンダード,サービス業
9788,ナック,プライム,サービス業
9790,福井コンピュータホールディングス,プライム,情報・通信業
9791,ビケンテクノ,スタンダード,サービス業
9793,ダイセキ,プライム,サービス業
9795,ステップ,プライム,サービス業
9799,旭情報サービス,スタンダード,情報・通信業
9812,テーオーホールディングス,スタンダード,小売業
9816,ストライダーズ,スタンダード,不動産業
9818,大丸エナウィン,スタンダード,卸売業
9820,エムティジェネックス,スタンダード,不動産業
9823,マミーマートホールディングス,スタンダード,小売業
9824,泉州電業,プライム,卸売業
9827,リリカラ,スタンダード,卸売業
9828,Ｇｅｎｋｉ　Ｇｌｏｂａｌ　Ｄｉｎｉｎｇ　Ｃｏｎｃｅｐｔｓ,スタンダード,小売業
9830,トラスコ中山,プライム,卸売業
9831,ヤマダホールディングス,プライム,小売業
9832,オートバックスセブン,プライム,卸売業
9835,ジュンテンドー,スタンダード,小売業
9837,モリト,プライム,卸売業
9842,アークランズ,プライム,小売業
9843,ニトリホールディングス,プライム,小売業
9845,パーカーコーポレーション,スタンダード,化学
9846,天満屋ストア,スタンダード,小売業
9849,共同紙販ホールディングス,スタンダード,卸売業
9850,グルメ杵屋,プライム,小売業
9853,銀座ルノアール,スタンダード,小売業
9854,愛眼,スタンダード,小売業
9856,ケーユーホールディングス,スタンダード,小売業
9857,英和,スタンダード,卸売業
9861,吉野家ホールディングス,プライム,小売業
9867,ソレキア,スタンダード,卸売業
9869,加藤産業,プライム,卸売業
9872,北恵,スタンダード,卸売業
9876,コックス,スタンダード,小売業
9878,セキド,スタンダード,小売業
9880,イノテック,プライム,電気機器
9882,イエローハット,プライム,卸売業
9885,シャルレ,スタンダード,卸売業
9887,松屋フーズホールディングス,プライム,小売業
9888,ＵＥＸ,スタンダード,卸売業
9889,ＪＢＣＣホールディングス,プライム,情報・通信業
9890,マキヤ,スタンダード,小売業
9895,コンセック,スタンダード,卸売業
9896,ＪＫホールディングス,スタンダード,卸売業
9900,サガミホールディングス,プライム,小売業
9902,日伝,プライム,卸売業
9903,カンセキ,スタンダード,小売業
9904,ベリテ,スタンダード,小売業
9906,藤井産業,スタンダード,卸売業
9908,日本電計,スタンダード,卸売業
9913,日邦産業,スタンダード,卸売業
9914,植松商会,スタンダード,卸売業
9928,ミロク情報サービス,プライム,情報・通信業
9929,平和紙業,スタンダード,卸売業
9930,北沢産業,スタンダード,卸売業
9932,杉本商事,プライム,卸売業
9934,因幡電機産業,プライム,卸売業
9936,王将フードサービス,プライム,小売業
9941,太洋物産,スタンダード,卸売業
9946,ミニストップ,プライム,小売業
9948,アークス,プライム,小売業
9950,ハチバン,スタンダード,小売業
9955,ヨンキュウ,スタンダード,卸売業
9956,バローホールディングス,プライム,小売業
9959,アシードホールディングス,スタンダード,小売業
9960,東テク,プライム,卸売業
9962,ミスミグループ本社,プライム,卸売業
9969,ショクブン,スタンダード,小売業
9972,アルテック,スタンダード,卸売業
9973,ＫＯＺＯホールディングス,スタンダード,小売業
9974,ベルク,プライム,小売業
9976,セキチュー,スタンダード,小売業
9978,文教堂グループホールディングス,スタンダード,小売業
9979,大庄,スタンダード,小売業
9980,ＭＲＫホールディングス,スタンダード,小売業
9982,タキヒヨー,スタンダード,卸売業
9983,ファーストリテイリング,プライム,小売業
9984,ソフトバンクグループ,プライム,情報・通信業
9986,蔵王産業,スタンダード,卸売業
9987,スズケン,プライム,卸売業
9989,サンドラッグ,プライム,小売業
9990,サックスバー　ホールディングス,プライム,小売業
9991,ジェコス,プライム,卸売業
9993,ヤマザワ,スタンダード,小売業
9994,やまや,スタンダード,小売業
9996,サトー商会,スタンダード,卸売業
9997,ベルーナ,プライム,小売業
