code,name,sector,category
1952,新日本空調,,押し目候補
6544,ジャパンエレベーターサービスホールディングス,,押し目候補
1944,きんでん,,押し目候補
1969,高砂熱学工業,,押し目候補
4901,富士フイルムホールディングス,,押し目候補
4275,カーリット,,押し目候補
4047,関東電化工業,,押し目候補
6787,メイコー,,押し目候補
6656,インスペック,,押し目候補
6145,ＮＩＴＴＯＫＵ,,押し目候補
6768,タムラ製作所,,押し目候補
1959,クラフティア,,押し目候補
7760,ＩＭＶ,,押し目候補
1815,鉄建建設,,押し目候補
4980,デクセリアルズ,,押し目候補
4368,扶桑化学工業,,押し目候補
4935,リベルタ,,押し目候補
6845,アズビル,,押し目候補
6458,新晃工業,,押し目候補
6807,日本航空電子工業,,押し目候補
7917,ＺＡＣＲＯＳ,,押し目候補
1950,日本電設工業,,押し目候補
5989,エイチワン,,押し目候補
4548,生化学工業,,押し目候補
3905,データセクション,,押し目候補
6638,ミマキエンジニアリング,,押し目候補
1942,関電工,,押し目候補
6997,日本ケミコン,,押し目候補
6856,堀場製作所,,押し目候補
6526,ソシオネクスト,,押し目候補
7860,エイベックス,,押し目候補
1938,日本リーテック,,押し目候補
5105,ＴＯＹＯ　ＴＩＲＥ,,押し目候補
3482,ロードスターキャピタル,,押し目候補
6479,ミネベアミツミ,,押し目候補
5706,三井金属,,押し目候補
7003,三井Ｅ＆Ｓ,,押し目候補
1979,大氣社,,押し目候補
7972,イトーキ,,押し目候補
2531,宝ホールディングス,,押し目候補
1926,ライト工業,,押し目候補
3395,サンマルクホールディングス,,押し目候補
5930,文化シヤッター,,押し目候補
2288,丸大食品,,押し目候補
4182,三菱瓦斯化学,,押し目候補
5201,ＡＧＣ,,押し目候補
7746,岡本硝子,,押し目候補
1975,朝日工業社,,押し目候補
4392,ＦＩＧ,,押し目候補
8129,東邦ホールディングス,,押し目候補
2201,森永製菓,,押し目候補
1801,大成建設,,押し目候補
6464,ツバキ・ナカシマ,,押し目候補
7202,いすゞ自動車,,押し目候補
1333,Ｕｍｉｏｓ,,押し目候補
7610,テイツー,,押し目候補
6914,オプテックスグループ,,押し目候補
7138,ＴＯＲＩＣＯ,,押し目候補
9983,ファーストリテイリング,,押し目候補
6902,デンソー,,押し目候補
4088,エア・ウォーター,,押し目候補
9024,西武ホールディングス,,押し目候補
1976,明星工業,,翌週再確認
9517,イーレックス,,翌週再確認
9006,京浜急行電鉄,,翌週再確認
3837,アドソル日進,,翌週再確認
6806,ヒロセ電機,,翌週再確認
7012,川崎重工業,,翌週再確認
7220,武蔵精密工業,,翌週再確認
7245,大同メタル工業,,翌週再確認
1407,ウエストホールディングス,,翌週再確認
4620,藤倉化成,,翌週再確認
4626,太陽ホールディングス,,翌週再確認
6622,ダイヘン,,翌週再確認
6996,ニチコン,,翌週再確認
6961,エンプラス,,翌週再確認
6368,オルガノ,,翌週再確認
2874,横浜冷凍,,翌週再確認
7611,ハイデイ日高,,翌週再確認
9274,ＫＰＰグループホールディングス,,翌週再確認
2120,ＬＩＦＵＬＬ,,翌週再確認
8818,京阪神ビルディング,,翌週再確認
7979,松風,,翌週再確認
8601,大和証券グループ本社,,翌週再確認
2157,コシダカホールディングス,,翌週再確認
6330,東洋エンジニアリング,,翌週再確認
6378,木村化工機,,翌週再確認
6674,ジーエス・ユアサ　コーポレーション,,翌週再確認
6707,サンケン電気,,翌週再確認
6981,村田製作所,,翌週再確認
7059,コプロ・ホールディングス,,翌週再確認
6951,日本電子,,翌週再確認
6777,ｓａｎｔｅｃ　Ｈｏｌｄｉｎｇｓ,,翌週再確認
4674,クレスコ,,翌週再確認
3245,ディア・ライフ,,翌週再確認
5208,有沢製作所,,翌週再確認
5232,住友大阪セメント,,翌週再確認
1833,奥村組,,翌週再確認
1419,タマホーム,,翌週再確認
3632,グリーホールディングス,,翌週再確認
9021,西日本旅客鉄道,,翌週再確認
1514,住石ホールディングス,,翌週再確認
9166,ＧＥＮＤＡ,,翌週再確認
1447,ＳＡＡＦホールディングス,,翌週再確認
9552,クオンツ総研ホールディングス,,翌週再確認
6742,京三製作所,,翌週再確認
6480,日本トムソン,,翌週再確認
6418,日本金銭機械,,翌週再確認
5246,ＥＬＥＭＥＮＴＳ,,翌週再確認
4996,クミアイ化学工業,,翌週再確認
9227,マイクロ波化学,,翌週再確認
4588,オンコリスバイオファーマ,,翌週再確認
4480,メドレー,,翌週再確認
6920,レーザーテック,,翌週再確認
3284,フージャースホールディングス,,翌週再確認
6995,東海理化電機製作所,,翌週再確認
7600,日本エム・ディ・エム,,翌週再確認
7803,ブシロード,,翌週再確認
7004,カナデビア,,翌週再確認
7717,ブイ・テクノロジー,,翌週再確認
6994,指月電機製作所,,翌週再確認
6999,ＫＯＡ,,翌週再確認
6971,京セラ,,翌週再確認
6962,大真空,,翌週再確認
6905,コーセル,,翌週再確認
6800,ヨコオ,,翌週再確認
4587,ペプチドリーム,,翌週再確認
1945,東京エネシス,,翌週再確認
1946,トーエネック,,翌週再確認
1377,サカタのタネ,,翌週再確認
9880,イノテック,,翌週再確認
3993,ＰＫＳＨＡ　Ｔｅｃｈｎｏｌｏｇｙ,,翌週再確認
9008,京王電鉄,,翌週再確認
3687,フィックスターズ,,翌週再確認
8616,東海東京フィナンシャル・ホールディングス,,翌週再確認
8697,日本取引所グループ,,翌週再確認
4028,石原産業,,翌週再確認
7995,バルカー,,翌週再確認
3436,ＳＵＭＣＯ,,翌週再確認
8167,リテールパートナーズ,,翌週再確認
8253,クレディセゾン,,翌週再確認
8366,滋賀銀行,,翌週再確認
8368,百五銀行,,翌週再確認
3778,さくらインターネット,,翌週再確認
3864,三菱製紙,,翌週再確認
6440,ＪＵＫＩ,,翌週再確認
6433,ヒーハイスト,,翌週再確認
1961,三機工業,,翌週再確認
5202,日本板硝子,,翌週再確認
6383,ダイフク,,翌週再確認
6387,サムコ,,翌週再確認
6331,三菱化工機,,翌週再確認
6356,日本ギア工業,,翌週再確認
5802,住友電気工業,,翌週再確認
9449,ＧＭＯインターネットグループ,,翌週再確認
1786,オリエンタル白石,,翌週再確認
6337,テセック,,翌週再確認
6146,ディスコ,,翌週再確認
6264,マルマエ,,翌週再確認
5367,ニッカトー,,翌週再確認
2471,エスプール,,翌週再確認
5121,藤倉コンポジット,,翌週再確認
6369,トーヨーカネツ,,翌週再確認
6779,日本電波工業,,翌週再確認
6794,フォスター電機,,翌週再確認
6762,ＴＤＫ,,翌週再確認
6859,エスペック,,翌週再確認
7719,東京衡機,,翌週再確認
7779,ＣＹＢＥＲＤＹＮＥ,,翌週再確認
7966,リンテック,,翌週再確認
8628,松井証券,,翌週再確認
9793,ダイセキ,,翌週再確認
3399,丸千代山岡家,,翌週再確認
8103,明和産業,,翌週再確認
2607,不二製油,,翌週再確認
9551,メタウォーター,,翌週再確認
5889,Ｊａｐａｎ　Ｅｙｅｗｅａｒ　Ｈｏｌｄｉｎｇｓ,,翌週再確認
9304,澁澤倉庫,,翌週再確認
9743,丹青社,,翌週再確認
6055,ジャパンマテリアル,,翌週再確認
6071,ＩＢＪ,,翌週再確認
6425,ユニバーサルエンターテインメント,,翌週再確認
5288,アジアパイルホールディングス,,翌週再確認
5243,ｎｏｔｅ,,翌週再確認
6507,シンフォニアテクノロジー,,翌週再確認
6376,日機装,,翌週再確認
6834,精工技研,,翌週再確認
6666,リバーエレテック,,翌週再確認
3201,日本毛織,,翌週再確認
2334,イオレ,,翌週再確認
7777,スリー・ディー・マトリックス,,翌週再確認
7198,ＳＢＩアルヒ,,翌週再確認
7014,名村造船所,,翌週再確認
7794,イーディーピー,,翌週再確認
2158,ＦＲＯＮＴＥＯ,,翌週再確認
9508,九州電力,,翌週再確認
8739,スパークス・グループ,,翌週再確認
8338,筑波銀行,,翌週再確認
3445,ＲＳ　Ｔｅｃｈｎｏｌｏｇｉｅｓ,,翌週再確認
8012,長瀬産業,,翌週再確認
8399,琉球銀行,,翌週再確認
3853,アステリア,,翌週再確認
6324,ハーモニック・ドライブ・システムズ,,翌週再確認
5831,しずおかフィナンシャルグループ,,翌週再確認
4997,日本農薬,,翌週再確認
6361,荏原製作所,,翌週再確認
6481,ＴＨＫ,,翌週再確認
2986,ＬＡホールディングス,,翌週再確認
6472,ＮＴＮ,,翌週再確認
6309,巴工業,,翌週再確認
5985,サンコール,,翌週再確認
4575,キャンバス,,翌週再確認
6923,スタンレー電気,,翌週再確認
3810,サイバーステップホールディングス,,翌週再確認
8267,イオン,,翌週再確認
8316,三井住友フィナンシャルグループ,,翌週再確認
3465,ケイアイスター不動産,,翌週再確認
2220,亀田製菓,,翌週再確認
9042,阪急阪神ホールディングス,,翌週再確認
7685,ＢｕｙＳｅｌｌ　Ｔｅｃｈｎｏｌｏｇｉｅｓ,,翌週再確認
7181,かんぽ生命保険,,翌週再確認
2489,アドウェイズ,,翌週再確認
7537,丸文,,翌週再確認
2168,パソナグループ,,翌週再確認
7721,東京計器,,翌週再確認
4099,四国化成ホールディングス,,翌週再確認
6958,日本シイエムケイ,,翌週再確認
4506,住友ファーマ,,翌週再確認
2395,新日本科学,,翌週再確認
6890,フェローテック,,翌週再確認
4169,ＥＮＥＣＨＡＮＧＥ,,翌週再確認
6858,小野測器,,翌週再確認
3103,ユニチカ,,翌週再確認
6855,日本電子材料,,翌週再確認
5384,フジミインコーポレーテッド,,翌週再確認
3176,三洋貿易,,翌週再確認
6594,ニデック,,翌週再確認
4593,ヘリオス,,翌週再確認
3101,東洋紡,,翌週再確認
6619,ダブル・スコープ,,翌週再確認
8194,ライフコーポレーション,,翌週再確認
8060,キヤノンマーケティングジャパン,,翌週再確認
9031,西日本鉄道,,翌週再確認
9009,京成電鉄,,翌週再確認
9470,学研ホールディングス,,翌週再確認
8572,アコム,,翌週再確認
3915,テラスカイ,,翌週再確認
9861,吉野家ホールディングス,,翌週再確認
3946,トーモク,,翌週再確認
6814,古野電気,,翌週再確認
4732,ユー・エス・エス,,翌週再確認
4478,フリー,,翌週再確認
4403,日油,,翌週再確認
7226,極東開発工業,,翌週再確認
4272,日本化薬,,翌週再確認
7242,カヤバ,,翌週再確認
7071,アンビスホールディングス,,翌週再確認
3034,クオールホールディングス,,翌週再確認
5240,ｍｏｎｏＡＩ　ｔｅｃｈｎｏｌｏｇｙ,,翌週再確認
6592,マブチモーター,,翌週再確認
5714,ＤＯＷＡホールディングス,,翌週再確認
5393,ニチアス,,翌週再確認
9511,沖縄電力,,翌週再確認
9506,東北電力,,翌週再確認
9072,ニッコンホールディングス,,翌週再確認
1719,安藤・間,,翌週再確認
1721,コムシスホールディングス,,翌週再確認
8934,サンフロンティア不動産,,翌週再確認
1822,大豊建設,,翌週再確認
1852,淺沼組,,翌週再確認
8789,フィンテック　グローバル,,翌週再確認
8714,池田泉州ホールディングス,,翌週再確認
8707,岩井コスモホールディングス,,翌週再確認
8624,いちよし証券,,翌週再確認
8614,東洋証券,,翌週再確認
3989,シェアリングテクノロジー,,翌週再確認
3964,オークネット,,翌週再確認
3962,チェンジホールディングス,,翌週再確認
6135,牧野フライス製作所,,翌週再確認
6047,Ｇｕｎｏｓｙ,,翌週再確認
5991,日本発條,,翌週再確認
5844,京都フィナンシャルグループ,,翌週再確認
5838,楽天銀行,,翌週再確認
5832,ちゅうぎんフィナンシャルグループ,,翌週再確認
8604,野村ホールディングス,,翌週再確認
8600,トモニホールディングス,,翌週再確認
8570,イオンフィナンシャルサービス,,翌週再確認
8558,東和銀行,,翌週再確認
8550,栃木銀行,,翌週再確認
8541,愛媛銀行,,翌週再確認
8524,北洋銀行,,翌週再確認
8522,名古屋銀行,,翌週再確認
8511,日本証券金融,,翌週再確認
8418,山口フィナンシャルグループ,,翌週再確認
6323,ローツェ,,翌週再確認
5715,古河機械金属,,翌週再確認
5713,住友金属鉱山,,翌週再確認
5631,日本製鋼所,,翌週再確認
5471,大同特殊鋼,,翌週再確認
5344,ＭＡＲＵＷＡ,,翌週再確認
5331,ノリタケ,,翌週再確認
6287,サトー,,翌週再確認
6250,やまびこ,,翌週再確認
6235,オプトラン,,翌週再確認
6504,富士電機,,翌週再確認
5262,日本ヒューム,,翌週再確認
5074,テスホールディングス,,翌週再確認
6407,ＣＫＤ,,翌週再確認
6371,椿本チエイン,,翌週再確認
8411,みずほフィナンシャルグループ,,翌週再確認
8393,宮崎銀行,,翌週再確認
8392,大分銀行,,翌週再確認
8388,阿波銀行,,翌週再確認
8386,百十四銀行,,翌週再確認
8381,山陰合同銀行,,翌週再確認
8377,ほくほくフィナンシャルグループ,,翌週再確認
8370,紀陽銀行,,翌週再確認
8361,大垣共立銀行,,翌週再確認
8360,山梨中央銀行,,翌週再確認
8359,八十二長野銀行,,翌週再確認
8358,スルガ銀行,,翌週再確認
8354,ふくおかフィナンシャルグループ,,翌週再確認
8346,東邦銀行,,翌週再確認
8345,岩手銀行,,翌週再確認
2802,味の素,,翌週再確認
2734,サーラコーポレーション,,翌週再確認
2685,アンドエスティＨＤ,,翌週再確認
6508,明電舎,,翌週再確認
8344,山形銀行,,翌週再確認
8343,秋田銀行,,翌週再確認
8341,七十七銀行,,翌週再確認
8337,千葉興業銀行,,翌週再確認
8336,武蔵野銀行,,翌週再確認
8334,群馬銀行,,翌週再確認
8331,千葉銀行,,翌週再確認
8309,三井住友トラストグループ,,翌週再確認
8308,りそなホールディングス,,翌週再確認
8306,三菱ＵＦＪフィナンシャル・グループ,,翌週再確認
8304,あおぞら銀行,,翌週再確認
8233,高島屋,,翌週再確認
8185,チヨダ,,翌週再確認
3186,ネクステージ,,翌週再確認
3167,ＴＯＫＡＩホールディングス,,翌週再確認
6752,パナソニック　ホールディングス,,翌週再確認
6627,テラプローブ,,翌週再確認
2962,テクニスコ,,翌週再確認
8008,ヨンドシーホールディングス,,翌週再確認
8005,スクロール,,翌週再確認
3444,菊池製作所,,翌週再確認
3443,川田テクノロジーズ,,翌週再確認
3401,帝人,,翌週再確認
3350,メタプラネット,,翌週再確認
4042,東ソー,,翌週再確認
4008,住友精化,,翌週再確認
3994,マネーフォワード,,翌週再確認
6875,メガチップス,,翌週再確認
6871,日本マイクロニクス,,翌週再確認
6754,アンリツ,,翌週再確認
7912,大日本印刷,,翌週再確認
2222,寿スピリッツ,,翌週再確認
4109,ステラ　ケミファ,,翌週再確認
1982,日比谷総合設備,,翌週再確認
7752,リコー,,翌週再確認
7751,キヤノン,,翌週再確認
7744,ノーリツ鋼機,,翌週再確認
7730,マニー,,翌週再確認
6882,三社電機製作所,,翌週再確認
3040,ソリトンシステムズ,,翌週再確認
4689,ＬＩＮＥヤフー,,翌週再確認
4668,明光ネットワークジャパン,,翌週再確認
4634,ａｒｔｉｅｎｃｅ,,翌週再確認
4396,システムサポートホールディングス,,翌週再確認
4228,積水化成品工業,,翌週再確認
4194,ビジョナル,,翌週再確認
7381,ＣＣＩグループ,,翌週再確認
7380,十六フィナンシャルグループ,,翌週再確認
7337,ひろぎんホールディングス,,翌週再確認
7327,第四北越フィナンシャルグループ,,翌週再確認
7280,ミツバ,,翌週再確認
7189,西日本フィナンシャルホールディングス,,翌週再確認
7186,横浜フィナンシャルグループ,,翌週再確認
7184,富山第一銀行,,翌週再確認
7167,めぶきフィナンシャルグループ,,翌週再確認
7164,全国保証,,翌週再確認
7011,三菱重工業,,翌週再確認
6952,カシオ計算機,,翌週再確認
4565,ネクセラファーマ,,翌週再確認
4552,ＪＣＲファーマ,,翌週再確認
4543,テルモ,,翌週再確認
4475,ＨＥＮＮＧＥ,,翌週再確認
4425,Ｋｕｄａｎ,,翌週再確認
4418,ＪＤＳＣ,,翌週再確認
2269,明治ホールディングス,,翌週再確認
8897,ＭＩＲＡＲＴＨホールディングス,,翌週再確認
3668,コロプラ,,翌週再確認
9984,ソフトバンクグループ,,翌週再確認
8892,エスコン,,翌週再確認
5830,いよぎんホールディングス,,翌週再確認
5805,ＳＷＣＣ,,翌週再確認
9107,川崎汽船,,翌週再確認
1963,日揮ホールディングス,,翌週再確認
9722,藤田観光,,翌週再確認
1951,エクシオグループ,,翌週再確認
5817,ＪＭＡＣＳ,,翌週再確認
9348,ｉｓｐａｃｅ,,翌週再確認
4222,児玉化学工業,,翌週再確認
7701,島津製作所,,翌週再確認
6966,三井ハイテック,,翌週再確認
3676,デジタルハーツホールディングス,,翌週再確認
2590,ダイドーグループホールディングス,,翌週再確認
7241,フタバ産業,,翌週再確認
7224,新明和工業,,翌週再確認
7476,アズワン,,翌週再確認
7609,ダイトロン,,翌週再確認
7616,コロワイド,,翌週再確認
6232,ＡＣＳＬ,,翌週再確認
6166,中村超硬,,翌週再確認
6203,豊和工業,,翌週再確認
8584,ジャックス,,翌週再確認
8439,東京センチュリー,,翌週再確認
3891,ニッポン高度紙工業,,翌週再確認
1814,大末建設,,翌週再確認
6532,ベイカレント,,翌週再確認
7984,コクヨ,,翌週再確認
6613,ＱＤレーザ,,翌週再確認
4617,中国塗料,,翌週再確認
6838,多摩川ホールディングス,,翌週再確認
4828,ビジネスエンジニアリング,,翌週再確認
4819,デジタルガレージ,,翌週再確認
4118,カネカ,,翌週再確認
4091,日本酸素ホールディングス,,翌週再確認
3569,セーレン,,翌週再確認
2127,日本Ｍ＆Ａセンターホールディングス,,翌週再確認
7735,ＳＣＲＥＥＮホールディングス,,翌週再確認
3099,三越伊勢丹ホールディングス,,翌週再確認
5445,東京鐵鋼,,翌週再確認
8043,スターゼン,,翌週再確認
6524,湖北工業,,翌週再確認
6516,山洋電気,,翌週再確認
2784,アルフレッサ　ホールディングス,,翌週再確認
2809,キユーピー,,翌週再確認
6298,ワイエイシイホールディングス,,翌週再確認
5016,ＪＸ金属,,翌週再確認
8708,アイザワ証券グループ,,翌週再確認
8771,イー・ギャランティ,,翌週再確認
2206,江崎グリコ,,翌週再確認
9101,日本郵船,,翌週再確認
3769,ＧＭＯペイメントゲートウェイ,,翌週再確認
9934,因幡電機産業,,翌週再確認
9119,飯野海運,,翌週再確認
9104,商船三井,,翌週再確認
2384,ＳＢＳホールディングス,,翌週再確認
8841,テーオーシー,,翌週再確認
2371,カカクコム,,翌週再確認
6986,双葉電子工業,,翌週再確認
7409,ＡｅｒｏＥｄｇｅ,,翌週再確認
4183,三井化学,,翌週再確認
7240,ＮＯＫ,,翌週再確認
2768,双日,,翌週再確認
6486,イーグル工業,,翌週再確認
5310,東洋炭素,,翌週再確認
5707,東邦亜鉛,,翌週再確認
3105,日清紡ホールディングス,,翌週再確認
4813,ＡＣＣＥＳＳ,,翌週再確認
7976,三菱鉛筆,,翌週再確認
4894,クオリプス,,翌週再確認
8032,日本紙パルプ商事,,翌週再確認
6741,日本信号,,翌週再確認
6098,リクルートホールディングス,,翌週再確認
6339,新東工業,,翌週再確認
7741,ＨＯＹＡ,,翌週再確認
2267,ヤクルト本社,,翌週再確認
4722,フューチャー,,翌週再確認
8613,丸三証券,,翌週再確認
5857,ＡＲＥホールディングス,,翌週再確認
8622,水戸証券,,翌週再確認
6072,地盤ネットホールディングス,,翌週再確認
1663,Ｋ＆Ｏエナジーグループ,,翌週再確認
8367,南都銀行,,翌週再確認
5563,新日本電工,,翌週再確認
6501,日立製作所,,翌週再確認
3825,リミックスポイント,,翌週再確認
3791,ＩＧポート,,翌週再確認
3878,巴川コーポレーション,,翌週再確認
6857,アドバンテスト,,翌週再確認
7868,広済堂ホールディングス,,翌週再確認
4095,日本パーカライジング,,翌週再確認
3558,ジェイドグループ,,翌週再確認
3544,サツドラホールディングス,,翌週再確認
4044,セントラル硝子,,翌週再確認
2931,ユーグレナ,,翌週再確認
7236,ティラド,,翌週再確認
4202,ダイセル,,翌週再確認
7599,ＩＤＯＭ,,翌週再確認
4381,ビープラッツ,,翌週再確認
4680,ラウンドワン,,翌週再確認
9468,ＫＡＤＯＫＡＷＡ,,翌週再確認
5801,古河電気工業,,翌週再確認
4483,ＪＭＤＣ,,翌週再確認
9678,カナモト,,翌週再確認
6963,ローム,,翌週再確認
4188,三菱ケミカルグループ,,翌週再確認
4592,サンバイオ,,翌週再確認
7456,松田産業,,翌週再確認
6327,北川精機,,翌週再確認
6522,アスタリスク,,翌週再確認
6521,オキサイド,,翌週再確認
8252,丸井グループ,,翌週再確認
6572,オープングループ,,翌週再確認
3002,グンゼ,,翌週再確認
3276,ＪＰＭＣ,,翌週再確認
3168,ＭＥＲＦ,,翌週再確認
7911,ＴＯＰＰＡＮホールディングス,,翌週再確認
4914,高砂香料工業,,翌週再確認
6769,ザインエレクトロニクス,,翌週再確認
4973,日本高純度化学,,翌週再確認
6645,オムロン,,翌週再確認
6616,トレックス・セミコンダクター,,翌週再確認
6862,ミナトホールディングス,,翌週再確認
7826,フルヤ金属,,翌週再確認
7906,ヨネックス,,翌週再確認
4107,伊勢化学工業,,翌週再確認
4165,プレイド,,翌週再確認
4062,イビデン,,翌週再確認
7762,シチズン時計,,翌週再確認
2175,エス・エム・エス,,翌週再確認
2229,カルビー,,翌週再確認
3086,Ｊ．フロント　リテイリング,,翌週再確認
2801,キッコーマン,,翌週再確認
6027,弁護士ドットコム,,翌週再確認
6217,津田駒工業,,翌週再確認
2975,スター・マイカ・ホールディングス,,翌週再確認
5381,マイポックス,,翌週再確認
6506,安川電機,,翌週再確認
6525,ＫＯＫＵＳＡＩ　ＥＬＥＣＴＲＩＣ,,翌週再確認
8117,中央自動車工業,,翌週再確認
4023,クレハ,,翌週再確認
7199,プレミアグループ,,翌週再確認
7458,第一興商,,翌週再確認
4204,積水化学工業,,翌週再確認
4373,シンプレクス・ホールディングス,,翌週再確認
4385,メルカリ,,翌週再確認
4413,ボードルア,,翌週再確認
7545,西松屋チェーン,,翌週再確認
3660,アイスタイル,,翌週再確認
3608,ＴＳＩホールディングス,,翌週再確認
9997,ベルーナ,,翌週再確認
9900,サガミホールディングス,,翌週再確認
8876,リログループ,,翌週再確認
9201,日本航空,,翌週再確認
9418,Ｕ－ＮＥＸＴ　ＨＯＬＤＩＮＧＳ,,翌週再確認
2327,日鉄ソリューションズ,,翌週再確認
9716,乃村工藝社,,翌週再確認
7453,良品計画,,翌週再確認
3661,エムアップホールディングス,,翌週再確認
2501,サッポロビール,,翌週再確認
2492,インフォマート,,翌週再確認
4544,Ｈ．Ｕ．グループホールディングス,,翌週再確認
2585,ライフドリンク　カンパニー,,翌週再確認
4676,フジ・メディア・ホールディングス,,翌週再確認
7564,ワークマン,,翌週再確認
4324,電通グループ,,翌週再確認
4816,東映アニメーション,,翌週再確認
3391,ツルハホールディングス,,翌週再確認
7988,ニフコ,,翌週再確認
4812,電通総研,,翌週再確認
7867,タカラトミー,,翌週再確認
3498,霞ヶ関キャピタル,,翌週再確認
2181,パーソルホールディングス,,翌週再確認
4776,サイボウズ,,翌週再確認
4704,トレンドマイクロ,,翌週再確認
4180,Ａｐｐｉｅｒ　Ｇｒｏｕｐ,,翌週再確認
2670,エービーシー・マート,,翌週再確認
5027,ＡｎｙＭｉｎｄ　Ｇｒｏｕｐ,,翌週再確認
5032,ＡＮＹＣＯＬＯＲ,,翌週再確認
5101,横浜ゴム,,翌週再確認
5253,カバー,,翌週再確認
2749,ＪＰホールディングス,,翌週再確認
6196,ストライクグループ,,翌週再確認
8425,みずほリース,,翌週再確認
6178,日本郵政,,翌週再確認
8706,極東証券,,翌週再確認
3923,ラクス,,翌週再確認
3865,北越コーポレーション,,翌週再確認
9023,東京地下鉄,,翌週再確認
9069,センコーグループホールディングス,,翌週再確認
1909,日本ドライケミカル,,翌週再確認
1887,日本国土開発,,翌週再確認
