code,name,night_category,bank_classification,morning_recheck,rate_regime,rate_wind,rate_confidence,rate_metrics,principle,reasons,missing_data
8366,滋賀銀行,翌朝再確認,押し目監視,True,上昇・フラット化,追い風候補,中,"{'2Y_yield_pct': 1.651, '2Y_change_1d_bp': 0.5, '2Y_change_5d_bp': 8.2, '10Y_yield_pct': 2.873, '10Y_change_1d_bp': 1.7, '10Y_change_5d_bp': 6.0, '30Y_yield_pct': 4.002, '30Y_change_1d_bp': 1.3, '30Y_change_5d_bp': 3.6, 'spread_10y_2y_bp': 122.2, 'spread_change_1d_bp': 1.2, 'spread_change_5d_bp': -2.2, 'rapid_yield_drop': False, 'rapid_inversion': False, 'technical': {'終値': 2691.0, 'MA25': 2642.32, '25日線乖離率': 1.84, 'RSI14': 56.89, 'BB位置': 0.87, '出来高倍率': 0.72, '当日騰落率': 5.08, '3日騰落率': 5.41, '5日騰落率': 3.22, 'reversal_pattern': True, 'volume_confirmed': False, 'trend_maintained': True, 'surge_excluded': False}}",金利上昇基調でも高値追いせず、反転確認後の押し目を拾う,"['金利局面=上昇・フラット化（追い風候補、確信度=中）', '金利追い風だけでは昇格せず、反転足または出来高の完成待ち']",[]
8368,百五銀行,避ける,追いかけ禁止,False,上昇・フラット化,追い風候補,中,"{'2Y_yield_pct': 1.651, '2Y_change_1d_bp': 0.5, '2Y_change_5d_bp': 8.2, '10Y_yield_pct': 2.873, '10Y_change_1d_bp': 1.7, '10Y_change_5d_bp': 6.0, '30Y_yield_pct': 4.002, '30Y_change_1d_bp': 1.3, '30Y_change_5d_bp': 3.6, 'spread_10y_2y_bp': 122.2, 'spread_change_1d_bp': 1.2, 'spread_change_5d_bp': -2.2, 'rapid_yield_drop': False, 'rapid_inversion': False, 'technical': {'終値': 2278.0, 'MA25': 2069.96, '25日線乖離率': 10.05, 'RSI14': 63.29, 'BB位置': 2.23, '出来高倍率': 1.16, '当日騰落率': 5.95, '3日騰落率': 7.4, '5日騰落率': 5.12, 'reversal_pattern': True, 'volume_confirmed': True, 'trend_maintained': True, 'surge_excluded': True}}",金利上昇基調でも高値追いせず、反転確認後の押し目を拾う,"['金利局面=上昇・フラット化（追い風候補、確信度=中）', '急騰除外またはテクニカル過熱']",[]
8338,筑波銀行,避ける,追いかけ禁止,False,上昇・フラット化,追い風候補,中,"{'2Y_yield_pct': 1.651, '2Y_change_1d_bp': 0.5, '2Y_change_5d_bp': 8.2, '10Y_yield_pct': 2.873, '10Y_change_1d_bp': 1.7, '10Y_change_5d_bp': 6.0, '30Y_yield_pct': 4.002, '30Y_change_1d_bp': 1.3, '30Y_change_5d_bp': 3.6, 'spread_10y_2y_bp': 122.2, 'spread_change_1d_bp': 1.2, 'spread_change_5d_bp': -2.2, 'rapid_yield_drop': False, 'rapid_inversion': False, 'technical': {'終値': 724.0, 'MA25': 648.8, '25日線乖離率': 11.59, 'RSI14': 62.42, 'BB位置': 2.31, '出来高倍率': 1.64, '当日騰落率': 8.22, '3日騰落率': 10.2, '5日騰落率': 8.38, 'reversal_pattern': True, 'volume_confirmed': True, 'trend_maintained': True, 'surge_excluded': True}}",金利上昇基調でも高値追いせず、反転確認後の押し目を拾う,"['金利局面=上昇・フラット化（追い風候補、確信度=中）', '急騰除外またはテクニカル過熱']",[]
8399,琉球銀行,避ける,追いかけ禁止,False,上昇・フラット化,追い風候補,中,"{'2Y_yield_pct': 1.651, '2Y_change_1d_bp': 0.5, '2Y_change_5d_bp': 8.2, '10Y_yield_pct': 2.873, '10Y_change_1d_bp': 1.7, '10Y_change_5d_bp': 6.0, '30Y_yield_pct': 4.002, '30Y_change_1d_bp': 1.3, '30Y_change_5d_bp': 3.6, 'spread_10y_2y_bp': 122.2, 'spread_change_1d_bp': 1.2, 'spread_change_5d_bp': -2.2, 'rapid_yield_drop': False, 'rapid_inversion': False, 'technical': {'終値': 3195.0, 'MA25': 2929.36, '25日線乖離率': 9.07, 'RSI14': 69.34, 'BB位置': 2.16, '出来高倍率': 1.43, '当日騰落率': 4.58, '3日騰落率': 3.23, '5日騰落率': 6.89, 'reversal_pattern': True, 'volume_confirmed': True, 'trend_maintained': True, 'surge_excluded': False}}",金利上昇基調でも高値追いせず、反転確認後の押し目を拾う,"['金利局面=上昇・フラット化（追い風候補、確信度=中）', '急騰除外またはテクニカル過熱']",[]
5831,しずおかフィナンシャルグループ,翌朝再確認,押し目監視,True,上昇・フラット化,追い風候補,中,"{'2Y_yield_pct': 1.651, '2Y_change_1d_bp': 0.5, '2Y_change_5d_bp': 8.2, '10Y_yield_pct': 2.873, '10Y_change_1d_bp': 1.7, '10Y_change_5d_bp': 6.0, '30Y_yield_pct': 4.002, '30Y_change_1d_bp': 1.3, '30Y_change_5d_bp': 3.6, 'spread_10y_2y_bp': 122.2, 'spread_change_1d_bp': 1.2, 'spread_change_5d_bp': -2.2, 'rapid_yield_drop': False, 'rapid_inversion': False, 'technical': {'終値': 3480.0, 'MA25': 3304.04, '25日線乖離率': 5.33, 'RSI14': 63.14, 'BB位置': 1.75, '出来高倍率': 1.05, '当日騰落率': 2.29, '3日騰落率': 1.96, '5日騰落率': 8.04, 'reversal_pattern': True, 'volume_confirmed': True, 'trend_maintained': True, 'surge_excluded': False}}",金利上昇基調でも高値追いせず、反転確認後の押し目を拾う,"['金利局面=上昇・フラット化（追い風候補、確信度=中）', '金利追い風だけでは昇格せず、反転足または出来高の完成待ち']",[]
8316,三井住友フィナンシャルグループ,翌朝再確認,押し目監視,True,上昇・フラット化,追い風候補,中,"{'2Y_yield_pct': 1.651, '2Y_change_1d_bp': 0.5, '2Y_change_5d_bp': 8.2, '10Y_yield_pct': 2.873, '10Y_change_1d_bp': 1.7, '10Y_change_5d_bp': 6.0, '30Y_yield_pct': 4.002, '30Y_change_1d_bp': 1.3, '30Y_change_5d_bp': 3.6, 'spread_10y_2y_bp': 122.2, 'spread_change_1d_bp': 1.2, 'spread_change_5d_bp': -2.2, 'rapid_yield_drop': False, 'rapid_inversion': False, 'technical': {'終値': 6969.0, 'MA25': 6874.92, '25日線乖離率': 1.37, 'RSI14': 56.3, 'BB位置': 0.46, '出来高倍率': 0.9, '当日騰落率': 1.63, '3日騰落率': 2.76, '5日騰落率': 4.55, 'reversal_pattern': True, 'volume_confirmed': False, 'trend_maintained': True, 'surge_excluded': False}}",金利上昇基調でも高値追いせず、反転確認後の押し目を拾う,"['金利局面=上昇・フラット化（追い風候補、確信度=中）', '金利追い風だけでは昇格せず、反転足または出来高の完成待ち']",[]
8714,池田泉州ホールディングス,翌朝再確認,押し目監視,True,上昇・フラット化,追い風候補,中,"{'2Y_yield_pct': 1.651, '2Y_change_1d_bp': 0.5, '2Y_change_5d_bp': 8.2, '10Y_yield_pct': 2.873, '10Y_change_1d_bp': 1.7, '10Y_change_5d_bp': 6.0, '30Y_yield_pct': 4.002, '30Y_change_1d_bp': 1.3, '30Y_change_5d_bp': 3.6, 'spread_10y_2y_bp': 122.2, 'spread_change_1d_bp': 1.2, 'spread_change_5d_bp': -2.2, 'rapid_yield_drop': False, 'rapid_inversion': False, 'technical': {'終値': 1099.0, 'MA25': 1023.24, '25日線乖離率': 7.4, 'RSI14': 62.64, 'BB位置': 1.79, '出来高倍率': 1.45, '当日騰落率': 5.77, '3日騰落率': 6.6, '5日騰落率': 7.32, 'reversal_pattern': False, 'volume_confirmed': True, 'trend_maintained': True, 'surge_excluded': False}}",金利上昇基調でも高値追いせず、反転確認後の押し目を拾う,"['金利局面=上昇・フラット化（追い風候補、確信度=中）', '金利追い風だけでは昇格せず、反転足または出来高の完成待ち']",[]
5844,京都フィナンシャルグループ,避ける,追いかけ禁止,True,上昇・フラット化,追い風候補,中,"{'2Y_yield_pct': 1.651, '2Y_change_1d_bp': 0.5, '2Y_change_5d_bp': 8.2, '10Y_yield_pct': 2.873, '10Y_change_1d_bp': 1.7, '10Y_change_5d_bp': 6.0, '30Y_yield_pct': 4.002, '30Y_change_1d_bp': 1.3, '30Y_change_5d_bp': 3.6, 'spread_10y_2y_bp': 122.2, 'spread_change_1d_bp': 1.2, 'spread_change_5d_bp': -2.2, 'rapid_yield_drop': False, 'rapid_inversion': False, 'technical': {'終値': 5000.0, 'MA25': 4638.96, '25日線乖離率': 7.78, 'RSI14': 67.13, 'BB位置': 2.85, '出来高倍率': 1.59, '当日騰落率': 5.06, '3日騰落率': 7.11, '5日騰落率': 6.91, 'reversal_pattern': False, 'volume_confirmed': True, 'trend_maintained': True, 'surge_excluded': True}}",金利上昇基調でも高値追いせず、反転確認後の押し目を拾う,"['金利局面=上昇・フラット化（追い風候補、確信度=中）', '急騰除外またはテクニカル過熱']",[]
5838,楽天銀行,避ける,追いかけ禁止,True,上昇・フラット化,追い風候補,中,"{'2Y_yield_pct': 1.651, '2Y_change_1d_bp': 0.5, '2Y_change_5d_bp': 8.2, '10Y_yield_pct': 2.873, '10Y_change_1d_bp': 1.7, '10Y_change_5d_bp': 6.0, '30Y_yield_pct': 4.002, '30Y_change_1d_bp': 1.3, '30Y_change_5d_bp': 3.6, 'spread_10y_2y_bp': 122.2, 'spread_change_1d_bp': 1.2, 'spread_change_5d_bp': -2.2, 'rapid_yield_drop': False, 'rapid_inversion': False, 'technical': {'終値': 5916.0, 'MA25': 5586.76, '25日線乖離率': 5.89, 'RSI14': 60.99, 'BB位置': 2.2, '出来高倍率': 1.17, '当日騰落率': 3.97, '3日騰落率': 2.41, '5日騰落率': 6.56, 'reversal_pattern': False, 'volume_confirmed': True, 'trend_maintained': True, 'surge_excluded': True}}",金利上昇基調でも高値追いせず、反転確認後の押し目を拾う,"['金利局面=上昇・フラット化（追い風候補、確信度=中）', '急騰除外またはテクニカル過熱']",[]
5832,ちゅうぎんフィナンシャルグループ,避ける,追いかけ禁止,True,上昇・フラット化,追い風候補,中,"{'2Y_yield_pct': 1.651, '2Y_change_1d_bp': 0.5, '2Y_change_5d_bp': 8.2, '10Y_yield_pct': 2.873, '10Y_change_1d_bp': 1.7, '10Y_change_5d_bp': 6.0, '30Y_yield_pct': 4.002, '30Y_change_1d_bp': 1.3, '30Y_change_5d_bp': 3.6, 'spread_10y_2y_bp': 122.2, 'spread_change_1d_bp': 1.2, 'spread_change_5d_bp': -2.2, 'rapid_yield_drop': False, 'rapid_inversion': False, 'technical': {'終値': 3535.0, 'MA25': 3331.48, '25日線乖離率': 6.11, 'RSI14': 64.8, 'BB位置': 2.3, '出来高倍率': 1.03, '当日騰落率': 3.91, '3日騰落率': 4.43, '5日騰落率': 5.59, 'reversal_pattern': False, 'volume_confirmed': True, 'trend_maintained': True, 'surge_excluded': True}}",金利上昇基調でも高値追いせず、反転確認後の押し目を拾う,"['金利局面=上昇・フラット化（追い風候補、確信度=中）', '急騰除外またはテクニカル過熱']",[]
8600,トモニホールディングス,避ける,追いかけ禁止,False,上昇・フラット化,追い風候補,中,"{'2Y_yield_pct': 1.651, '2Y_change_1d_bp': 0.5, '2Y_change_5d_bp': 8.2, '10Y_yield_pct': 2.873, '10Y_change_1d_bp': 1.7, '10Y_change_5d_bp': 6.0, '30Y_yield_pct': 4.002, '30Y_change_1d_bp': 1.3, '30Y_change_5d_bp': 3.6, 'spread_10y_2y_bp': 122.2, 'spread_change_1d_bp': 1.2, 'spread_change_5d_bp': -2.2, 'rapid_yield_drop': False, 'rapid_inversion': False, 'technical': {'終値': 1105.0, 'MA25': 991.24, '25日線乖離率': 11.48, 'RSI14': 69.12, 'BB位置': 2.17, '出来高倍率': 1.15, '当日騰落率': 5.64, '3日騰落率': 2.5, '5日騰落率': 8.55, 'reversal_pattern': True, 'volume_confirmed': True, 'trend_maintained': True, 'surge_excluded': True}}",金利上昇基調でも高値追いせず、反転確認後の押し目を拾う,"['金利局面=上昇・フラット化（追い風候補、確信度=中）', '急騰除外またはテクニカル過熱']",[]
8558,東和銀行,避ける,追いかけ禁止,True,上昇・フラット化,追い風候補,中,"{'2Y_yield_pct': 1.651, '2Y_change_1d_bp': 0.5, '2Y_change_5d_bp': 8.2, '10Y_yield_pct': 2.873, '10Y_change_1d_bp': 1.7, '10Y_change_5d_bp': 6.0, '30Y_yield_pct': 4.002, '30Y_change_1d_bp': 1.3, '30Y_change_5d_bp': 3.6, 'spread_10y_2y_bp': 122.2, 'spread_change_1d_bp': 1.2, 'spread_change_5d_bp': -2.2, 'rapid_yield_drop': False, 'rapid_inversion': False, 'technical': {'終値': 1487.0, 'MA25': 1373.52, '25日線乖離率': 8.26, 'RSI14': 61.01, 'BB位置': 2.21, '出来高倍率': 1.16, '当日騰落率': 6.82, '3日騰落率': 7.36, '5日騰落率': 12.48, 'reversal_pattern': False, 'volume_confirmed': True, 'trend_maintained': True, 'surge_excluded': True}}",金利上昇基調でも高値追いせず、反転確認後の押し目を拾う,"['金利局面=上昇・フラット化（追い風候補、確信度=中）', '急騰除外またはテクニカル過熱']",[]
8550,栃木銀行,避ける,追いかけ禁止,True,上昇・フラット化,追い風候補,中,"{'2Y_yield_pct': 1.651, '2Y_change_1d_bp': 0.5, '2Y_change_5d_bp': 8.2, '10Y_yield_pct': 2.873, '10Y_change_1d_bp': 1.7, '10Y_change_5d_bp': 6.0, '30Y_yield_pct': 4.002, '30Y_change_1d_bp': 1.3, '30Y_change_5d_bp': 3.6, 'spread_10y_2y_bp': 122.2, 'spread_change_1d_bp': 1.2, 'spread_change_5d_bp': -2.2, 'rapid_yield_drop': False, 'rapid_inversion': False, 'technical': {'終値': 1080.0, 'MA25': 997.56, '25日線乖離率': 8.26, 'RSI14': 62.29, 'BB位置': 1.88, '出来高倍率': 0.98, '当日騰落率': 5.47, '3日騰落率': 5.06, '5日騰落率': 7.25, 'reversal_pattern': False, 'volume_confirmed': False, 'trend_maintained': True, 'surge_excluded': False}}",金利上昇基調でも高値追いせず、反転確認後の押し目を拾う,"['金利局面=上昇・フラット化（追い風候補、確信度=中）', '急騰除外またはテクニカル過熱']",[]
8541,愛媛銀行,避ける,追いかけ禁止,True,上昇・フラット化,追い風候補,中,"{'2Y_yield_pct': 1.651, '2Y_change_1d_bp': 0.5, '2Y_change_5d_bp': 8.2, '10Y_yield_pct': 2.873, '10Y_change_1d_bp': 1.7, '10Y_change_5d_bp': 6.0, '30Y_yield_pct': 4.002, '30Y_change_1d_bp': 1.3, '30Y_change_5d_bp': 3.6, 'spread_10y_2y_bp': 122.2, 'spread_change_1d_bp': 1.2, 'spread_change_5d_bp': -2.2, 'rapid_yield_drop': False, 'rapid_inversion': False, 'technical': {'終値': 3040.0, 'MA25': 2608.8, '25日線乖離率': 16.53, 'RSI14': 70.38, 'BB位置': 1.75, '出来高倍率': 0.57, '当日騰落率': 7.23, '3日騰落率': 6.55, '5日騰落率': 11.56, 'reversal_pattern': False, 'volume_confirmed': False, 'trend_maintained': True, 'surge_excluded': True}}",金利上昇基調でも高値追いせず、反転確認後の押し目を拾う,"['金利局面=上昇・フラット化（追い風候補、確信度=中）', '急騰除外またはテクニカル過熱']",[]
8524,北洋銀行,避ける,追いかけ禁止,True,上昇・フラット化,追い風候補,中,"{'2Y_yield_pct': 1.651, '2Y_change_1d_bp': 0.5, '2Y_change_5d_bp': 8.2, '10Y_yield_pct': 2.873, '10Y_change_1d_bp': 1.7, '10Y_change_5d_bp': 6.0, '30Y_yield_pct': 4.002, '30Y_change_1d_bp': 1.3, '30Y_change_5d_bp': 3.6, 'spread_10y_2y_bp': 122.2, 'spread_change_1d_bp': 1.2, 'spread_change_5d_bp': -2.2, 'rapid_yield_drop': False, 'rapid_inversion': False, 'technical': {'終値': 1305.0, 'MA25': 1196.72, '25日線乖離率': 9.05, 'RSI14': 66.18, 'BB位置': 2.31, '出来高倍率': 0.87, '当日騰落率': 5.07, '3日騰落率': 6.88, '5日騰落率': 7.32, 'reversal_pattern': False, 'volume_confirmed': False, 'trend_maintained': True, 'surge_excluded': True}}",金利上昇基調でも高値追いせず、反転確認後の押し目を拾う,"['金利局面=上昇・フラット化（追い風候補、確信度=中）', '急騰除外またはテクニカル過熱']",[]
8522,名古屋銀行,翌朝再確認,押し目監視,True,上昇・フラット化,追い風候補,中,"{'2Y_yield_pct': 1.651, '2Y_change_1d_bp': 0.5, '2Y_change_5d_bp': 8.2, '10Y_yield_pct': 2.873, '10Y_change_1d_bp': 1.7, '10Y_change_5d_bp': 6.0, '30Y_yield_pct': 4.002, '30Y_change_1d_bp': 1.3, '30Y_change_5d_bp': 3.6, 'spread_10y_2y_bp': 122.2, 'spread_change_1d_bp': 1.2, 'spread_change_5d_bp': -2.2, 'rapid_yield_drop': False, 'rapid_inversion': False, 'technical': {'終値': 6910.0, 'MA25': 6579.2, '25日線乖離率': 5.03, 'RSI14': 62.78, 'BB位置': 1.59, '出来高倍率': 1.03, '当日騰落率': 4.38, '3日騰落率': 7.13, '5日騰落率': 6.47, 'reversal_pattern': False, 'volume_confirmed': True, 'trend_maintained': True, 'surge_excluded': False}}",金利上昇基調でも高値追いせず、反転確認後の押し目を拾う,"['金利局面=上昇・フラット化（追い風候補、確信度=中）', '金利追い風だけでは昇格せず、反転足または出来高の完成待ち']",[]
8418,山口フィナンシャルグループ,翌朝再確認,押し目監視,True,上昇・フラット化,追い風候補,中,"{'2Y_yield_pct': 1.651, '2Y_change_1d_bp': 0.5, '2Y_change_5d_bp': 8.2, '10Y_yield_pct': 2.873, '10Y_change_1d_bp': 1.7, '10Y_change_5d_bp': 6.0, '30Y_yield_pct': 4.002, '30Y_change_1d_bp': 1.3, '30Y_change_5d_bp': 3.6, 'spread_10y_2y_bp': 122.2, 'spread_change_1d_bp': 1.2, 'spread_change_5d_bp': -2.2, 'rapid_yield_drop': False, 'rapid_inversion': False, 'technical': {'終値': 3197.0, 'MA25': 3037.72, '25日線乖離率': 5.24, 'RSI14': 62.15, 'BB位置': 1.97, '出来高倍率': 1.36, '当日騰落率': 5.06, '3日騰落率': 3.97, '5日騰落率': 5.93, 'reversal_pattern': False, 'volume_confirmed': True, 'trend_maintained': True, 'surge_excluded': False}}",金利上昇基調でも高値追いせず、反転確認後の押し目を拾う,"['金利局面=上昇・フラット化（追い風候補、確信度=中）', '金利追い風だけでは昇格せず、反転足または出来高の完成待ち']",[]
8411,みずほフィナンシャルグループ,翌朝再確認,押し目監視,True,上昇・フラット化,追い風候補,中,"{'2Y_yield_pct': 1.651, '2Y_change_1d_bp': 0.5, '2Y_change_5d_bp': 8.2, '10Y_yield_pct': 2.873, '10Y_change_1d_bp': 1.7, '10Y_change_5d_bp': 6.0, '30Y_yield_pct': 4.002, '30Y_change_1d_bp': 1.3, '30Y_change_5d_bp': 3.6, 'spread_10y_2y_bp': 122.2, 'spread_change_1d_bp': 1.2, 'spread_change_5d_bp': -2.2, 'rapid_yield_drop': False, 'rapid_inversion': False, 'technical': {'終値': 8775.0, 'MA25': 8360.4, '25日線乖離率': 4.96, 'RSI14': 60.61, 'BB位置': 1.54, '出来高倍率': 0.96, '当日騰落率': 3.21, '3日騰落率': 3.9, '5日騰落率': 3.6, 'reversal_pattern': False, 'volume_confirmed': False, 'trend_maintained': True, 'surge_excluded': False}}",金利上昇基調でも高値追いせず、反転確認後の押し目を拾う,"['金利局面=上昇・フラット化（追い風候補、確信度=中）', '金利追い風だけでは昇格せず、反転足または出来高の完成待ち']",[]
8393,宮崎銀行,翌朝再確認,押し目監視,True,上昇・フラット化,追い風候補,中,"{'2Y_yield_pct': 1.651, '2Y_change_1d_bp': 0.5, '2Y_change_5d_bp': 8.2, '10Y_yield_pct': 2.873, '10Y_change_1d_bp': 1.7, '10Y_change_5d_bp': 6.0, '30Y_yield_pct': 4.002, '30Y_change_1d_bp': 1.3, '30Y_change_5d_bp': 3.6, 'spread_10y_2y_bp': 122.2, 'spread_change_1d_bp': 1.2, 'spread_change_5d_bp': -2.2, 'rapid_yield_drop': False, 'rapid_inversion': False, 'technical': {'終値': 2502.0, 'MA25': 2349.12, '25日線乖離率': 6.51, 'RSI14': 59.84, 'BB位置': 1.37, '出来高倍率': 1.29, '当日騰落率': 3.65, '3日騰落率': 4.73, '5日騰落率': 4.38, 'reversal_pattern': False, 'volume_confirmed': True, 'trend_maintained': True, 'surge_excluded': False}}",金利上昇基調でも高値追いせず、反転確認後の押し目を拾う,"['金利局面=上昇・フラット化（追い風候補、確信度=中）', '金利追い風だけでは昇格せず、反転足または出来高の完成待ち']",[]
8392,大分銀行,避ける,追いかけ禁止,True,上昇・フラット化,追い風候補,中,"{'2Y_yield_pct': 1.651, '2Y_change_1d_bp': 0.5, '2Y_change_5d_bp': 8.2, '10Y_yield_pct': 2.873, '10Y_change_1d_bp': 1.7, '10Y_change_5d_bp': 6.0, '30Y_yield_pct': 4.002, '30Y_change_1d_bp': 1.3, '30Y_change_5d_bp': 3.6, 'spread_10y_2y_bp': 122.2, 'spread_change_1d_bp': 1.2, 'spread_change_5d_bp': -2.2, 'rapid_yield_drop': False, 'rapid_inversion': False, 'technical': {'終値': 2855.0, 'MA25': 2639.16, '25日線乖離率': 8.18, 'RSI14': 62.34, 'BB位置': 1.75, '出来高倍率': 1.5, '当日騰落率': 5.7, '3日騰落率': 5.27, '5日騰落率': 7.41, 'reversal_pattern': False, 'volume_confirmed': True, 'trend_maintained': True, 'surge_excluded': False}}",金利上昇基調でも高値追いせず、反転確認後の押し目を拾う,"['金利局面=上昇・フラット化（追い風候補、確信度=中）', '急騰除外またはテクニカル過熱']",[]
8388,阿波銀行,避ける,追いかけ禁止,True,上昇・フラット化,追い風候補,中,"{'2Y_yield_pct': 1.651, '2Y_change_1d_bp': 0.5, '2Y_change_5d_bp': 8.2, '10Y_yield_pct': 2.873, '10Y_change_1d_bp': 1.7, '10Y_change_5d_bp': 6.0, '30Y_yield_pct': 4.002, '30Y_change_1d_bp': 1.3, '30Y_change_5d_bp': 3.6, 'spread_10y_2y_bp': 122.2, 'spread_change_1d_bp': 1.2, 'spread_change_5d_bp': -2.2, 'rapid_yield_drop': False, 'rapid_inversion': False, 'technical': {'終値': 9390.0, 'MA25': 8318.8, '25日線乖離率': 12.88, 'RSI14': 72.73, 'BB位置': 2.13, '出来高倍率': 1.93, '当日騰落率': 4.8, '3日騰落率': 5.15, '5日騰落率': 8.18, 'reversal_pattern': False, 'volume_confirmed': True, 'trend_maintained': True, 'surge_excluded': True}}",金利上昇基調でも高値追いせず、反転確認後の押し目を拾う,"['金利局面=上昇・フラット化（追い風候補、確信度=中）', '急騰除外またはテクニカル過熱']",[]
8386,百十四銀行,避ける,追いかけ禁止,True,上昇・フラット化,追い風候補,中,"{'2Y_yield_pct': 1.651, '2Y_change_1d_bp': 0.5, '2Y_change_5d_bp': 8.2, '10Y_yield_pct': 2.873, '10Y_change_1d_bp': 1.7, '10Y_change_5d_bp': 6.0, '30Y_yield_pct': 4.002, '30Y_change_1d_bp': 1.3, '30Y_change_5d_bp': 3.6, 'spread_10y_2y_bp': 122.2, 'spread_change_1d_bp': 1.2, 'spread_change_5d_bp': -2.2, 'rapid_yield_drop': False, 'rapid_inversion': False, 'technical': {'終値': 3090.0, 'MA25': 2816.8, '25日線乖離率': 9.7, 'RSI14': 66.39, 'BB位置': 2.32, '出来高倍率': 1.49, '当日騰落率': 6.4, '3日騰落率': 7.59, '5日騰落率': 6.99, 'reversal_pattern': False, 'volume_confirmed': True, 'trend_maintained': True, 'surge_excluded': True}}",金利上昇基調でも高値追いせず、反転確認後の押し目を拾う,"['金利局面=上昇・フラット化（追い風候補、確信度=中）', '急騰除外またはテクニカル過熱']",[]
8381,山陰合同銀行,翌朝再確認,押し目監視,True,上昇・フラット化,追い風候補,中,"{'2Y_yield_pct': 1.651, '2Y_change_1d_bp': 0.5, '2Y_change_5d_bp': 8.2, '10Y_yield_pct': 2.873, '10Y_change_1d_bp': 1.7, '10Y_change_5d_bp': 6.0, '30Y_yield_pct': 4.002, '30Y_change_1d_bp': 1.3, '30Y_change_5d_bp': 3.6, 'spread_10y_2y_bp': 122.2, 'spread_change_1d_bp': 1.2, 'spread_change_5d_bp': -2.2, 'rapid_yield_drop': False, 'rapid_inversion': False, 'technical': {'終値': 2579.0, 'MA25': 2450.28, '25日線乖離率': 5.25, 'RSI14': 63.66, 'BB位置': 1.86, '出来高倍率': 1.19, '当日騰落率': 3.24, '3日騰落率': 3.0, '5日騰落率': 5.96, 'reversal_pattern': True, 'volume_confirmed': True, 'trend_maintained': True, 'surge_excluded': False}}",金利上昇基調でも高値追いせず、反転確認後の押し目を拾う,"['金利局面=上昇・フラット化（追い風候補、確信度=中）', '金利追い風だけでは昇格せず、反転足または出来高の完成待ち']",[]
8377,ほくほくフィナンシャルグループ,避ける,追いかけ禁止,True,上昇・フラット化,追い風候補,中,"{'2Y_yield_pct': 1.651, '2Y_change_1d_bp': 0.5, '2Y_change_5d_bp': 8.2, '10Y_yield_pct': 2.873, '10Y_change_1d_bp': 1.7, '10Y_change_5d_bp': 6.0, '30Y_yield_pct': 4.002, '30Y_change_1d_bp': 1.3, '30Y_change_5d_bp': 3.6, 'spread_10y_2y_bp': 122.2, 'spread_change_1d_bp': 1.2, 'spread_change_5d_bp': -2.2, 'rapid_yield_drop': False, 'rapid_inversion': False, 'technical': {'終値': 8458.0, 'MA25': 7673.0, '25日線乖離率': 10.23, 'RSI14': 66.74, 'BB位置': 2.31, '出来高倍率': 0.79, '当日騰落率': 4.15, '3日騰落率': 5.03, '5日騰落率': 7.02, 'reversal_pattern': False, 'volume_confirmed': False, 'trend_maintained': True, 'surge_excluded': True}}",金利上昇基調でも高値追いせず、反転確認後の押し目を拾う,"['金利局面=上昇・フラット化（追い風候補、確信度=中）', '急騰除外またはテクニカル過熱']",[]
8370,紀陽銀行,翌朝再確認,押し目監視,True,上昇・フラット化,追い風候補,中,"{'2Y_yield_pct': 1.651, '2Y_change_1d_bp': 0.5, '2Y_change_5d_bp': 8.2, '10Y_yield_pct': 2.873, '10Y_change_1d_bp': 1.7, '10Y_change_5d_bp': 6.0, '30Y_yield_pct': 4.002, '30Y_change_1d_bp': 1.3, '30Y_change_5d_bp': 3.6, 'spread_10y_2y_bp': 122.2, 'spread_change_1d_bp': 1.2, 'spread_change_5d_bp': -2.2, 'rapid_yield_drop': False, 'rapid_inversion': False, 'technical': {'終値': 5020.0, 'MA25': 4757.4, '25日線乖離率': 5.52, 'RSI14': 62.52, 'BB位置': 1.89, '出来高倍率': 0.87, '当日騰落率': 3.61, '3日騰落率': 3.61, '5日騰落率': 6.24, 'reversal_pattern': False, 'volume_confirmed': False, 'trend_maintained': True, 'surge_excluded': False}}",金利上昇基調でも高値追いせず、反転確認後の押し目を拾う,"['金利局面=上昇・フラット化（追い風候補、確信度=中）', '金利追い風だけでは昇格せず、反転足または出来高の完成待ち']",[]
8361,大垣共立銀行,翌朝再確認,押し目監視,True,上昇・フラット化,追い風候補,中,"{'2Y_yield_pct': 1.651, '2Y_change_1d_bp': 0.5, '2Y_change_5d_bp': 8.2, '10Y_yield_pct': 2.873, '10Y_change_1d_bp': 1.7, '10Y_change_5d_bp': 6.0, '30Y_yield_pct': 4.002, '30Y_change_1d_bp': 1.3, '30Y_change_5d_bp': 3.6, 'spread_10y_2y_bp': 122.2, 'spread_change_1d_bp': 1.2, 'spread_change_5d_bp': -2.2, 'rapid_yield_drop': False, 'rapid_inversion': False, 'technical': {'終値': 8040.0, 'MA25': 7674.0, '25日線乖離率': 4.77, 'RSI14': 58.11, 'BB位置': 1.17, '出来高倍率': 1.03, '当日騰落率': 5.65, '3日騰落率': 6.35, '5日騰落率': 7.49, 'reversal_pattern': False, 'volume_confirmed': True, 'trend_maintained': True, 'surge_excluded': False}}",金利上昇基調でも高値追いせず、反転確認後の押し目を拾う,"['金利局面=上昇・フラット化（追い風候補、確信度=中）', '金利追い風だけでは昇格せず、反転足または出来高の完成待ち']",[]
8360,山梨中央銀行,避ける,追いかけ禁止,True,上昇・フラット化,追い風候補,中,"{'2Y_yield_pct': 1.651, '2Y_change_1d_bp': 0.5, '2Y_change_5d_bp': 8.2, '10Y_yield_pct': 2.873, '10Y_change_1d_bp': 1.7, '10Y_change_5d_bp': 6.0, '30Y_yield_pct': 4.002, '30Y_change_1d_bp': 1.3, '30Y_change_5d_bp': 3.6, 'spread_10y_2y_bp': 122.2, 'spread_change_1d_bp': 1.2, 'spread_change_5d_bp': -2.2, 'rapid_yield_drop': False, 'rapid_inversion': False, 'technical': {'終値': 7440.0, 'MA25': 6762.0, '25日線乖離率': 10.03, 'RSI14': 63.75, 'BB位置': 1.96, '出来高倍率': 1.62, '当日騰落率': 5.68, '3日騰落率': 5.23, '5日騰落率': 6.13, 'reversal_pattern': False, 'volume_confirmed': True, 'trend_maintained': True, 'surge_excluded': True}}",金利上昇基調でも高値追いせず、反転確認後の押し目を拾う,"['金利局面=上昇・フラット化（追い風候補、確信度=中）', '急騰除外またはテクニカル過熱']",[]
8359,八十二長野銀行,翌朝再確認,押し目監視,True,上昇・フラット化,追い風候補,中,"{'2Y_yield_pct': 1.651, '2Y_change_1d_bp': 0.5, '2Y_change_5d_bp': 8.2, '10Y_yield_pct': 2.873, '10Y_change_1d_bp': 1.7, '10Y_change_5d_bp': 6.0, '30Y_yield_pct': 4.002, '30Y_change_1d_bp': 1.3, '30Y_change_5d_bp': 3.6, 'spread_10y_2y_bp': 122.2, 'spread_change_1d_bp': 1.2, 'spread_change_5d_bp': -2.2, 'rapid_yield_drop': False, 'rapid_inversion': False, 'technical': {'終値': 2680.5, 'MA25': 2578.9, '25日線乖離率': 3.94, 'RSI14': 60.43, 'BB位置': 1.46, '出来高倍率': 1.12, '当日騰落率': 2.94, '3日騰落率': 2.82, '5日騰落率': 3.9, 'reversal_pattern': False, 'volume_confirmed': True, 'trend_maintained': True, 'surge_excluded': False}}",金利上昇基調でも高値追いせず、反転確認後の押し目を拾う,"['金利局面=上昇・フラット化（追い風候補、確信度=中）', '金利追い風だけでは昇格せず、反転足または出来高の完成待ち']",[]
8358,スルガ銀行,避ける,追いかけ禁止,True,上昇・フラット化,追い風候補,中,"{'2Y_yield_pct': 1.651, '2Y_change_1d_bp': 0.5, '2Y_change_5d_bp': 8.2, '10Y_yield_pct': 2.873, '10Y_change_1d_bp': 1.7, '10Y_change_5d_bp': 6.0, '30Y_yield_pct': 4.002, '30Y_change_1d_bp': 1.3, '30Y_change_5d_bp': 3.6, 'spread_10y_2y_bp': 122.2, 'spread_change_1d_bp': 1.2, 'spread_change_5d_bp': -2.2, 'rapid_yield_drop': False, 'rapid_inversion': False, 'technical': {'終値': 2880.0, 'MA25': 2683.92, '25日線乖離率': 7.31, 'RSI14': 70.04, 'BB位置': 2.31, '出来高倍率': 1.27, '当日騰落率': 2.75, '3日騰落率': 5.3, '5日騰落率': 6.16, 'reversal_pattern': False, 'volume_confirmed': True, 'trend_maintained': True, 'surge_excluded': True}}",金利上昇基調でも高値追いせず、反転確認後の押し目を拾う,"['金利局面=上昇・フラット化（追い風候補、確信度=中）', '急騰除外またはテクニカル過熱']",[]
8354,ふくおかフィナンシャルグループ,翌朝再確認,押し目監視,True,上昇・フラット化,追い風候補,中,"{'2Y_yield_pct': 1.651, '2Y_change_1d_bp': 0.5, '2Y_change_5d_bp': 8.2, '10Y_yield_pct': 2.873, '10Y_change_1d_bp': 1.7, '10Y_change_5d_bp': 6.0, '30Y_yield_pct': 4.002, '30Y_change_1d_bp': 1.3, '30Y_change_5d_bp': 3.6, 'spread_10y_2y_bp': 122.2, 'spread_change_1d_bp': 1.2, 'spread_change_5d_bp': -2.2, 'rapid_yield_drop': False, 'rapid_inversion': False, 'technical': {'終値': 7704.0, 'MA25': 7474.08, '25日線乖離率': 3.08, 'RSI14': 58.34, 'BB位置': 1.27, '出来高倍率': 0.97, '当日騰落率': 2.43, '3日騰落率': 2.12, '5日騰落率': 2.65, 'reversal_pattern': False, 'volume_confirmed': False, 'trend_maintained': True, 'surge_excluded': False}}",金利上昇基調でも高値追いせず、反転確認後の押し目を拾う,"['金利局面=上昇・フラット化（追い風候補、確信度=中）', '金利追い風だけでは昇格せず、反転足または出来高の完成待ち']",[]
8346,東邦銀行,避ける,追いかけ禁止,False,上昇・フラット化,追い風候補,中,"{'2Y_yield_pct': 1.651, '2Y_change_1d_bp': 0.5, '2Y_change_5d_bp': 8.2, '10Y_yield_pct': 2.873, '10Y_change_1d_bp': 1.7, '10Y_change_5d_bp': 6.0, '30Y_yield_pct': 4.002, '30Y_change_1d_bp': 1.3, '30Y_change_5d_bp': 3.6, 'spread_10y_2y_bp': 122.2, 'spread_change_1d_bp': 1.2, 'spread_change_5d_bp': -2.2, 'rapid_yield_drop': False, 'rapid_inversion': False, 'technical': {'終値': 989.0, 'MA25': 881.96, '25日線乖離率': 12.14, 'RSI14': 69.21, 'BB位置': 2.19, '出来高倍率': 1.29, '当日騰落率': 5.78, '3日騰落率': 4.99, '5日騰落率': 6.8, 'reversal_pattern': True, 'volume_confirmed': True, 'trend_maintained': True, 'surge_excluded': True}}",金利上昇基調でも高値追いせず、反転確認後の押し目を拾う,"['金利局面=上昇・フラット化（追い風候補、確信度=中）', '急騰除外またはテクニカル過熱']",[]
8345,岩手銀行,避ける,追いかけ禁止,True,上昇・フラット化,追い風候補,中,"{'2Y_yield_pct': 1.651, '2Y_change_1d_bp': 0.5, '2Y_change_5d_bp': 8.2, '10Y_yield_pct': 2.873, '10Y_change_1d_bp': 1.7, '10Y_change_5d_bp': 6.0, '30Y_yield_pct': 4.002, '30Y_change_1d_bp': 1.3, '30Y_change_5d_bp': 3.6, 'spread_10y_2y_bp': 122.2, 'spread_change_1d_bp': 1.2, 'spread_change_5d_bp': -2.2, 'rapid_yield_drop': False, 'rapid_inversion': False, 'technical': {'終値': 2474.0, 'MA25': 2222.48, '25日線乖離率': 11.32, 'RSI14': 66.01, 'BB位置': 2.27, '出来高倍率': 1.19, '当日騰落率': 4.7, '3日騰落率': 4.92, '5日騰落率': 8.8, 'reversal_pattern': False, 'volume_confirmed': True, 'trend_maintained': True, 'surge_excluded': True}}",金利上昇基調でも高値追いせず、反転確認後の押し目を拾う,"['金利局面=上昇・フラット化（追い風候補、確信度=中）', '急騰除外またはテクニカル過熱']",[]
8344,山形銀行,避ける,追いかけ禁止,True,上昇・フラット化,追い風候補,中,"{'2Y_yield_pct': 1.651, '2Y_change_1d_bp': 0.5, '2Y_change_5d_bp': 8.2, '10Y_yield_pct': 2.873, '10Y_change_1d_bp': 1.7, '10Y_change_5d_bp': 6.0, '30Y_yield_pct': 4.002, '30Y_change_1d_bp': 1.3, '30Y_change_5d_bp': 3.6, 'spread_10y_2y_bp': 122.2, 'spread_change_1d_bp': 1.2, 'spread_change_5d_bp': -2.2, 'rapid_yield_drop': False, 'rapid_inversion': False, 'technical': {'終値': 4585.0, 'MA25': 3937.8, '25日線乖離率': 16.44, 'RSI14': 70.01, 'BB位置': 2.66, '出来高倍率': 1.1, '当日騰落率': 7.88, '3日騰落率': 8.39, '5日騰落率': 13.91, 'reversal_pattern': False, 'volume_confirmed': True, 'trend_maintained': True, 'surge_excluded': True}}",金利上昇基調でも高値追いせず、反転確認後の押し目を拾う,"['金利局面=上昇・フラット化（追い風候補、確信度=中）', '急騰除外またはテクニカル過熱']",[]
8343,秋田銀行,避ける,追いかけ禁止,False,上昇・フラット化,追い風候補,中,"{'2Y_yield_pct': 1.651, '2Y_change_1d_bp': 0.5, '2Y_change_5d_bp': 8.2, '10Y_yield_pct': 2.873, '10Y_change_1d_bp': 1.7, '10Y_change_5d_bp': 6.0, '30Y_yield_pct': 4.002, '30Y_change_1d_bp': 1.3, '30Y_change_5d_bp': 3.6, 'spread_10y_2y_bp': 122.2, 'spread_change_1d_bp': 1.2, 'spread_change_5d_bp': -2.2, 'rapid_yield_drop': False, 'rapid_inversion': False, 'technical': {'終値': 8450.0, 'MA25': 7453.6, '25日線乖離率': 13.37, 'RSI14': 72.84, 'BB位置': 2.36, '出来高倍率': 1.13, '当日騰落率': 5.23, '3日騰落率': 5.23, '5日騰落率': 12.52, 'reversal_pattern': True, 'volume_confirmed': True, 'trend_maintained': True, 'surge_excluded': True}}",金利上昇基調でも高値追いせず、反転確認後の押し目を拾う,"['金利局面=上昇・フラット化（追い風候補、確信度=中）', '急騰除外またはテクニカル過熱']",[]
8341,七十七銀行,避ける,追いかけ禁止,True,上昇・フラット化,追い風候補,中,"{'2Y_yield_pct': 1.651, '2Y_change_1d_bp': 0.5, '2Y_change_5d_bp': 8.2, '10Y_yield_pct': 2.873, '10Y_change_1d_bp': 1.7, '10Y_change_5d_bp': 6.0, '30Y_yield_pct': 4.002, '30Y_change_1d_bp': 1.3, '30Y_change_5d_bp': 3.6, 'spread_10y_2y_bp': 122.2, 'spread_change_1d_bp': 1.2, 'spread_change_5d_bp': -2.2, 'rapid_yield_drop': False, 'rapid_inversion': False, 'technical': {'終値': 3834.0, 'MA25': 3564.56, '25日線乖離率': 7.56, 'RSI14': 65.73, 'BB位置': 2.27, '出来高倍率': 1.25, '当日騰落率': 2.57, '3日騰落率': 4.73, '5日騰落率': 6.5, 'reversal_pattern': False, 'volume_confirmed': True, 'trend_maintained': True, 'surge_excluded': True}}",金利上昇基調でも高値追いせず、反転確認後の押し目を拾う,"['金利局面=上昇・フラット化（追い風候補、確信度=中）', '急騰除外またはテクニカル過熱']",[]
8337,千葉興業銀行,翌朝再確認,押し目監視,True,上昇・フラット化,追い風候補,中,"{'2Y_yield_pct': 1.651, '2Y_change_1d_bp': 0.5, '2Y_change_5d_bp': 8.2, '10Y_yield_pct': 2.873, '10Y_change_1d_bp': 1.7, '10Y_change_5d_bp': 6.0, '30Y_yield_pct': 4.002, '30Y_change_1d_bp': 1.3, '30Y_change_5d_bp': 3.6, 'spread_10y_2y_bp': 122.2, 'spread_change_1d_bp': 1.2, 'spread_change_5d_bp': -2.2, 'rapid_yield_drop': False, 'rapid_inversion': False, 'technical': {'終値': 2764.0, 'MA25': 2655.8, '25日線乖離率': 4.07, 'RSI14': 62.5, 'BB位置': 1.57, '出来高倍率': 0.97, '当日騰落率': 2.29, '3日騰落率': 7.34, '5日騰落率': 6.14, 'reversal_pattern': False, 'volume_confirmed': False, 'trend_maintained': True, 'surge_excluded': False}}",金利上昇基調でも高値追いせず、反転確認後の押し目を拾う,"['金利局面=上昇・フラット化（追い風候補、確信度=中）', '金利追い風だけでは昇格せず、反転足または出来高の完成待ち']",[]
8336,武蔵野銀行,翌朝再確認,押し目監視,True,上昇・フラット化,追い風候補,中,"{'2Y_yield_pct': 1.651, '2Y_change_1d_bp': 0.5, '2Y_change_5d_bp': 8.2, '10Y_yield_pct': 2.873, '10Y_change_1d_bp': 1.7, '10Y_change_5d_bp': 6.0, '30Y_yield_pct': 4.002, '30Y_change_1d_bp': 1.3, '30Y_change_5d_bp': 3.6, 'spread_10y_2y_bp': 122.2, 'spread_change_1d_bp': 1.2, 'spread_change_5d_bp': -2.2, 'rapid_yield_drop': False, 'rapid_inversion': False, 'technical': {'終値': 2776.0, 'MA25': 2648.76, '25日線乖離率': 4.8, 'RSI14': 61.13, 'BB位置': 1.6, '出来高倍率': 1.02, '当日騰落率': 4.36, '3日騰落率': 4.6, '5日騰落率': 5.51, 'reversal_pattern': False, 'volume_confirmed': True, 'trend_maintained': True, 'surge_excluded': False}}",金利上昇基調でも高値追いせず、反転確認後の押し目を拾う,"['金利局面=上昇・フラット化（追い風候補、確信度=中）', '金利追い風だけでは昇格せず、反転足または出来高の完成待ち']",[]
8334,群馬銀行,避ける,追いかけ禁止,True,上昇・フラット化,追い風候補,中,"{'2Y_yield_pct': 1.651, '2Y_change_1d_bp': 0.5, '2Y_change_5d_bp': 8.2, '10Y_yield_pct': 2.873, '10Y_change_1d_bp': 1.7, '10Y_change_5d_bp': 6.0, '30Y_yield_pct': 4.002, '30Y_change_1d_bp': 1.3, '30Y_change_5d_bp': 3.6, 'spread_10y_2y_bp': 122.2, 'spread_change_1d_bp': 1.2, 'spread_change_5d_bp': -2.2, 'rapid_yield_drop': False, 'rapid_inversion': False, 'technical': {'終値': 2740.5, 'MA25': 2561.56, '25日線乖離率': 6.99, 'RSI14': 66.91, 'BB位置': 2.46, '出来高倍率': 1.24, '当日騰落率': 2.87, '3日騰落率': 5.61, '5日騰落率': 6.72, 'reversal_pattern': False, 'volume_confirmed': True, 'trend_maintained': True, 'surge_excluded': True}}",金利上昇基調でも高値追いせず、反転確認後の押し目を拾う,"['金利局面=上昇・フラット化（追い風候補、確信度=中）', '急騰除外またはテクニカル過熱']",[]
8331,千葉銀行,避ける,追いかけ禁止,True,上昇・フラット化,追い風候補,中,"{'2Y_yield_pct': 1.651, '2Y_change_1d_bp': 0.5, '2Y_change_5d_bp': 8.2, '10Y_yield_pct': 2.873, '10Y_change_1d_bp': 1.7, '10Y_change_5d_bp': 6.0, '30Y_yield_pct': 4.002, '30Y_change_1d_bp': 1.3, '30Y_change_5d_bp': 3.6, 'spread_10y_2y_bp': 122.2, 'spread_change_1d_bp': 1.2, 'spread_change_5d_bp': -2.2, 'rapid_yield_drop': False, 'rapid_inversion': False, 'technical': {'終値': 2842.0, 'MA25': 2702.42, '25日線乖離率': 5.17, 'RSI14': 65.95, 'BB位置': 2.09, '出来高倍率': 1.08, '当日騰落率': 3.46, '3日騰落率': 6.6, '5日騰落率': 8.23, 'reversal_pattern': False, 'volume_confirmed': True, 'trend_maintained': True, 'surge_excluded': False}}",金利上昇基調でも高値追いせず、反転確認後の押し目を拾う,"['金利局面=上昇・フラット化（追い風候補、確信度=中）', '急騰除外またはテクニカル過熱']",[]
8309,三井住友トラストグループ,避ける,追いかけ禁止,True,上昇・フラット化,追い風候補,中,"{'2Y_yield_pct': 1.651, '2Y_change_1d_bp': 0.5, '2Y_change_5d_bp': 8.2, '10Y_yield_pct': 2.873, '10Y_change_1d_bp': 1.7, '10Y_change_5d_bp': 6.0, '30Y_yield_pct': 4.002, '30Y_change_1d_bp': 1.3, '30Y_change_5d_bp': 3.6, 'spread_10y_2y_bp': 122.2, 'spread_change_1d_bp': 1.2, 'spread_change_5d_bp': -2.2, 'rapid_yield_drop': False, 'rapid_inversion': False, 'technical': {'終値': 1753.0, 'MA25': 1675.96, '25日線乖離率': 4.6, 'RSI14': 67.41, 'BB位置': 2.12, '出来高倍率': 1.02, '当日騰落率': 2.82, '3日騰落率': 4.31, '5日騰落率': 5.54, 'reversal_pattern': False, 'volume_confirmed': True, 'trend_maintained': True, 'surge_excluded': False}}",金利上昇基調でも高値追いせず、反転確認後の押し目を拾う,"['金利局面=上昇・フラット化（追い風候補、確信度=中）', '急騰除外またはテクニカル過熱']",[]
8308,りそなホールディングス,避ける,追いかけ禁止,True,上昇・フラット化,追い風候補,中,"{'2Y_yield_pct': 1.651, '2Y_change_1d_bp': 0.5, '2Y_change_5d_bp': 8.2, '10Y_yield_pct': 2.873, '10Y_change_1d_bp': 1.7, '10Y_change_5d_bp': 6.0, '30Y_yield_pct': 4.002, '30Y_change_1d_bp': 1.3, '30Y_change_5d_bp': 3.6, 'spread_10y_2y_bp': 122.2, 'spread_change_1d_bp': 1.2, 'spread_change_5d_bp': -2.2, 'rapid_yield_drop': False, 'rapid_inversion': False, 'technical': {'終値': 2446.5, 'MA25': 2311.4, '25日線乖離率': 5.84, 'RSI14': 62.39, 'BB位置': 2.05, '出来高倍率': 1.07, '当日騰落率': 4.37, '3日騰落率': 5.77, '5日騰落率': 7.16, 'reversal_pattern': False, 'volume_confirmed': True, 'trend_maintained': True, 'surge_excluded': False}}",金利上昇基調でも高値追いせず、反転確認後の押し目を拾う,"['金利局面=上昇・フラット化（追い風候補、確信度=中）', '急騰除外またはテクニカル過熱']",[]
8306,三菱ＵＦＪフィナンシャル・グループ,翌朝再確認,押し目監視,True,上昇・フラット化,追い風候補,中,"{'2Y_yield_pct': 1.651, '2Y_change_1d_bp': 0.5, '2Y_change_5d_bp': 8.2, '10Y_yield_pct': 2.873, '10Y_change_1d_bp': 1.7, '10Y_change_5d_bp': 6.0, '30Y_yield_pct': 4.002, '30Y_change_1d_bp': 1.3, '30Y_change_5d_bp': 3.6, 'spread_10y_2y_bp': 122.2, 'spread_change_1d_bp': 1.2, 'spread_change_5d_bp': -2.2, 'rapid_yield_drop': False, 'rapid_inversion': False, 'technical': {'終値': 3709.0, 'MA25': 3589.76, '25日線乖離率': 3.32, 'RSI14': 60.53, 'BB位置': 1.03, '出来高倍率': 0.87, '当日騰落率': 2.86, '3日騰落率': 4.07, '5日騰落率': 4.74, 'reversal_pattern': False, 'volume_confirmed': False, 'trend_maintained': True, 'surge_excluded': False}}",金利上昇基調でも高値追いせず、反転確認後の押し目を拾う,"['金利局面=上昇・フラット化（追い風候補、確信度=中）', '金利追い風だけでは昇格せず、反転足または出来高の完成待ち']",[]
8304,あおぞら銀行,避ける,追いかけ禁止,False,上昇・フラット化,追い風候補,中,"{'2Y_yield_pct': 1.651, '2Y_change_1d_bp': 0.5, '2Y_change_5d_bp': 8.2, '10Y_yield_pct': 2.873, '10Y_change_1d_bp': 1.7, '10Y_change_5d_bp': 6.0, '30Y_yield_pct': 4.002, '30Y_change_1d_bp': 1.3, '30Y_change_5d_bp': 3.6, 'spread_10y_2y_bp': 122.2, 'spread_change_1d_bp': 1.2, 'spread_change_5d_bp': -2.2, 'rapid_yield_drop': False, 'rapid_inversion': False, 'technical': {'終値': 3395.0, 'MA25': 3077.06, '25日線乖離率': 10.33, 'RSI14': 80.34, 'BB位置': 2.01, '出来高倍率': 0.89, '当日騰落率': 2.94, '3日騰落率': 4.17, '5日騰落率': 5.4, 'reversal_pattern': True, 'volume_confirmed': False, 'trend_maintained': True, 'surge_excluded': True}}",金利上昇基調でも高値追いせず、反転確認後の押し目を拾う,"['金利局面=上昇・フラット化（追い風候補、確信度=中）', '急騰除外またはテクニカル過熱']",[]
7381,ＣＣＩグループ,避ける,追いかけ禁止,False,上昇・フラット化,追い風候補,中,"{'2Y_yield_pct': 1.651, '2Y_change_1d_bp': 0.5, '2Y_change_5d_bp': 8.2, '10Y_yield_pct': 2.873, '10Y_change_1d_bp': 1.7, '10Y_change_5d_bp': 6.0, '30Y_yield_pct': 4.002, '30Y_change_1d_bp': 1.3, '30Y_change_5d_bp': 3.6, 'spread_10y_2y_bp': 122.2, 'spread_change_1d_bp': 1.2, 'spread_change_5d_bp': -2.2, 'rapid_yield_drop': False, 'rapid_inversion': False, 'technical': {'終値': 1257.0, 'MA25': 1134.72, '25日線乖離率': 10.78, 'RSI14': 68.55, 'BB位置': 2.08, '出来高倍率': 0.77, '当日騰落率': 3.46, '3日騰落率': 3.54, '5日騰落率': 7.8, 'reversal_pattern': True, 'volume_confirmed': False, 'trend_maintained': True, 'surge_excluded': True}}",金利上昇基調でも高値追いせず、反転確認後の押し目を拾う,"['金利局面=上昇・フラット化（追い風候補、確信度=中）', '急騰除外またはテクニカル過熱']",[]
7380,十六フィナンシャルグループ,翌朝再確認,押し目監視,True,上昇・フラット化,追い風候補,中,"{'2Y_yield_pct': 1.651, '2Y_change_1d_bp': 0.5, '2Y_change_5d_bp': 8.2, '10Y_yield_pct': 2.873, '10Y_change_1d_bp': 1.7, '10Y_change_5d_bp': 6.0, '30Y_yield_pct': 4.002, '30Y_change_1d_bp': 1.3, '30Y_change_5d_bp': 3.6, 'spread_10y_2y_bp': 122.2, 'spread_change_1d_bp': 1.2, 'spread_change_5d_bp': -2.2, 'rapid_yield_drop': False, 'rapid_inversion': False, 'technical': {'終値': 2579.0, 'MA25': 2451.64, '25日線乖離率': 5.19, 'RSI14': 60.42, 'BB位置': 1.53, '出来高倍率': 1.31, '当日騰落率': 6.39, '3日騰落率': 6.75, '5日騰落率': 8.18, 'reversal_pattern': False, 'volume_confirmed': True, 'trend_maintained': True, 'surge_excluded': False}}",金利上昇基調でも高値追いせず、反転確認後の押し目を拾う,"['金利局面=上昇・フラット化（追い風候補、確信度=中）', '金利追い風だけでは昇格せず、反転足または出来高の完成待ち']",[]
7337,ひろぎんホールディングス,翌朝再確認,押し目監視,True,上昇・フラット化,追い風候補,中,"{'2Y_yield_pct': 1.651, '2Y_change_1d_bp': 0.5, '2Y_change_5d_bp': 8.2, '10Y_yield_pct': 2.873, '10Y_change_1d_bp': 1.7, '10Y_change_5d_bp': 6.0, '30Y_yield_pct': 4.002, '30Y_change_1d_bp': 1.3, '30Y_change_5d_bp': 3.6, 'spread_10y_2y_bp': 122.2, 'spread_change_1d_bp': 1.2, 'spread_change_5d_bp': -2.2, 'rapid_yield_drop': False, 'rapid_inversion': False, 'technical': {'終値': 2350.0, 'MA25': 2241.62, '25日線乖離率': 4.83, 'RSI14': 62.95, 'BB位置': 1.95, '出来高倍率': 0.84, '当日騰落率': 2.78, '3日騰落率': 3.62, '5日騰落率': 5.88, 'reversal_pattern': False, 'volume_confirmed': False, 'trend_maintained': True, 'surge_excluded': False}}",金利上昇基調でも高値追いせず、反転確認後の押し目を拾う,"['金利局面=上昇・フラット化（追い風候補、確信度=中）', '金利追い風だけでは昇格せず、反転足または出来高の完成待ち']",[]
7327,第四北越フィナンシャルグループ,避ける,追いかけ禁止,True,上昇・フラット化,追い風候補,中,"{'2Y_yield_pct': 1.651, '2Y_change_1d_bp': 0.5, '2Y_change_5d_bp': 8.2, '10Y_yield_pct': 2.873, '10Y_change_1d_bp': 1.7, '10Y_change_5d_bp': 6.0, '30Y_yield_pct': 4.002, '30Y_change_1d_bp': 1.3, '30Y_change_5d_bp': 3.6, 'spread_10y_2y_bp': 122.2, 'spread_change_1d_bp': 1.2, 'spread_change_5d_bp': -2.2, 'rapid_yield_drop': False, 'rapid_inversion': False, 'technical': {'終値': 2494.0, 'MA25': 2323.84, '25日線乖離率': 7.32, 'RSI14': 67.2, 'BB位置': 2.49, '出来高倍率': 0.96, '当日騰落率': 2.8, '3日騰落率': 5.14, '5日騰落率': 5.99, 'reversal_pattern': False, 'volume_confirmed': False, 'trend_maintained': True, 'surge_excluded': True}}",金利上昇基調でも高値追いせず、反転確認後の押し目を拾う,"['金利局面=上昇・フラット化（追い風候補、確信度=中）', '急騰除外またはテクニカル過熱']",[]
7189,西日本フィナンシャルホールディングス,避ける,追いかけ禁止,True,上昇・フラット化,追い風候補,中,"{'2Y_yield_pct': 1.651, '2Y_change_1d_bp': 0.5, '2Y_change_5d_bp': 8.2, '10Y_yield_pct': 2.873, '10Y_change_1d_bp': 1.7, '10Y_change_5d_bp': 6.0, '30Y_yield_pct': 4.002, '30Y_change_1d_bp': 1.3, '30Y_change_5d_bp': 3.6, 'spread_10y_2y_bp': 122.2, 'spread_change_1d_bp': 1.2, 'spread_change_5d_bp': -2.2, 'rapid_yield_drop': False, 'rapid_inversion': False, 'technical': {'終値': 4781.0, 'MA25': 4389.68, '25日線乖離率': 8.91, 'RSI14': 65.79, 'BB位置': 2.46, '出来高倍率': 1.06, '当日騰落率': 3.04, '3日騰落率': 5.49, '5日騰落率': 7.7, 'reversal_pattern': False, 'volume_confirmed': True, 'trend_maintained': True, 'surge_excluded': True}}",金利上昇基調でも高値追いせず、反転確認後の押し目を拾う,"['金利局面=上昇・フラット化（追い風候補、確信度=中）', '急騰除外またはテクニカル過熱']",[]
7186,横浜フィナンシャルグループ,翌朝再確認,押し目監視,True,上昇・フラット化,追い風候補,中,"{'2Y_yield_pct': 1.651, '2Y_change_1d_bp': 0.5, '2Y_change_5d_bp': 8.2, '10Y_yield_pct': 2.873, '10Y_change_1d_bp': 1.7, '10Y_change_5d_bp': 6.0, '30Y_yield_pct': 4.002, '30Y_change_1d_bp': 1.3, '30Y_change_5d_bp': 3.6, 'spread_10y_2y_bp': 122.2, 'spread_change_1d_bp': 1.2, 'spread_change_5d_bp': -2.2, 'rapid_yield_drop': False, 'rapid_inversion': False, 'technical': {'終値': 1927.0, 'MA25': 1882.32, '25日線乖離率': 2.37, 'RSI14': 59.33, 'BB位置': 0.91, '出来高倍率': 0.89, '当日騰落率': 2.8, '3日騰落率': 4.79, '5日騰落率': 3.88, 'reversal_pattern': False, 'volume_confirmed': False, 'trend_maintained': True, 'surge_excluded': False}}",金利上昇基調でも高値追いせず、反転確認後の押し目を拾う,"['金利局面=上昇・フラット化（追い風候補、確信度=中）', '金利追い風だけでは昇格せず、反転足または出来高の完成待ち']",[]
7184,富山第一銀行,避ける,追いかけ禁止,False,上昇・フラット化,追い風候補,中,"{'2Y_yield_pct': 1.651, '2Y_change_1d_bp': 0.5, '2Y_change_5d_bp': 8.2, '10Y_yield_pct': 2.873, '10Y_change_1d_bp': 1.7, '10Y_change_5d_bp': 6.0, '30Y_yield_pct': 4.002, '30Y_change_1d_bp': 1.3, '30Y_change_5d_bp': 3.6, 'spread_10y_2y_bp': 122.2, 'spread_change_1d_bp': 1.2, 'spread_change_5d_bp': -2.2, 'rapid_yield_drop': False, 'rapid_inversion': False, 'technical': {'終値': 3265.0, 'MA25': 2939.44, '25日線乖離率': 11.08, 'RSI14': 64.15, 'BB位置': 2.19, '出来高倍率': 0.98, '当日騰落率': 7.4, '3日騰落率': 6.87, '5日騰落率': 8.47, 'reversal_pattern': True, 'volume_confirmed': False, 'trend_maintained': True, 'surge_excluded': True}}",金利上昇基調でも高値追いせず、反転確認後の押し目を拾う,"['金利局面=上昇・フラット化（追い風候補、確信度=中）', '急騰除外またはテクニカル過熱']",[]
7167,めぶきフィナンシャルグループ,避ける,追いかけ禁止,True,上昇・フラット化,追い風候補,中,"{'2Y_yield_pct': 1.651, '2Y_change_1d_bp': 0.5, '2Y_change_5d_bp': 8.2, '10Y_yield_pct': 2.873, '10Y_change_1d_bp': 1.7, '10Y_change_5d_bp': 6.0, '30Y_yield_pct': 4.002, '30Y_change_1d_bp': 1.3, '30Y_change_5d_bp': 3.6, 'spread_10y_2y_bp': 122.2, 'spread_change_1d_bp': 1.2, 'spread_change_5d_bp': -2.2, 'rapid_yield_drop': False, 'rapid_inversion': False, 'technical': {'終値': 1637.0, 'MA25': 1529.5, '25日線乖離率': 7.03, 'RSI14': 63.7, 'BB位置': 2.14, '出来高倍率': 0.81, '当日騰落率': 2.73, '3日騰落率': 3.61, '5日騰落率': 7.56, 'reversal_pattern': False, 'volume_confirmed': False, 'trend_maintained': True, 'surge_excluded': False}}",金利上昇基調でも高値追いせず、反転確認後の押し目を拾う,"['金利局面=上昇・フラット化（追い風候補、確信度=中）', '急騰除外またはテクニカル過熱']",[]
5830,いよぎんホールディングス,避ける,追いかけ禁止,True,上昇・フラット化,追い風候補,中,"{'2Y_yield_pct': 1.651, '2Y_change_1d_bp': 0.5, '2Y_change_5d_bp': 8.2, '10Y_yield_pct': 2.873, '10Y_change_1d_bp': 1.7, '10Y_change_5d_bp': 6.0, '30Y_yield_pct': 4.002, '30Y_change_1d_bp': 1.3, '30Y_change_5d_bp': 3.6, 'spread_10y_2y_bp': 122.2, 'spread_change_1d_bp': 1.2, 'spread_change_5d_bp': -2.2, 'rapid_yield_drop': False, 'rapid_inversion': False, 'technical': {'終値': 3979.0, 'MA25': 3539.56, '25日線乖離率': 12.42, 'RSI14': 70.56, 'BB位置': 2.19, '出来高倍率': 0.87, '当日騰落率': 3.89, '3日騰落率': 4.35, '5日騰落率': 10.19, 'reversal_pattern': False, 'volume_confirmed': False, 'trend_maintained': True, 'surge_excluded': True}}",金利上昇基調でも高値追いせず、反転確認後の押し目を拾う,"['金利局面=上昇・フラット化（追い風候補、確信度=中）', '急騰除外またはテクニカル過熱']",[]
8367,南都銀行,翌朝再確認,押し目監視,True,上昇・フラット化,追い風候補,中,"{'2Y_yield_pct': 1.651, '2Y_change_1d_bp': 0.5, '2Y_change_5d_bp': 8.2, '10Y_yield_pct': 2.873, '10Y_change_1d_bp': 1.7, '10Y_change_5d_bp': 6.0, '30Y_yield_pct': 4.002, '30Y_change_1d_bp': 1.3, '30Y_change_5d_bp': 3.6, 'spread_10y_2y_bp': 122.2, 'spread_change_1d_bp': 1.2, 'spread_change_5d_bp': -2.2, 'rapid_yield_drop': False, 'rapid_inversion': False, 'technical': {'終値': 1925.0, 'MA25': 1839.0, '25日線乖離率': 4.68, 'RSI14': 60.28, 'BB位置': 1.17, '出来高倍率': 0.74, '当日騰落率': 4.05, '3日騰落率': 6.47, '5日騰落率': 7.6, 'reversal_pattern': False, 'volume_confirmed': False, 'trend_maintained': True, 'surge_excluded': False}}",金利上昇基調でも高値追いせず、反転確認後の押し目を拾う,"['金利局面=上昇・フラット化（追い風候補、確信度=中）', '金利追い風だけでは昇格せず、反転足または出来高の完成待ち']",[]
