シグナル日,コード,会社名,市場,現在値,前日比,直近3日騰落率,直近5日騰落率,25日線乖離率,ATR当日値幅,ATR14,前日高値,反転足高値,反転足安値,直近2日高値,直近3日高値,直近安値,直近支持線,BB-1σ,BB-2σ,BB下限,スコア,ランク,%K,%D,%D傾き,RSI14,MA25,MA75,MA200,BB位置,出来高倍率,ローソク足パターン,アンチ判定,買い・売り,シグナル種別,シグナル数,自社株買い比率,損切り候補,利確候補,RR,判定理由,除外理由,Yahoo Financeリンク,売残,買残,売残前週比,買残前週比,信用倍率,基準日,取得元URL,取得日時,テクニカルスコア,信用需給による減点,信用需給スコア,総合調整後スコア,テクニカル順位,調整後順位,信用需給判定,信用需給判定理由
2026-08-18,4812,電通総研,プライム,2749.0,3.5,2.23,2.0,2.13,0.89,51.73,2685.0,2770.0,2724.0,2770.0,2770.0,2651.0,2634.0,2665.72,2640.65,2640.65,19,除外,82.35,45.6,-2.05,67.03,2691.68,2348.75,2324.0,+2.32σ,1.47,陰線→陽線 / 長い下ヒゲ（ハンマー） / 2～5日下落後の陽線,なし,買い,BB逆張り / 底固め,2,0.0,2651.0,2945.0,2.0,直近2～5日まで下落、BB -1σ以下から反発、ストキャス売られ過ぎから反転、%K反転、%D方向改善、長い下ヒゲ反転、2～5日下落後の陽線、出来高増加を伴う反転、ATR低下、BB幅収縮、出来高減少後の増加、レンジ上限突破 / 信用需給: 信用データがデータなし、または売残0で信用倍率を算出不能,急騰済み（BB +2σ大幅超過）,https://finance.yahoo.co.jp/quote/4812.T,データなし,データなし,データなし,データなし,データなし,データなし,データなし,データなし,19.0,0,0,19.0,3,3,信用需給は判定不能,信用データがデータなし、または売残0で信用倍率を算出不能
2026-08-18,3907,シリコンスタジオ,スタンダード,1528.0,3.59,3.8,-6.26,30.47,0.67,201.68,1550.0,1570.0,1434.0,1570.0,1636.0,1390.0,674.0,1006.85,736.35,736.35,13,除外,34.85,61.72,5.02,59.4,1171.12,1056.84,855.13,+0.93σ,0.26,陰線→陽線 / 強気包み足 / 前日安値割れ反転 / 2～5日下落後の陽線,通常,買い,アンチ,1,0.0,1225.48,2133.04,2.0,直近2～5日まで下落、%K反転、%D方向改善、陽の包み足、長い下ヒゲ反転、2～5日下落後の陽線 / 信用需給: 信用データがデータなし、または売残0で信用倍率を算出不能,急騰済み（25日線上方乖離）,https://finance.yahoo.co.jp/quote/3907.T,データなし,データなし,データなし,データなし,データなし,データなし,データなし,データなし,13.0,0,0,13.0,34,34,信用需給は判定不能,信用データがデータなし、または売残0で信用倍率を算出不能
2026-08-18,4813,ＡＣＣＥＳＳ,プライム,430.0,6.17,2.38,0.23,17.2,1.39,28.72,430.0,432.0,392.0,432.0,447.0,392.0,327.0,336.01,298.77,298.77,13,除外,76.92,66.97,4.86,61.08,366.88,419.87,516.34,+1.52σ,0.79,陰線→陽線 / 強気包み足 / 前日安値割れ反転 / 2～5日下落後の陽線,強,買い,アンチ,1,0.0,386.92,516.16,2.0,直近2～5日まで下落、%K反転、%D方向改善、陽の包み足、長い下ヒゲ反転、2～5日下落後の陽線 / 信用需給: 信用データがデータなし、または売残0で信用倍率を算出不能,急騰済み（25日線上方乖離）,https://finance.yahoo.co.jp/quote/4813.T,データなし,データなし,データなし,データなし,データなし,データなし,データなし,データなし,13.0,0,0,13.0,34,34,信用需給は判定不能,信用データがデータなし、または売残0で信用倍率を算出不能
2026-08-18,7071,アンビスホールディングス,プライム,423.0,1.68,8.74,8.46,10.28,1.74,16.05,419.0,426.0,398.0,426.0,426.0,380.0,360.0,370.28,355.61,355.61,12,除外,93.48,64.4,6.83,70.15,383.56,365.57,430.24,+2.59σ,1.45,強気包み足 / 前日安値割れ反転,なし,買い,底固め,1,0.0,380.0,509.0,2.0,%K反転、%D方向改善、陽の包み足、長い下ヒゲ反転、出来高増加を伴う反転、直近下落なし（B以下に制限）、直近安値切り上げ、BB幅収縮、RSI安値切り上げ、レンジ上限突破 / 信用需給: 信用データがデータなし、または売残0で信用倍率を算出不能,急騰済み（25日線上方乖離、BB +2σ大幅超過）,https://finance.yahoo.co.jp/quote/7071.T,データなし,データなし,データなし,データなし,データなし,データなし,データなし,データなし,12.0,0,0,12.0,46,46,信用需給は判定不能,信用データがデータなし、または売残0で信用倍率を算出不能
2026-08-18,3778,さくらインターネット,プライム,4300.0,13.16,16.69,29.71,33.56,2.77,231.07,3970.0,4350.0,3710.0,4350.0,4350.0,3345.0,2778.0,2906.4,2513.51,2513.51,12,除外,95.31,83.74,12.07,75.72,3219.44,3038.16,3014.6,+2.55σ,3.5,陰線→陽線 / 強気包み足 / 前日安値割れ反転,強,買い,底固め / アンチ,2,0.0,3345.0,6210.0,2.0,%K反転、%D方向改善、陽の包み足、長い下ヒゲ反転、出来高増加を伴う反転、直近下落なし（B以下に制限）、直近安値切り上げ、出来高減少後の増加、RSI安値切り上げ、レンジ上限突破 / 信用需給: 信用データがデータなし、または売残0で信用倍率を算出不能,急騰済み（当日急騰、3営業日急騰、5営業日急騰、25日線上方乖離、高RSI、BB +2σ大幅超過、ストップ高に近い急騰）,https://finance.yahoo.co.jp/quote/3778.T,データなし,データなし,データなし,データなし,データなし,データなし,データなし,データなし,12.0,0,0,12.0,46,46,信用需給は判定不能,信用データがデータなし、または売残0で信用倍率を算出不能
2026-08-18,8841,テーオーシー,スタンダード,1055.0,8.09,8.32,6.57,12.74,1.89,35.44,989.0,1093.0,1026.0,1093.0,1093.0,951.0,866.0,898.06,856.82,856.82,12,除外,73.24,78.32,1.99,70.56,935.76,977.87,908.56,+2.81σ,5.05,2～5日下落後の陽線,通常,買い,底固め / アンチ,2,0.0,951.0,1263.0,2.0,直近2～5日まで下落、%K反転、%D方向改善、2～5日下落後の陽線、出来高増加を伴う反転、直近安値切り上げ、出来高減少後の増加、RSI安値切り上げ、レンジ上限突破 / 信用需給: 信用データがデータなし、または売残0で信用倍率を算出不能,急騰済み（当日急騰、25日線上方乖離、BB +2σ大幅超過、ストップ高に近い急騰）,https://finance.yahoo.co.jp/quote/8841.T,データなし,データなし,データなし,データなし,データなし,データなし,データなし,データなし,12.0,0,0,12.0,46,46,信用需給は判定不能,信用データがデータなし、または売残0で信用倍率を算出不能
2026-08-18,2121,ＭＩＸＩ,プライム,3430.0,3.78,4.41,2.85,11.04,1.26,95.34,3340.0,3440.0,3320.0,3440.0,3440.0,3250.0,2810.0,2922.14,2718.18,2718.18,11,除外,95.83,72.81,1.91,69.72,3089.08,2815.63,2767.28,+1.49σ,1.36,陰線→陽線 / 2～5日下落後の陽線,強,買い,底固め / アンチ,2,0.0,3250.0,3790.0,2.0,直近2～5日まで下落、%K反転、2～5日下落後の陽線、出来高増加を伴う反転、直近安値切り上げ、出来高減少後の増加、RSI安値切り上げ、レンジ上限突破 / 信用需給: 信用データがデータなし、または売残0で信用倍率を算出不能,急騰済み（25日線上方乖離）,https://finance.yahoo.co.jp/quote/2121.T,データなし,データなし,データなし,データなし,データなし,データなし,データなし,データなし,11.0,0,0,11.0,62,62,信用需給は判定不能,信用データがデータなし、または売残0で信用倍率を算出不能
2026-08-18,4418,ＪＤＳＣ,グロース,970.0,0.62,21.1,23.57,16.36,1.11,53.06,1002.0,1008.0,949.0,1008.0,1008.0,771.0,728.0,760.82,703.39,703.39,11,除外,85.04,64.39,13.48,71.35,833.6,757.27,968.76,+2.64σ,1.85,強気包み足,なし,買い,底固め,1,0.0,771.0,1368.0,2.0,%K反転、%D方向改善、陽の包み足、出来高増加を伴う反転、直近下落なし（B以下に制限）、直近安値切り上げ、BB幅収縮、RSI安値切り上げ / 信用需給: 信用データがデータなし、または売残0で信用倍率を算出不能,急騰済み（3営業日急騰、5営業日急騰、25日線上方乖離、BB +2σ大幅超過）,https://finance.yahoo.co.jp/quote/4418.T,データなし,データなし,データなし,データなし,データなし,データなし,データなし,データなし,11.0,0,0,11.0,62,62,信用需給は判定不能,信用データがデータなし、または売残0で信用倍率を算出不能
2026-08-18,1514,住石ホールディングス,スタンダード,667.0,3.41,4.22,6.89,11.35,1.32,23.54,655.0,670.0,639.0,670.0,670.0,616.0,557.0,577.01,549.86,549.86,11,除外,96.25,84.6,15.38,73.53,599.0,598.49,681.98,+2.32σ,2.29,陰線→陽線 / 強気包み足,通常,買い,底固め / アンチ,2,0.0,616.0,769.0,2.0,%K反転、%D方向改善、陽の包み足、出来高増加を伴う反転、直近下落なし（B以下に制限）、直近安値切り上げ、BB幅収縮、RSI安値切り上げ、レンジ上限突破 / 信用需給: 信用データがデータなし、または売残0で信用倍率を算出不能,急騰済み（25日線上方乖離、高RSI、BB +2σ大幅超過）,https://finance.yahoo.co.jp/quote/1514.T,データなし,データなし,データなし,データなし,データなし,データなし,データなし,データなし,11.0,0,0,11.0,62,62,信用需給は判定不能,信用データがデータなし、または売残0で信用倍率を算出不能
2026-08-18,4392,ＦＩＧ,プライム,1325.0,7.72,47.22,45.13,33.87,1.74,110.35,1279.0,1377.0,1185.0,1377.0,1377.0,860.0,811.0,838.65,708.61,708.61,11,除外,90.81,72.33,24.66,69.15,989.76,1168.92,638.0,+2.74σ,8.91,強気包み足,通常,買い,底固め / アンチ,2,0.0,860.0,2255.0,2.0,%K反転、%D方向改善、陽の包み足、出来高増加を伴う反転、直近下落なし（B以下に制限）、直近安値切り上げ、ATR低下、RSI安値切り上げ、レンジ上限突破 / 信用需給: 信用データがデータなし、または売残0で信用倍率を算出不能,急騰済み（3営業日急騰、5営業日急騰、25日線上方乖離、BB +2σ大幅超過）,https://finance.yahoo.co.jp/quote/4392.T,データなし,データなし,データなし,データなし,データなし,データなし,データなし,データなし,11.0,0,0,11.0,62,62,信用需給は判定不能,信用データがデータなし、または売残0で信用倍率を算出不能
2026-08-18,3679,じげん,プライム,457.0,2.47,8.55,9.33,9.49,1.84,11.44,452.0,457.0,436.0,457.0,457.0,413.0,396.0,407.54,394.52,394.52,11,除外,100.0,64.67,7.91,76.25,417.4,402.08,437.66,+2.80σ,1.63,強気包み足,通常,買い,底固め / アンチ,2,0.0,413.0,545.0,2.0,%K反転、%D方向改善、陽の包み足、出来高増加を伴う反転、直近下落なし（B以下に制限）、直近安値切り上げ、BB幅収縮、RSI安値切り上げ、レンジ上限突破 / 信用需給: 信用データがデータなし、または売残0で信用倍率を算出不能,急騰済み（高RSI、BB +2σ大幅超過）,https://finance.yahoo.co.jp/quote/3679.T,データなし,データなし,データなし,データなし,データなし,データなし,データなし,データなし,11.0,0,0,11.0,62,62,信用需給は判定不能,信用データがデータなし、または売残0で信用倍率を算出不能
2026-08-18,3901,マークラインズ,プライム,1643.0,1.86,5.8,8.52,16.05,0.84,41.82,1629.0,1643.0,1608.0,1643.0,1643.0,1490.0,1329.0,1321.2,1215.31,1215.31,11,除外,100.0,69.33,18.14,81.21,1415.72,1363.47,1527.03,+2.04σ,1.74,強気包み足,通常,買い,底固め / アンチ,2,0.0,1490.0,1949.0,2.0,%K反転、%D方向改善、陽の包み足、出来高増加を伴う反転、直近下落なし（B以下に制限）、直近安値切り上げ、RSI安値切り上げ、レンジ上限突破 / 信用需給: 信用データがデータなし、または売残0で信用倍率を算出不能,急騰済み（25日線上方乖離、高RSI）,https://finance.yahoo.co.jp/quote/3901.T,データなし,データなし,データなし,データなし,データなし,データなし,データなし,データなし,11.0,0,0,11.0,62,62,信用需給は判定不能,信用データがデータなし、または売残0で信用倍率を算出不能
2026-08-18,7593,ＶＴホールディングス,プライム,535.0,2.1,2.88,10.08,9.27,1.47,10.17,527.0,537.0,522.0,537.0,537.0,501.0,473.0,476.73,459.01,459.01,11,除外,96.77,53.52,8.96,80.76,489.6,464.85,500.04,+2.29σ,1.5,強気包み足,なし,買い,底固め,1,0.0,501.0,603.0,2.0,%K反転、%D方向改善、陽の包み足、出来高増加を伴う反転、直近下落なし（B以下に制限）、直近安値切り上げ、RSI安値切り上げ、レンジ上限突破 / 信用需給: 信用データがデータなし、または売残0で信用倍率を算出不能,急騰済み（高RSI、BB +2σ大幅超過）,https://finance.yahoo.co.jp/quote/7593.T,データなし,データなし,データなし,データなし,データなし,データなし,データなし,データなし,11.0,0,0,11.0,62,62,信用需給は判定不能,信用データがデータなし、または売残0で信用倍率を算出不能
2026-08-18,7733,オリンパス,プライム,2116.0,1.93,2.35,0.83,13.31,1.23,64.93,2111.5,2149.5,2069.5,2149.5,2149.5,2022.5,1703.0,1754.54,1616.54,1616.54,11,除外,89.07,79.57,6.34,72.82,1867.44,1775.44,1783.7,+1.62σ,0.85,強気包み足 / 2～5日下落後の陽線,通常,買い,アンチ,1,0.0,2018.61,2310.79,2.0,直近2～5日まで下落、%K反転、%D方向改善、陽の包み足、2～5日下落後の陽線 / 信用需給: 信用データがデータなし、または売残0で信用倍率を算出不能,急騰済み（25日線上方乖離、高RSI）,https://finance.yahoo.co.jp/quote/7733.T,データなし,データなし,データなし,データなし,データなし,データなし,データなし,データなし,11.0,0,0,11.0,62,62,信用需給は判定不能,信用データがデータなし、または売残0で信用倍率を算出不能
2026-08-18,8789,フィンテック　グローバル,スタンダード,164.0,1.23,10.07,19.71,20.34,1.67,4.19,163.0,165.0,158.0,165.0,165.0,135.0,129.0,127.38,117.07,117.07,11,除外,96.88,87.77,9.77,88.3,136.28,130.12,133.76,+2.55σ,2.69,強気包み足,なし,買い,底固め,1,0.0,135.0,222.0,2.0,%K反転、%D方向改善、陽の包み足、出来高増加を伴う反転、直近下落なし（B以下に制限）、直近安値切り上げ、RSI安値切り上げ、レンジ上限突破 / 信用需給: 信用データがデータなし、または売残0で信用倍率を算出不能,急騰済み（5営業日急騰、25日線上方乖離、高RSI、BB +2σ大幅超過）,https://finance.yahoo.co.jp/quote/8789.T,データなし,データなし,データなし,データなし,データなし,データなし,データなし,データなし,11.0,0,0,11.0,62,62,信用需給は判定不能,信用データがデータなし、または売残0で信用倍率を算出不能
2026-08-18,4565,ネクセラファーマ,プライム,1111.0,0.63,2.21,19.98,19.4,1.26,46.96,1157.0,1151.0,1092.0,1157.0,1157.0,906.0,833.0,842.99,752.54,752.54,10,除外,85.06,75.07,18.95,74.45,930.48,992.93,925.03,+1.96σ,2.02,陰線→陽線 / 強気包み足 / 前日安値割れ反転,通常,買い,アンチ,1,0.0,906.0,1521.0,2.0,%K反転、%D方向改善、陽の包み足、長い下ヒゲ反転、出来高増加を伴う反転、直近下落なし（B以下に制限） / 信用需給: 信用データがデータなし、または売残0で信用倍率を算出不能,急騰済み（5営業日急騰、25日線上方乖離、高RSI）,https://finance.yahoo.co.jp/quote/4565.T,データなし,データなし,データなし,データなし,データなし,データなし,データなし,データなし,10.0,0,0,10.0,89,89,信用需給は判定不能,信用データがデータなし、または売残0で信用倍率を算出不能
2026-08-18,4259,エクサウィザーズ,グロース,781.0,5.54,12.86,-7.02,-2.53,1.13,52.92,747.0,798.0,738.0,798.0,798.0,667.0,667.0,746.28,702.56,702.56,10,除外,54.81,60.26,-2.95,46.75,801.24,909.44,762.11,-0.21σ,1.3,強気包み足,なし,買い,BB逆張り,1,0.0,667.0,1009.0,2.0,BB -1σ以下から反発、ストキャス売られ過ぎから反転、%K反転、陽の包み足、直近下落なし（B以下に制限） / 信用需給: 信用データがデータなし、または売残0で信用倍率を算出不能,急騰済み（3営業日急騰）,https://finance.yahoo.co.jp/quote/4259.T,データなし,データなし,データなし,データなし,データなし,データなし,データなし,データなし,10.0,0,0,10.0,89,89,信用需給は判定不能,信用データがデータなし、または売残0で信用倍率を算出不能
2026-08-18,6869,シスメックス,プライム,1881.5,1.68,-0.37,-4.97,12.56,0.9,68.67,1907.0,1897.5,1835.5,1907.0,1918.5,1835.5,1494.0,1552.03,1406.29,1406.29,10,除外,70.28,70.5,1.68,65.28,1671.52,1506.91,1502.04,+1.26σ,0.78,陰線→陽線 / 前日安値割れ反転 / 2～5日下落後の陽線,通常,買い,アンチ,1,0.0,1778.49,2087.52,2.0,直近2～5日まで下落、%K反転、%D方向改善、長い下ヒゲ反転、2～5日下落後の陽線 / 信用需給: 信用データがデータなし、または売残0で信用倍率を算出不能,急騰済み（25日線上方乖離）,https://finance.yahoo.co.jp/quote/6869.T,データなし,データなし,データなし,データなし,データなし,データなし,データなし,データなし,10.0,0,0,10.0,89,89,信用需給は判定不能,信用データがデータなし、または売残0で信用倍率を算出不能
2026-08-18,7033,マネジメントソリューションズ,プライム,1643.0,1.17,12.84,13.23,15.25,1.63,50.89,1684.0,1664.0,1581.0,1684.0,1684.0,1443.0,1342.0,1365.31,1289.58,1289.58,10,除外,85.14,73.35,4.73,79.89,1425.64,1372.21,1356.73,+2.67σ,1.98,陰線→陽線 / 強気包み足 / 前日安値割れ反転,通常,買い,アンチ,1,0.0,1443.0,2043.0,2.0,%K反転、%D方向改善、陽の包み足、長い下ヒゲ反転、出来高増加を伴う反転、直近下落なし（B以下に制限） / 信用需給: 信用データがデータなし、または売残0で信用倍率を算出不能,急騰済み（3営業日急騰、25日線上方乖離、高RSI、BB +2σ大幅超過）,https://finance.yahoo.co.jp/quote/7033.T,データなし,データなし,データなし,データなし,データなし,データなし,データなし,データなし,10.0,0,0,10.0,89,89,信用需給は判定不能,信用データがデータなし、または売残0で信用倍率を算出不能
2026-08-18,6998,日本タングステン,スタンダード,3460.0,8.46,5.97,5.49,48.32,1.33,176.54,3295.0,3465.0,3230.0,3465.0,3465.0,3100.0,1763.0,1776.71,1130.62,1130.62,10,除外,99.33,92.04,8.94,82.52,2332.84,2147.64,1935.82,+1.61σ,1.86,陰線→陽線 / 2～5日下落後の陽線,強,買い,アンチ,1,0.0,3100.0,4180.0,2.0,直近2～5日まで下落、%K反転、%D方向改善、2～5日下落後の陽線、出来高増加を伴う反転 / 信用需給: 信用データがデータなし、または売残0で信用倍率を算出不能,急騰済み（当日急騰、25日線上方乖離、高RSI）,https://finance.yahoo.co.jp/quote/6998.T,データなし,データなし,データなし,データなし,データなし,データなし,データなし,データなし,10.0,0,0,10.0,89,89,信用需給は判定不能,信用データがデータなし、または売残0で信用倍率を算出不能
2026-08-18,8541,愛媛銀行,プライム,3320.0,4.08,9.21,19.42,22.2,1.18,130.92,3220.0,3345.0,3190.0,3345.0,3345.0,2809.0,2331.0,2593.92,2374.44,2374.44,9,除外,95.7,70.04,12.74,77.08,2716.92,2240.87,1817.62,+2.31σ,0.74,強気包み足,なし,買い,底固め,1,0.0,2809.0,4342.0,2.0,%K反転、%D方向改善、陽の包み足、直近下落なし（B以下に制限）、直近安値切り上げ、RSI安値切り上げ、レンジ上限突破 / 信用需給: 信用データがデータなし、または売残0で信用倍率を算出不能,急騰済み（5営業日急騰、25日線上方乖離、高RSI、BB +2σ大幅超過）,https://finance.yahoo.co.jp/quote/8541.T,データなし,データなし,データなし,データなし,データなし,データなし,データなし,データなし,9.0,0,0,9.0,118,118,信用需給は判定不能,信用データがデータなし、または売残0で信用倍率を算出不能
2026-08-18,8558,東和銀行,プライム,1552.0,1.57,4.37,14.45,11.02,0.88,62.5,1545.0,1583.0,1528.0,1583.0,1583.0,1365.0,1275.0,1340.3,1271.3,1271.3,9,除外,86.52,73.2,20.44,66.13,1397.92,1354.31,1175.1,+2.07σ,0.7,陰線→陽線 / 強気包み足,通常,買い,底固め / アンチ,2,0.0,1365.0,1926.0,2.0,%K反転、%D方向改善、陽の包み足、直近下落なし（B以下に制限）、直近安値切り上げ、BB幅収縮、RSI安値切り上げ / 信用需給: 信用データがデータなし、または売残0で信用倍率を算出不能,急騰済み（25日線上方乖離）,https://finance.yahoo.co.jp/quote/8558.T,データなし,データなし,データなし,データなし,データなし,データなし,データなし,データなし,9.0,0,0,9.0,118,118,信用需給は判定不能,信用データがデータなし、または売残0で信用倍率を算出不能
2026-08-18,9507,四国電力,プライム,1840.5,1.83,3.25,6.11,12.22,1.29,40.98,1823.5,1854.0,1801.0,1854.0,1854.0,1733.0,1502.0,1576.32,1475.54,1475.54,9,除外,90.29,81.75,1.86,82.81,1640.12,1537.34,1575.87,+1.62σ,1.06,強気包み足,通常,買い,底固め / アンチ,2,0.0,1733.0,2055.5,2.0,%K反転、%D方向改善、陽の包み足、直近下落なし（B以下に制限）、直近安値切り上げ、RSI安値切り上げ、レンジ上限突破 / 信用需給: 信用データがデータなし、または売残0で信用倍率を算出不能,急騰済み（25日線上方乖離、高RSI）,https://finance.yahoo.co.jp/quote/9507.T,データなし,データなし,データなし,データなし,データなし,データなし,データなし,データなし,9.0,0,0,9.0,118,118,信用需給は判定不能,信用データがデータなし、または売残0で信用倍率を算出不能
2026-08-18,9069,センコーグループホールディングス,プライム,2342.5,1.41,2.0,3.56,5.67,1.15,49.32,2323.0,2354.0,2297.5,2354.0,2354.0,2238.5,2141.0,2192.63,2147.41,2147.41,9,除外,78.76,59.44,2.39,76.65,2216.9,2027.16,1964.9,+2.31σ,1.29,強気包み足,なし,買い,底固め,1,0.0,2238.5,2550.5,2.0,%K反転、%D方向改善、陽の包み足、直近下落なし（B以下に制限）、直近安値切り上げ、BB幅収縮、RSI安値切り上げ / 信用需給: 信用データがデータなし、または売残0で信用倍率を算出不能,急騰済み（高RSI、BB +2σ大幅超過）,https://finance.yahoo.co.jp/quote/9069.T,データなし,データなし,データなし,データなし,データなし,データなし,データなし,データなし,9.0,0,0,9.0,118,118,信用需給は判定不能,信用データがデータなし、または売残0で信用倍率を算出不能
2026-08-18,8043,スターゼン,プライム,1529.0,2.0,2.69,10.8,12.84,1.25,35.89,1515.0,1531.0,1486.0,1531.0,1531.0,1380.0,1283.0,1298.27,1224.49,1224.49,9,除外,98.95,69.24,11.43,78.7,1355.04,1233.23,1248.88,+2.13σ,0.92,強気包み足,通常,買い,底固め / アンチ,2,0.0,1380.0,1827.0,2.0,%K反転、%D方向改善、陽の包み足、直近下落なし（B以下に制限）、直近安値切り上げ、RSI安値切り上げ、レンジ上限突破 / 信用需給: 信用データがデータなし、または売残0で信用倍率を算出不能,急騰済み（25日線上方乖離、高RSI）,https://finance.yahoo.co.jp/quote/8043.T,データなし,データなし,データなし,データなし,データなし,データなし,データなし,データなし,9.0,0,0,9.0,118,118,信用需給は判定不能,信用データがデータなし、または売残0で信用倍率を算出不能
2026-08-18,6523,ＰＨＣホールディングス,プライム,1446.0,3.66,2.55,10.13,23.49,1.53,51.77,1449.0,1464.0,1385.0,1464.0,1464.0,1312.0,1037.0,1055.62,917.6,917.6,9,除外,93.59,77.71,9.67,82.89,1170.96,1083.67,1073.82,+1.83σ,1.48,陰線→陽線 / 強気包み足,通常,買い,アンチ,1,0.0,1312.0,1714.0,2.0,%K反転、%D方向改善、陽の包み足、出来高増加を伴う反転、直近下落なし（B以下に制限） / 信用需給: 信用データがデータなし、または売残0で信用倍率を算出不能,急騰済み（25日線上方乖離、高RSI）,https://finance.yahoo.co.jp/quote/6523.T,データなし,データなし,データなし,データなし,データなし,データなし,データなし,データなし,9.0,0,0,9.0,118,118,信用需給は判定不能,信用データがデータなし、または売残0で信用倍率を算出不能
2026-08-18,5142,アキレス,プライム,1980.0,3.56,7.9,10.31,38.09,1.54,75.5,1944.0,1990.0,1874.0,1990.0,1990.0,1724.0,1219.0,1213.19,942.97,942.97,9,除外,98.39,93.28,9.63,90.88,1433.8,1296.43,1384.14,+1.84σ,1.27,強気包み足,なし,買い,底固め,1,0.0,1724.0,2492.0,2.0,%K反転、%D方向改善、陽の包み足、直近下落なし（B以下に制限）、直近安値切り上げ、RSI安値切り上げ、レンジ上限突破 / 信用需給: 信用データがデータなし、または売残0で信用倍率を算出不能,急騰済み（25日線上方乖離、高RSI）,https://finance.yahoo.co.jp/quote/5142.T,データなし,データなし,データなし,データなし,データなし,データなし,データなし,データなし,9.0,0,0,9.0,118,118,信用需給は判定不能,信用データがデータなし、または売残0で信用倍率を算出不能
2026-08-18,4997,日本農薬,プライム,1190.0,0.85,0.51,2.59,9.94,0.89,28.03,1196.0,1198.0,1173.0,1198.0,1198.0,1150.0,997.0,1047.64,994.18,994.18,9,除外,93.28,79.85,11.32,75.09,1082.4,1029.11,1000.92,+1.66σ,0.62,陰線→陽線 / 強気包み足 / 前日安値割れ反転,通常,買い,アンチ,1,0.0,1147.95,1274.09,2.0,%K反転、%D方向改善、陽の包み足、長い下ヒゲ反転、直近下落なし（B以下に制限） / 信用需給: 信用データがデータなし、または売残0で信用倍率を算出不能,急騰済み（高RSI）,https://finance.yahoo.co.jp/quote/4997.T,データなし,データなし,データなし,データなし,データなし,データなし,データなし,データなし,9.0,0,0,9.0,118,118,信用需給は判定不能,信用データがデータなし、または売残0で信用倍率を算出不能
2026-08-18,4849,エン,プライム,1498.0,1.84,4.68,3.38,13.67,0.83,49.45,1510.0,1498.0,1457.0,1510.0,1510.0,1391.0,1222.0,1248.51,1159.63,1159.63,9,除外,93.3,67.75,10.84,74.97,1317.8,1226.25,1310.98,+1.81σ,1.01,強気包み足 / 前日安値割れ反転,通常,買い,アンチ,1,0.0,1391.0,1712.0,2.0,%K反転、%D方向改善、陽の包み足、長い下ヒゲ反転、直近下落なし（B以下に制限） / 信用需給: 信用データがデータなし、または売残0で信用倍率を算出不能,急騰済み（25日線上方乖離、高RSI）,https://finance.yahoo.co.jp/quote/4849.T,データなし,データなし,データなし,データなし,データなし,データなし,データなし,データなし,9.0,0,0,9.0,118,118,信用需給は判定不能,信用データがデータなし、または売残0で信用倍率を算出不能
2026-08-18,4480,メドレー,プライム,2844.0,1.21,30.64,36.86,31.65,1.22,124.66,3040.0,2892.0,2740.0,3040.0,3040.0,2085.0,1915.0,1917.31,1657.31,1657.31,8,除外,80.02,77.63,6.46,81.51,2160.28,2135.64,2192.82,+2.56σ,1.99,陰線→陽線 / 長い下ヒゲ（ハンマー） / 前日安値割れ反転,通常,買い,アンチ,1,0.0,2085.0,4362.0,2.0,%K反転、%D方向改善、長い下ヒゲ反転、出来高増加を伴う反転、直近下落なし（B以下に制限） / 信用需給: 信用データがデータなし、または売残0で信用倍率を算出不能,急騰済み（3営業日急騰、5営業日急騰、25日線上方乖離、高RSI、BB +2σ大幅超過）,https://finance.yahoo.co.jp/quote/4480.T,データなし,データなし,データなし,データなし,データなし,データなし,データなし,データなし,8.0,0,0,8.0,183,183,信用需給は判定不能,信用データがデータなし、または売残0で信用倍率を算出不能
2026-08-18,9072,ニッコンホールディングス,プライム,5725.0,5.41,6.73,6.85,8.34,2.85,195.55,5449.0,5929.0,5371.0,5929.0,5929.0,5211.0,4910.0,5074.12,4900.8,4900.8,8,除外,75.42,80.25,16.71,67.79,5284.32,5609.25,4530.9,+2.76σ,3.91,強気包み足,なし,買い,底固め,1,0.0,5211.0,6753.0,2.0,%D方向改善、陽の包み足、出来高増加を伴う反転、直近下落なし（B以下に制限）、直近安値切り上げ、BB幅収縮、出来高減少後の増加、RSI安値切り上げ、レンジ上限突破 / 信用需給: 信用データがデータなし、または売残0で信用倍率を算出不能,急騰済み（BB +2σ大幅超過）,https://finance.yahoo.co.jp/quote/9072.T,データなし,データなし,データなし,データなし,データなし,データなし,データなし,データなし,8.0,0,0,8.0,183,183,信用需給は判定不能,信用データがデータなし、または売残0で信用倍率を算出不能
2026-08-18,5707,東邦亜鉛,プライム,1123.0,3.12,9.24,11.74,24.83,1.49,66.37,1204.0,1171.0,1072.0,1204.0,1204.0,990.0,770.0,821.19,720.28,720.28,8,除外,69.55,80.21,1.23,75.15,899.6,935.23,1094.34,+1.99σ,2.32,強気包み足 / はらみ足,通常,買い,アンチ,1,0.0,990.0,1389.0,2.0,%K反転、陽の包み足、出来高増加を伴う反転、直近下落なし（B以下に制限） / 信用需給: 信用データがデータなし、または売残0で信用倍率を算出不能,急騰済み（25日線上方乖離、高RSI）,https://finance.yahoo.co.jp/quote/5707.T,データなし,データなし,データなし,データなし,データなし,データなし,データなし,データなし,8.0,0,0,8.0,183,183,信用需給は判定不能,信用データがデータなし、または売残0で信用倍率を算出不能
2026-08-18,5301,東海カーボン,プライム,1846.0,2.98,1.85,1.68,10.9,1.08,64.05,1799.5,1867.5,1798.5,1867.5,1867.5,1773.0,1510.0,1562.86,1453.21,1453.21,8,除外,87.25,62.38,14.62,68.91,1664.6,1650.16,1254.81,+1.58σ,0.62,陰線→陽線 / 2～5日下落後の陽線,強,買い,アンチ,1,0.0,1749.92,2038.16,2.0,直近2～5日まで下落、%K反転、%D方向改善、2～5日下落後の陽線 / 信用需給: 信用データがデータなし、または売残0で信用倍率を算出不能,急騰済み（25日線上方乖離）,https://finance.yahoo.co.jp/quote/5301.T,データなし,データなし,データなし,データなし,データなし,データなし,データなし,データなし,8.0,0,0,8.0,183,183,信用需給は判定不能,信用データがデータなし、または売残0で信用倍率を算出不能
2026-08-18,4828,ビジネスエンジニアリング,プライム,1377.0,2.15,1.18,5.92,12.56,0.96,44.8,1380.0,1388.0,1345.0,1388.0,1391.0,1311.0,1144.0,1173.18,1100.41,1100.41,8,除外,86.98,53.62,7.11,73.03,1223.4,1131.67,1303.06,+1.80σ,0.66,陰線→陽線 / 前日安値割れ反転,通常,買い,底固め / アンチ,2,0.0,1309.8,1511.4,2.0,%K反転、%D方向改善、長い下ヒゲ反転、直近下落なし（B以下に制限）、直近安値切り上げ、BB幅収縮、RSI安値切り上げ / 信用需給: 信用データがデータなし、または売残0で信用倍率を算出不能,急騰済み（25日線上方乖離、高RSI）,https://finance.yahoo.co.jp/quote/4828.T,データなし,データなし,データなし,データなし,データなし,データなし,データなし,データなし,8.0,0,0,8.0,183,183,信用需給は判定不能,信用データがデータなし、または売残0で信用倍率を算出不能
2026-08-18,4674,クレスコ,プライム,1998.0,2.2,5.27,7.02,19.08,1.55,55.65,1982.0,2021.0,1935.0,2021.0,2021.0,1828.0,1533.0,1562.56,1411.58,1411.58,8,除外,91.9,87.85,2.91,86.23,1677.84,1556.21,1571.76,+1.88σ,2.25,強気包み足,なし,買い,底固め,1,0.0,1828.0,2338.0,2.0,%D方向改善、陽の包み足、出来高増加を伴う反転、直近下落なし（B以下に制限）、直近安値切り上げ、RSI安値切り上げ、レンジ上限突破 / 信用需給: 信用データがデータなし、または売残0で信用倍率を算出不能,急騰済み（25日線上方乖離、高RSI）,https://finance.yahoo.co.jp/quote/4674.T,データなし,データなし,データなし,データなし,データなし,データなし,データなし,データなし,8.0,0,0,8.0,183,183,信用需給は判定不能,信用データがデータなし、または売残0で信用倍率を算出不能
2026-08-18,5801,古河電気工業,プライム,4368.0,1.63,6.25,10.53,21.48,1.12,352.52,4300.0,4632.0,4236.0,4632.0,4632.0,3768.0,2646.0,3135.0,2655.85,2655.85,8,除外,74.71,86.02,11.17,61.95,3595.76,4367.27,2872.42,+1.57σ,1.52,強気包み足,なし,買い,底固め,1,0.0,3768.0,5568.0,2.0,%D方向改善、陽の包み足、出来高増加を伴う反転、直近下落なし（B以下に制限）、直近安値切り上げ、RSI安値切り上げ、レンジ上限突破 / 信用需給: 信用データがデータなし、または売残0で信用倍率を算出不能,急騰済み（25日線上方乖離）,https://finance.yahoo.co.jp/quote/5801.T,データなし,データなし,データなし,データなし,データなし,データなし,データなし,データなし,8.0,0,0,8.0,183,183,信用需給は判定不能,信用データがデータなし、または売残0で信用倍率を算出不能
2026-08-18,6118,アイダエンジニアリング,プライム,1287.0,2.8,7.7,8.42,5.94,1.51,35.12,1258.0,1300.0,1247.0,1300.0,1300.0,1175.0,1165.0,1182.42,1153.74,1153.74,8,除外,89.84,68.21,12.78,65.11,1214.8,1182.69,1158.7,+2.65σ,2.03,強気包み足,なし,買い,底固め,1,0.0,1175.0,1511.0,2.0,%D方向改善、陽の包み足、出来高増加を伴う反転、直近下落なし（B以下に制限）、直近安値切り上げ、BB幅収縮、出来高減少後の増加、レンジ上限突破 / 信用需給: 信用データがデータなし、または売残0で信用倍率を算出不能,急騰済み（BB +2σ大幅超過）,https://finance.yahoo.co.jp/quote/6118.T,データなし,データなし,データなし,データなし,データなし,データなし,データなし,データなし,8.0,0,0,8.0,183,183,信用需給は判定不能,信用データがデータなし、または売残0で信用倍率を算出不能
2026-08-18,9900,サガミホールディングス,プライム,2270.0,1.84,3.94,3.65,11.77,0.88,61.66,2250.0,2286.0,2232.0,2286.0,2286.0,2160.0,1806.0,1970.73,1845.4,1845.4,8,除外,88.32,80.25,4.49,76.36,2030.92,1780.72,1817.32,+1.39σ,0.74,陰線→陽線 / 長い下ヒゲ（ハンマー）,通常,買い,底固め / アンチ,2,0.0,2160.0,2490.0,2.0,%K反転、%D方向改善、長い下ヒゲ反転、直近下落なし（B以下に制限）、直近安値切り上げ、RSI安値切り上げ、レンジ上限突破 / 信用需給: 信用データがデータなし、または売残0で信用倍率を算出不能,急騰済み（25日線上方乖離、高RSI）,https://finance.yahoo.co.jp/quote/9900.T,データなし,データなし,データなし,データなし,データなし,データなし,データなし,データなし,8.0,0,0,8.0,183,183,信用需給は判定不能,信用データがデータなし、または売残0で信用倍率を算出不能
2026-08-18,7550,ゼンショーホールディングス,プライム,11700.0,2.99,3.91,0.91,16.11,1.12,357.68,11395.0,11745.0,11345.0,11745.0,11745.0,11125.0,8901.0,9471.49,8633.09,8633.09,8,除外,93.95,76.05,2.71,76.94,10077.04,8748.81,8995.98,+1.66σ,0.98,2～5日下落後の陽線,通常,買い,アンチ,1,0.0,11125.0,12850.0,2.0,直近2～5日まで下落、%K反転、%D方向改善、2～5日下落後の陽線 / 信用需給: 信用データがデータなし、または売残0で信用倍率を算出不能,急騰済み（25日線上方乖離、高RSI）,https://finance.yahoo.co.jp/quote/7550.T,データなし,データなし,データなし,データなし,データなし,データなし,データなし,データなし,8.0,0,0,8.0,183,183,信用需給は判定不能,信用データがデータなし、または売残0で信用倍率を算出不能
2026-08-18,7246,プレス工業,プライム,989.0,0.82,2.59,2.7,12.0,0.69,21.7,988.0,996.0,981.0,996.0,996.0,955.0,817.0,841.01,781.32,781.32,8,除外,87.04,85.93,-0.09,81.67,883.04,826.99,824.98,+1.48σ,0.74,陰線→陽線 / 強気包み足,なし,買い,底固め,1,0.0,955.0,1057.0,2.0,%K反転、陽の包み足、直近下落なし（B以下に制限）、直近安値切り上げ、RSI安値切り上げ、レンジ上限突破 / 信用需給: 信用データがデータなし、または売残0で信用倍率を算出不能,急騰済み（25日線上方乖離、高RSI）,https://finance.yahoo.co.jp/quote/7246.T,データなし,データなし,データなし,データなし,データなし,データなし,データなし,データなし,8.0,0,0,8.0,183,183,信用需給は判定不能,信用データがデータなし、または売残0で信用倍率を算出不能
2026-08-18,6613,ＱＤレーザ,グロース,2091.0,0.38,19.76,6.68,17.11,1.32,214.34,2129.0,2299.0,2015.0,2299.0,2299.0,1675.0,1208.0,1459.8,1240.8,1240.8,8,除外,67.95,73.93,9.06,55.85,1785.44,2230.67,1261.66,+1.88σ,1.88,強気包み足,なし,買い,底固め,1,0.0,1675.0,2923.0,2.0,%D方向改善、陽の包み足、出来高増加を伴う反転、直近下落なし（B以下に制限）、直近安値切り上げ、ATR低下、BB幅収縮、RSI安値切り上げ / 信用需給: 信用データがデータなし、または売残0で信用倍率を算出不能,急騰済み（3営業日急騰、25日線上方乖離）,https://finance.yahoo.co.jp/quote/6613.T,データなし,データなし,データなし,データなし,データなし,データなし,データなし,データなし,8.0,0,0,8.0,183,183,信用需給は判定不能,信用データがデータなし、または売残0で信用倍率を算出不能
2026-08-18,4246,ダイキョーニシカワ,プライム,1143.0,1.15,2.88,3.91,9.59,1.27,24.39,1136.0,1150.0,1119.0,1150.0,1150.0,1080.0,990.0,1006.19,959.07,959.07,8,除外,94.07,82.5,10.45,80.31,1042.96,1015.25,894.6,+1.90σ,1.26,強気包み足 / 前日安値割れ反転,なし,買い,底固め,1,0.0,1080.0,1269.0,2.0,%D方向改善、陽の包み足、長い下ヒゲ反転、直近下落なし（B以下に制限）、直近安値切り上げ、RSI安値切り上げ、レンジ上限突破 / 信用需給: 信用データがデータなし、または売残0で信用倍率を算出不能,急騰済み（高RSI）,https://finance.yahoo.co.jp/quote/4246.T,データなし,データなし,データなし,データなし,データなし,データなし,データなし,データなし,8.0,0,0,8.0,183,183,信用需給は判定不能,信用データがデータなし、または売残0で信用倍率を算出不能
2026-08-18,8343,秋田銀行,プライム,8940.0,1.94,5.8,13.16,17.0,1.45,317.56,8890.0,9200.0,8740.0,9200.0,9200.0,7940.0,6750.0,7228.6,6687.21,6687.21,8,除外,80.6,81.81,16.9,78.13,7641.2,6691.33,5388.3,+2.16σ,2.04,強気包み足,なし,買い,底固め,1,0.0,7940.0,10940.0,2.0,%D方向改善、陽の包み足、出来高増加を伴う反転、直近下落なし（B以下に制限）、直近安値切り上げ、RSI安値切り上げ、レンジ上限突破 / 信用需給: 信用データがデータなし、または売残0で信用倍率を算出不能,急騰済み（25日線上方乖離、高RSI）,https://finance.yahoo.co.jp/quote/8343.T,データなし,データなし,データなし,データなし,データなし,データなし,データなし,データなし,8.0,0,0,8.0,183,183,信用需給は判定不能,信用データがデータなし、または売残0で信用倍率を算出不能
2026-08-18,4165,プレイド,グロース,723.0,3.43,21.72,20.1,21.64,1.25,29.55,702.0,729.0,692.0,729.0,729.0,588.0,533.0,550.22,503.25,503.25,8,除外,96.0,74.54,5.76,75.39,594.4,550.76,667.15,+2.68σ,1.77,強気包み足,なし,買い,底固め,1,0.0,588.0,993.0,2.0,%D方向改善、陽の包み足、出来高増加を伴う反転、直近下落なし（B以下に制限）、直近安値切り上げ、BB幅収縮、RSI安値切り上げ、レンジ上限突破 / 信用需給: 信用データがデータなし、または売残0で信用倍率を算出不能,急騰済み（3営業日急騰、5営業日急騰、25日線上方乖離、高RSI、BB +2σ大幅超過）,https://finance.yahoo.co.jp/quote/4165.T,データなし,データなし,データなし,データなし,データなし,データなし,データなし,データなし,8.0,0,0,8.0,183,183,信用需給は判定不能,信用データがデータなし、または売残0で信用倍率を算出不能
2026-08-18,6330,東洋エンジニアリング,プライム,2488.0,2.05,-0.48,8.13,20.62,1.56,166.16,2701.0,2612.0,2353.0,2701.0,2701.0,2216.0,1733.0,1869.96,1636.61,1636.61,8,除外,70.54,78.32,14.04,64.33,2062.6,2066.48,2854.97,+1.65σ,1.63,陰線→陽線 / 前日安値割れ反転,通常,買い,アンチ,1,0.0,2216.0,3032.0,2.0,%K反転、%D方向改善、長い下ヒゲ反転、出来高増加を伴う反転、直近下落なし（B以下に制限） / 信用需給: 信用データがデータなし、または売残0で信用倍率を算出不能,急騰済み（25日線上方乖離）,https://finance.yahoo.co.jp/quote/6330.T,データなし,データなし,データなし,データなし,データなし,データなし,データなし,データなし,8.0,0,0,8.0,183,183,信用需給は判定不能,信用データがデータなし、または売残0で信用倍率を算出不能
2026-08-18,4968,荒川化学工業,プライム,2540.0,2.38,3.04,13.49,17.46,1.07,160.95,2523.0,2599.0,2427.0,2599.0,2599.0,2216.0,1679.0,1872.73,1609.46,1609.46,7,除外,85.85,69.72,14.55,65.9,2162.4,1852.05,1481.24,+1.53σ,0.87,陰線→陽線 / 強気包み足,強,買い,アンチ,1,0.0,2216.0,3188.0,2.0,%K反転、%D方向改善、陽の包み足、直近下落なし（B以下に制限） / 信用需給: 信用データがデータなし、または売残0で信用倍率を算出不能,急騰済み（25日線上方乖離）,https://finance.yahoo.co.jp/quote/4968.T,データなし,データなし,データなし,データなし,データなし,データなし,データなし,データなし,7.0,0,0,7.0,229,229,信用需給は判定不能,信用データがデータなし、または売残0で信用倍率を算出不能
2026-08-18,8550,栃木銀行,プライム,1126.0,0.54,4.26,11.05,10.96,0.6,43.04,1128.0,1142.0,1116.0,1142.0,1144.0,1011.0,918.0,966.09,909.94,909.94,7,除外,87.5,75.28,19.87,66.9,1014.8,973.36,872.84,+1.85σ,0.71,強気包み足,通常,買い,アンチ,1,0.0,1011.0,1356.0,2.0,%K反転、%D方向改善、陽の包み足、直近下落なし（B以下に制限） / 信用需給: 信用データがデータなし、または売残0で信用倍率を算出不能,急騰済み（25日線上方乖離）,https://finance.yahoo.co.jp/quote/8550.T,データなし,データなし,データなし,データなし,データなし,データなし,データなし,データなし,7.0,0,0,7.0,229,229,信用需給は判定不能,信用データがデータなし、または売残0で信用倍率を算出不能
2026-08-18,5381,マイポックス,スタンダード,984.0,2.39,1.13,9.7,14.35,0.86,58.46,990.0,1009.0,959.0,1009.0,1043.0,905.0,673.0,768.25,682.45,682.45,7,除外,71.5,82.91,7.28,59.72,860.52,1001.72,803.21,+1.51σ,1.14,陰線→陽線 / 強気包み足,通常,買い,アンチ,1,0.0,896.32,1159.37,2.0,%K反転、%D方向改善、陽の包み足、直近下落なし（B以下に制限） / 信用需給: 信用データがデータなし、または売残0で信用倍率を算出不能,急騰済み（25日線上方乖離）,https://finance.yahoo.co.jp/quote/5381.T,データなし,データなし,データなし,データなし,データなし,データなし,データなし,データなし,7.0,0,0,7.0,229,229,信用需給は判定不能,信用データがデータなし、または売残0で信用倍率を算出不能
2026-08-18,3443,川田テクノロジーズ,プライム,1426.0,0.78,3.94,5.47,7.94,0.98,38.59,1443.0,1439.0,1401.0,1443.0,1443.0,1325.0,1250.0,1282.34,1239.42,1239.42,7,除外,87.22,78.62,11.58,69.31,1321.12,1307.32,1456.55,+2.35σ,1.18,強気包み足 / はらみ足,通常,買い,アンチ,1,0.0,1325.0,1628.0,2.0,%K反転、%D方向改善、陽の包み足、直近下落なし（B以下に制限） / 信用需給: 信用データがデータなし、または売残0で信用倍率を算出不能,急騰済み（BB +2σ大幅超過）,https://finance.yahoo.co.jp/quote/3443.T,データなし,データなし,データなし,データなし,データなし,データなし,データなし,データなし,7.0,0,0,7.0,229,229,信用需給は判定不能,信用データがデータなし、または売残0で信用倍率を算出不能
2026-08-18,1870,矢作建設工業,プライム,2125.0,0.52,3.11,4.06,9.25,0.86,40.71,2129.0,2131.0,2096.0,2131.0,2131.0,2029.0,1865.0,1887.62,1809.99,1809.99,7,除外,97.74,68.54,20.06,79.69,1945.12,1902.16,2127.62,+2.06σ,0.9,強気包み足,通常,買い,アンチ,1,0.0,2029.0,2317.0,2.0,%K反転、%D方向改善、陽の包み足、直近下落なし（B以下に制限） / 信用需給: 信用データがデータなし、または売残0で信用倍率を算出不能,急騰済み（高RSI）,https://finance.yahoo.co.jp/quote/1870.T,データなし,データなし,データなし,データなし,データなし,データなし,データなし,データなし,7.0,0,0,7.0,229,229,信用需給は判定不能,信用データがデータなし、または売残0で信用倍率を算出不能
2026-08-18,9508,九州電力,プライム,1912.0,3.07,2.88,6.07,5.95,1.07,45.33,1887.0,1912.0,1863.5,1912.0,1912.0,1811.5,1751.5,1784.95,1749.88,1749.88,6,除外,100.0,50.14,9.33,68.44,1804.54,1722.76,1725.54,+2.62σ,1.24,陰線→陽線,通常,買い,底固め / アンチ,2,0.0,1811.5,2113.0,2.0,%K反転、%D方向改善、直近下落なし（B以下に制限）、直近安値切り上げ、BB幅収縮、出来高減少後の増加、RSI安値切り上げ、レンジ上限突破 / 信用需給: 信用データがデータなし、または売残0で信用倍率を算出不能,急騰済み（BB +2σ大幅超過）,https://finance.yahoo.co.jp/quote/9508.T,データなし,データなし,データなし,データなし,データなし,データなし,データなし,データなし,6.0,0,0,6.0,244,244,信用需給は判定不能,信用データがデータなし、または売残0で信用倍率を算出不能
2026-08-18,1662,石油資源開発,プライム,1873.0,2.91,4.64,6.66,7.21,0.87,54.86,1845.0,1874.0,1826.0,1874.0,1874.0,1768.0,1622.0,1715.56,1669.97,1669.97,6,除外,99.38,68.33,13.18,67.3,1747.12,1782.83,1869.03,+2.45σ,1.02,陰線→陽線,なし,買い,底固め,1,0.0,1768.0,2083.0,2.0,%K反転、%D方向改善、直近下落なし（B以下に制限）、直近安値切り上げ、BB幅収縮、RSI安値切り上げ、レンジ上限突破 / 信用需給: 信用データがデータなし、または売残0で信用倍率を算出不能,急騰済み（BB +2σ大幅超過）,https://finance.yahoo.co.jp/quote/1662.T,データなし,データなし,データなし,データなし,データなし,データなし,データなし,データなし,6.0,0,0,6.0,244,244,信用需給は判定不能,信用データがデータなし、または売残0で信用倍率を算出不能
2026-08-18,6071,ＩＢＪ,プライム,963.0,2.45,12.37,15.33,14.18,1.62,26.57,955.0,976.0,933.0,976.0,976.0,827.0,796.0,799.68,760.06,760.06,6,除外,91.56,68.51,5.38,77.6,843.4,805.09,772.82,+3.12σ,4.47,なし,なし,買い,底固め,1,0.0,827.0,1235.0,2.0,%K反転、%D方向改善、直近下落なし（B以下に制限）、直近安値切り上げ、BB幅収縮、RSI安値切り上げ、レンジ上限突破 / 信用需給: 信用データがデータなし、または売残0で信用倍率を算出不能,急騰済み（3営業日急騰、25日線上方乖離、高RSI、BB +2σ大幅超過）,https://finance.yahoo.co.jp/quote/6071.T,データなし,データなし,データなし,データなし,データなし,データなし,データなし,データなし,6.0,0,0,6.0,244,244,信用需給は判定不能,信用データがデータなし、または売残0で信用倍率を算出不能
2026-08-18,9107,川崎汽船,プライム,3141.0,2.25,8.18,9.1,11.28,0.78,84.57,3120.0,3183.0,3117.0,3183.0,3183.0,2868.5,2685.0,2763.27,2660.23,2660.23,6,除外,89.03,72.48,5.14,75.03,2822.54,2637.55,2451.51,+2.67σ,1.4,なし,通常,買い,底固め / アンチ,2,0.0,2868.5,3686.0,2.0,%K反転、%D方向改善、直近下落なし（B以下に制限）、直近安値切り上げ、BB幅収縮、RSI安値切り上げ、レンジ上限突破 / 信用需給: 信用データがデータなし、または売残0で信用倍率を算出不能,急騰済み（25日線上方乖離、高RSI、BB +2σ大幅超過）,https://finance.yahoo.co.jp/quote/9107.T,データなし,データなし,データなし,データなし,データなし,データなし,データなし,データなし,6.0,0,0,6.0,244,244,信用需給は判定不能,信用データがデータなし、または売残0で信用倍率を算出不能
2026-08-18,9101,日本郵船,プライム,6784.0,4.53,9.23,10.18,13.42,1.83,164.75,6511.0,6797.0,6495.0,6797.0,6797.0,6111.0,5668.0,5850.37,5608.25,5608.25,6,除外,98.43,74.82,4.93,77.75,5981.4,5597.6,5423.24,+2.86σ,1.54,なし,なし,買い,底固め,1,0.0,6111.0,8130.0,2.0,%K反転、%D方向改善、直近下落なし（B以下に制限）、直近安値切り上げ、BB幅収縮、出来高減少後の増加、RSI安値切り上げ、レンジ上限突破 / 信用需給: 信用データがデータなし、または売残0で信用倍率を算出不能,急騰済み（25日線上方乖離、高RSI、BB +2σ大幅超過）,https://finance.yahoo.co.jp/quote/9101.T,データなし,データなし,データなし,データなし,データなし,データなし,データなし,データなし,6.0,0,0,6.0,244,244,信用需給は判定不能,信用データがデータなし、または売残0で信用倍率を算出不能
2026-08-18,9119,飯野海運,プライム,1686.0,2.49,7.46,7.59,9.98,1.26,46.11,1650.0,1697.0,1639.0,1697.0,1697.0,1542.0,1462.0,1491.21,1438.07,1438.07,6,除外,92.9,61.67,9.5,74.92,1532.96,1501.99,1523.51,+2.67σ,1.24,強気包み足,なし,買い,底固め,1,0.0,1542.0,1974.0,2.0,%D方向改善、陽の包み足、直近下落なし（B以下に制限）、直近安値切り上げ、RSI安値切り上げ、レンジ上限突破 / 信用需給: 信用データがデータなし、または売残0で信用倍率を算出不能,急騰済み（高RSI、BB +2σ大幅超過）,https://finance.yahoo.co.jp/quote/9119.T,データなし,データなし,データなし,データなし,データなし,データなし,データなし,データなし,6.0,0,0,6.0,244,244,信用需給は判定不能,信用データがデータなし、または売残0で信用倍率を算出不能
2026-08-18,9348,ｉｓｐａｃｅ,グロース,439.0,1.15,4.28,6.3,4.71,1.16,14.62,435.0,446.0,429.0,446.0,446.0,413.0,397.0,406.47,397.04,397.04,6,除外,81.08,80.41,18.92,54.94,419.24,479.84,496.78,+2.45σ,1.14,強気包み足,なし,買い,底固め,1,0.0,413.0,491.0,2.0,%D方向改善、陽の包み足、直近下落なし（B以下に制限）、直近安値切り上げ、ATR低下、BB幅収縮、RSI安値切り上げ、レンジ上限突破 / 信用需給: 信用データがデータなし、または売残0で信用倍率を算出不能,急騰済み（BB +2σ大幅超過）,https://finance.yahoo.co.jp/quote/9348.T,データなし,データなし,データなし,データなし,データなし,データなし,データなし,データなし,6.0,0,0,6.0,244,244,信用需給は判定不能,信用データがデータなし、または売残0で信用倍率を算出不能
2026-08-18,4776,サイボウズ,プライム,2979.0,2.06,7.16,8.33,10.74,0.62,100.98,2979.0,2997.0,2934.0,2997.0,2997.0,2701.0,2431.0,2581.95,2446.31,2446.31,6,除外,94.04,65.8,10.31,69.05,2690.08,2477.05,2525.22,+1.93σ,1.0,陰線→陽線,通常,買い,底固め / アンチ,2,0.0,2701.0,3535.0,2.0,%K反転、%D方向改善、直近下落なし（B以下に制限）、直近安値切り上げ、BB幅収縮、RSI安値切り上げ / 信用需給: 信用データがデータなし、または売残0で信用倍率を算出不能,急騰済み（25日線上方乖離）,https://finance.yahoo.co.jp/quote/4776.T,データなし,データなし,データなし,データなし,データなし,データなし,データなし,データなし,6.0,0,0,6.0,244,244,信用需給は判定不能,信用データがデータなし、または売残0で信用倍率を算出不能
2026-08-18,9534,北海道瓦斯,プライム,795.0,2.19,2.85,3.52,2.12,0.93,15.06,789.0,797.0,783.0,797.0,797.0,769.0,765.0,772.92,766.13,766.13,6,除外,93.1,34.46,15.65,60.44,778.48,770.69,797.54,+2.26σ,1.07,陰線→陽線,通常,買い,底固め / アンチ,2,0.0,769.0,847.0,2.0,%K反転、%D方向改善、直近下落なし（B以下に制限）、直近安値切り上げ、BB幅収縮、RSI安値切り上げ、レンジ上限突破 / 信用需給: 信用データがデータなし、または売残0で信用倍率を算出不能,急騰済み（BB +2σ大幅超過）,https://finance.yahoo.co.jp/quote/9534.T,データなし,データなし,データなし,データなし,データなし,データなし,データなし,データなし,6.0,0,0,6.0,244,244,信用需給は判定不能,信用データがデータなし、または売残0で信用倍率を算出不能
2026-08-18,1605,ＩＮＰＥＸ,プライム,3900.0,3.31,5.41,7.97,8.59,0.72,112.56,3868.0,3900.0,3819.0,3900.0,3900.0,3661.0,3377.0,3508.75,3387.9,3387.9,6,除外,100.0,60.38,17.01,67.34,3591.48,3604.64,3581.25,+2.24σ,0.96,陰線→陽線,通常,買い,底固め / アンチ,2,0.0,3661.0,4378.0,2.0,%K反転、%D方向改善、直近下落なし（B以下に制限）、直近安値切り上げ、BB幅収縮、RSI安値切り上げ、レンジ上限突破 / 信用需給: 信用データがデータなし、または売残0で信用倍率を算出不能,急騰済み（BB +2σ大幅超過）,https://finance.yahoo.co.jp/quote/1605.T,データなし,データなし,データなし,データなし,データなし,データなし,データなし,データなし,6.0,0,0,6.0,244,244,信用需給は判定不能,信用データがデータなし、または売残0で信用倍率を算出不能
2026-08-18,9425,ＲｅＹｕｕ　Ｊａｐａｎ,スタンダード,230.0,12.75,15.0,18.56,11.91,2.29,19.63,206.0,251.0,206.0,251.0,251.0,183.0,180.0,190.12,178.5,178.5,6,除外,69.12,52.18,14.25,59.14,205.52,213.76,341.19,+2.43σ,9.79,なし,通常,買い,底固め / アンチ,2,0.0,183.0,324.0,2.0,%K反転、%D方向改善、直近下落なし（B以下に制限）、ATR低下、BB幅収縮、出来高減少後の増加、RSI安値切り上げ、レンジ上限突破 / 信用需給: 信用データがデータなし、または売残0で信用倍率を算出不能,急騰済み（当日急騰、3営業日急騰、5営業日急騰、25日線上方乖離、BB +2σ大幅超過、ストップ高に近い急騰）,https://finance.yahoo.co.jp/quote/9425.T,データなし,データなし,データなし,データなし,データなし,データなし,データなし,データなし,6.0,0,0,6.0,244,244,信用需給は判定不能,信用データがデータなし、または売残0で信用倍率を算出不能
2026-08-18,3539,ＪＭホールディングス,プライム,1461.0,1.95,3.03,5.26,7.1,1.0,31.92,1439.0,1469.0,1437.0,1469.0,1469.0,1375.0,1314.0,1344.48,1304.95,1304.95,6,除外,92.31,60.38,9.59,72.28,1364.12,1298.11,1495.14,+1.95σ,0.44,陰線→陽線,通常,買い,底固め / アンチ,2,0.0,1375.0,1633.0,2.0,%K反転、%D方向改善、直近下落なし（B以下に制限）、直近安値切り上げ、RSI安値切り上げ、レンジ上限突破 / 信用需給: 信用データがデータなし、または売残0で信用倍率を算出不能,急騰済み（高RSI）,https://finance.yahoo.co.jp/quote/3539.T,データなし,データなし,データなし,データなし,データなし,データなし,データなし,データなし,6.0,0,0,6.0,244,244,信用需給は判定不能,信用データがデータなし、または売残0で信用倍率を算出不能
2026-08-18,5019,出光興産,プライム,1370.5,3.05,6.82,5.87,5.92,1.49,34.86,1332.5,1381.5,1329.5,1381.5,1381.5,1269.5,1228.0,1272.06,1241.77,1241.77,6,除外,90.18,58.77,18.15,64.03,1293.88,1305.69,1303.58,+2.25σ,1.27,強気包み足,なし,買い,底固め,1,0.0,1269.5,1572.5,2.0,%D方向改善、陽の包み足、直近下落なし（B以下に制限）、直近安値切り上げ、BB幅収縮、RSI安値切り上げ、レンジ上限突破 / 信用需給: 信用データがデータなし、または売残0で信用倍率を算出不能,急騰済み（BB +2σ大幅超過）,https://finance.yahoo.co.jp/quote/5019.T,データなし,データなし,データなし,データなし,データなし,データなし,データなし,データなし,6.0,0,0,6.0,244,244,信用需給は判定不能,信用データがデータなし、または売残0で信用倍率を算出不能
2026-08-18,4478,フリー,グロース,3420.0,2.09,20.25,25.6,29.07,1.19,172.97,3640.0,3475.0,3270.0,3640.0,3640.0,2716.0,2278.0,2410.44,2105.49,2105.49,6,除外,80.41,82.8,6.58,84.8,2649.8,2303.25,2541.7,+2.31σ,1.21,陰線→陽線 / 前日安値割れ反転,通常,買い,アンチ,1,0.0,2716.0,4828.0,2.0,%K反転、%D方向改善、長い下ヒゲ反転、直近下落なし（B以下に制限） / 信用需給: 信用データがデータなし、または売残0で信用倍率を算出不能,急騰済み（3営業日急騰、5営業日急騰、25日線上方乖離、高RSI、BB +2σ大幅超過）,https://finance.yahoo.co.jp/quote/4478.T,データなし,データなし,データなし,データなし,データなし,データなし,データなし,データなし,6.0,0,0,6.0,244,244,信用需給は判定不能,信用データがデータなし、または売残0で信用倍率を算出不能
2026-08-18,4396,システムサポートホールディングス,プライム,1400.0,1.97,-0.07,20.17,20.52,1.34,49.34,1421.0,1407.0,1341.0,1421.0,1447.0,1173.0,1070.0,1067.31,952.18,952.18,6,除外,84.98,74.91,5.48,77.77,1161.64,1064.28,1231.84,+1.89σ,0.99,陰線→陽線 / 前日安値割れ反転,通常,買い,アンチ,1,0.0,1173.0,1854.0,2.0,%K反転、%D方向改善、長い下ヒゲ反転、直近下落なし（B以下に制限） / 信用需給: 信用データがデータなし、または売残0で信用倍率を算出不能,急騰済み（5営業日急騰、25日線上方乖離、高RSI）,https://finance.yahoo.co.jp/quote/4396.T,データなし,データなし,データなし,データなし,データなし,データなし,データなし,データなし,6.0,0,0,6.0,244,244,信用需給は判定不能,信用データがデータなし、または売残0で信用倍率を算出不能
2026-08-18,5246,ＥＬＥＭＥＮＴＳ,グロース,868.0,2.36,3.33,8.09,12.73,1.31,38.95,859.0,893.0,842.0,893.0,893.0,794.0,705.0,749.64,710.18,710.18,6,除外,77.48,78.48,12.16,75.09,770.0,668.91,653.08,+2.00σ,1.1,陰線→陽線,通常,買い,底固め / アンチ,2,0.0,794.0,1016.0,2.0,%K反転、%D方向改善、直近下落なし（B以下に制限）、直近安値切り上げ、BB幅収縮、RSI安値切り上げ / 信用需給: 信用データがデータなし、または売残0で信用倍率を算出不能,急騰済み（25日線上方乖離、高RSI）,https://finance.yahoo.co.jp/quote/5246.T,データなし,データなし,データなし,データなし,データなし,データなし,データなし,データなし,6.0,0,0,6.0,244,244,信用需給は判定不能,信用データがデータなし、または売残0で信用倍率を算出不能
2026-08-18,5703,日本軽金属ホールディングス,プライム,3085.0,2.83,5.04,4.65,10.45,0.85,100.24,3050.0,3140.0,3055.0,3140.0,3140.0,2908.0,2530.0,2662.08,2510.61,2510.61,6,除外,79.4,80.3,5.65,69.27,2793.24,2915.01,2760.0,+1.79σ,0.81,なし,通常,買い,底固め / アンチ,2,0.0,2908.0,3439.0,2.0,%K反転、%D方向改善、直近下落なし（B以下に制限）、直近安値切り上げ、RSI安値切り上げ、レンジ上限突破 / 信用需給: 信用データがデータなし、または売残0で信用倍率を算出不能,急騰済み（25日線上方乖離）,https://finance.yahoo.co.jp/quote/5703.T,データなし,データなし,データなし,データなし,データなし,データなし,データなし,データなし,6.0,0,0,6.0,244,244,信用需給は判定不能,信用データがデータなし、または売残0で信用倍率を算出不能
2026-08-18,6027,弁護士ドットコム,プライム,3740.0,11.31,18.73,54.16,47.82,2.55,213.33,3580.0,4000.0,3455.0,4000.0,4000.0,2474.0,2169.0,2076.51,1587.32,1587.32,6,除外,84.13,81.89,3.16,76.22,2530.04,2432.2,2696.96,+2.40σ,2.97,陰線→陽線,強,買い,アンチ,1,0.0,2474.0,6272.0,2.0,%K反転、%D方向改善、出来高増加を伴う反転、直近下落なし（B以下に制限） / 信用需給: 信用データがデータなし、または売残0で信用倍率を算出不能,急騰済み（当日急騰、3営業日急騰、5営業日急騰、25日線上方乖離、高RSI、BB +2σ大幅超過、ストップ高に近い急騰）,https://finance.yahoo.co.jp/quote/6027.T,データなし,データなし,データなし,データなし,データなし,データなし,データなし,データなし,6.0,0,0,6.0,244,244,信用需給は判定不能,信用データがデータなし、または売残0で信用倍率を算出不能
2026-08-18,5970,ジーテクト,プライム,2382.0,1.88,4.43,4.2,9.63,1.29,47.45,2356.0,2392.0,2331.0,2392.0,2392.0,2250.0,2090.0,2111.1,2027.39,2027.39,6,除外,94.08,69.23,10.72,75.44,2172.76,2084.27,1994.48,+2.24σ,1.34,なし,通常,買い,底固め / アンチ,2,0.0,2250.0,2646.0,2.0,%K反転、%D方向改善、直近下落なし（B以下に制限）、直近安値切り上げ、RSI安値切り上げ、レンジ上限突破 / 信用需給: 信用データがデータなし、または売残0で信用倍率を算出不能,急騰済み（高RSI、BB +2σ大幅超過）,https://finance.yahoo.co.jp/quote/5970.T,データなし,データなし,データなし,データなし,データなし,データなし,データなし,データなし,6.0,0,0,6.0,244,244,信用需給は判定不能,信用データがデータなし、または売残0で信用倍率を算出不能
2026-08-18,3034,クオールホールディングス,プライム,2613.0,1.71,5.79,8.02,19.15,1.15,94.32,2619.0,2635.0,2527.0,2635.0,2655.0,2360.0,1997.0,2017.34,1811.17,1811.17,6,除外,92.99,58.73,17.19,77.23,2193.04,1967.35,2007.02,+1.89σ,1.07,陰線→陽線 / 前日安値割れ反転,通常,買い,アンチ,1,0.0,2360.0,3119.0,2.0,%K反転、%D方向改善、長い下ヒゲ反転、直近下落なし（B以下に制限） / 信用需給: 信用データがデータなし、または売残0で信用倍率を算出不能,急騰済み（25日線上方乖離、高RSI）,https://finance.yahoo.co.jp/quote/3034.T,データなし,データなし,データなし,データなし,データなし,データなし,データなし,データなし,6.0,0,0,6.0,244,244,信用需給は判定不能,信用データがデータなし、または売残0で信用倍率を算出不能
2026-08-18,8098,稲畑産業,プライム,4235.0,1.56,2.67,3.04,5.0,1.24,68.28,4230.0,4245.0,4160.0,4245.0,4245.0,4105.0,3890.0,3976.26,3897.76,3897.76,6,除外,95.74,77.52,17.48,73.98,4033.2,3929.8,3886.7,+2.30σ,0.81,陰線→陽線,通常,買い,底固め / アンチ,2,0.0,4105.0,4495.0,2.0,%K反転、%D方向改善、直近下落なし（B以下に制限）、直近安値切り上げ、RSI安値切り上げ、レンジ上限突破 / 信用需給: 信用データがデータなし、または売残0で信用倍率を算出不能,急騰済み（高RSI、BB +2σ大幅超過）,https://finance.yahoo.co.jp/quote/8098.T,データなし,データなし,データなし,データなし,データなし,データなし,データなし,データなし,6.0,0,0,6.0,244,244,信用需給は判定不能,信用データがデータなし、または売残0で信用倍率を算出不能
2026-08-18,8399,琉球銀行,プライム,3370.0,1.81,5.48,10.67,12.45,0.63,111.03,3355.0,3410.0,3340.0,3410.0,3410.0,3015.0,2734.0,2897.09,2751.42,2751.42,6,除外,89.87,81.58,14.62,75.67,2997.0,2706.6,2301.95,+2.25σ,0.73,なし,通常,買い,底固め / アンチ,2,0.0,3015.0,4080.0,2.0,%K反転、%D方向改善、直近下落なし（B以下に制限）、直近安値切り上げ、BB幅収縮、RSI安値切り上げ、レンジ上限突破 / 信用需給: 信用データがデータなし、または売残0で信用倍率を算出不能,急騰済み（25日線上方乖離、高RSI、BB +2σ大幅超過）,https://finance.yahoo.co.jp/quote/8399.T,データなし,データなし,データなし,データなし,データなし,データなし,データなし,データなし,6.0,0,0,6.0,244,244,信用需給は判定不能,信用データがデータなし、または売残0で信用倍率を算出不能
2026-08-18,7184,富山第一銀行,プライム,3315.0,1.84,1.53,11.65,10.29,0.57,139.96,3350.0,3370.0,3290.0,3370.0,3390.0,3000.0,2698.0,2927.69,2791.92,2791.92,6,除外,83.15,71.71,14.69,64.38,3005.68,2708.01,2348.78,+1.85σ,0.87,陰線→陽線,通常,買い,底固め / アンチ,2,0.0,3000.0,3945.0,2.0,%K反転、%D方向改善、直近下落なし（B以下に制限）、直近安値切り上げ、BB幅収縮、RSI安値切り上げ / 信用需給: 信用データがデータなし、または売残0で信用倍率を算出不能,急騰済み（25日線上方乖離）,https://finance.yahoo.co.jp/quote/7184.T,データなし,データなし,データなし,データなし,データなし,データなし,データなし,データなし,6.0,0,0,6.0,244,244,信用需給は判定不能,信用データがデータなし、または売残0で信用倍率を算出不能
2026-08-18,7280,ミツバ,プライム,1304.0,1.48,5.93,8.4,9.52,0.91,39.35,1289.0,1317.0,1281.0,1317.0,1317.0,1188.0,1123.0,1155.73,1114.51,1114.51,6,除外,91.33,77.66,6.55,69.68,1190.64,1183.4,1168.04,+2.60σ,0.93,強気包み足,なし,買い,底固め,1,0.0,1188.0,1536.0,2.0,%D方向改善、陽の包み足、直近下落なし（B以下に制限）、直近安値切り上げ、BB幅収縮、RSI安値切り上げ、レンジ上限突破 / 信用需給: 信用データがデータなし、または売残0で信用倍率を算出不能,急騰済み（BB +2σ大幅超過）,https://finance.yahoo.co.jp/quote/7280.T,データなし,データなし,データなし,データなし,データなし,データなし,データなし,データなし,6.0,0,0,6.0,244,244,信用需給は判定不能,信用データがデータなし、または売残0で信用倍率を算出不能
2026-08-18,7011,三菱重工業,プライム,4370.0,0.46,2.68,9.14,10.74,0.95,152.59,4363.0,4439.0,4294.0,4439.0,4439.0,4006.0,3621.0,3799.49,3608.23,3608.23,6,除外,86.58,83.59,19.2,70.1,3946.04,3929.36,4271.56,+1.98σ,1.04,強気包み足,なし,買い,底固め,1,0.0,4006.0,5098.0,2.0,%D方向改善、陽の包み足、直近下落なし（B以下に制限）、直近安値切り上げ、RSI安値切り上げ、レンジ上限突破 / 信用需給: 信用データがデータなし、または売残0で信用倍率を算出不能,急騰済み（25日線上方乖離）,https://finance.yahoo.co.jp/quote/7011.T,データなし,データなし,データなし,データなし,データなし,データなし,データなし,データなし,6.0,0,0,6.0,244,244,信用需給は判定不能,信用データがデータなし、または売残0で信用倍率を算出不能
2026-08-18,4114,日本触媒,プライム,2696.5,1.09,1.81,3.99,18.7,0.89,72.78,2704.0,2696.5,2631.5,2704.0,2725.5,2571.5,2079.5,2085.47,1853.21,1853.21,6,除外,94.33,82.89,10.26,85.76,2271.76,2144.99,2133.45,+1.63σ,0.83,陰線→陽線 / 前日安値割れ反転,通常,買い,アンチ,1,0.0,2571.5,2946.5,2.0,%K反転、%D方向改善、長い下ヒゲ反転、直近下落なし（B以下に制限） / 信用需給: 信用データがデータなし、または売残0で信用倍率を算出不能,急騰済み（25日線上方乖離、高RSI）,https://finance.yahoo.co.jp/quote/4114.T,データなし,データなし,データなし,データなし,データなし,データなし,データなし,データなし,6.0,0,0,6.0,244,244,信用需給は判定不能,信用データがデータなし、または売残0で信用倍率を算出不能
2026-08-18,2734,サーラコーポレーション,プライム,1230.0,1.91,3.36,5.76,6.24,1.08,23.99,1220.0,1233.0,1207.0,1233.0,1233.0,1166.0,1120.0,1135.44,1109.73,1109.73,6,除外,96.51,66.35,8.74,74.76,1157.72,1073.04,1088.16,+2.68σ,0.82,なし,通常,買い,底固め / アンチ,2,0.0,1166.0,1358.0,2.0,%K反転、%D方向改善、直近下落なし（B以下に制限）、直近安値切り上げ、BB幅収縮、RSI安値切り上げ、レンジ上限突破 / 信用需給: 信用データがデータなし、または売残0で信用倍率を算出不能,急騰済み（高RSI、BB +2σ大幅超過）,https://finance.yahoo.co.jp/quote/2734.T,データなし,データなし,データなし,データなし,データなし,データなし,データなし,データなし,6.0,0,0,6.0,244,244,信用需給は判定不能,信用データがデータなし、または売残0で信用倍率を算出不能
2026-08-18,2962,テクニスコ,スタンダード,1659.0,22.08,16.42,30.94,28.66,0.07,133.76,1398.0,1659.0,1650.0,1659.0,1659.0,1261.0,1063.0,1148.35,1011.66,1011.66,6,除外,100.0,78.38,16.3,66.62,1289.48,1236.43,866.11,+2.74σ,1.49,なし,強,買い,底固め / アンチ,2,0.0,1261.0,2455.0,2.0,%K反転、%D方向改善、直近下落なし（B以下に制限）、直近安値切り上げ、ATR低下、BB幅収縮、出来高減少後の増加、RSI安値切り上げ、レンジ上限突破 / 信用需給: 信用データがデータなし、または売残0で信用倍率を算出不能,急騰済み（当日急騰、3営業日急騰、5営業日急騰、25日線上方乖離、BB +2σ大幅超過）,https://finance.yahoo.co.jp/quote/2962.T,データなし,データなし,データなし,データなし,データなし,データなし,データなし,データなし,6.0,0,0,6.0,244,244,信用需給は判定不能,信用データがデータなし、または売残0で信用倍率を算出不能
2026-08-18,4996,クミアイ化学工業,プライム,774.0,1.31,1.71,2.11,4.34,1.44,11.77,769.0,781.0,764.0,781.0,781.0,754.0,726.0,733.05,720.3,720.3,5,除外,78.79,77.54,2.82,71.18,741.8,741.88,728.18,+2.21σ,1.17,強気包み足,なし,買い,底固め,1,0.0,754.0,814.0,2.0,陽の包み足、直近下落なし（B以下に制限）、直近安値切り上げ、RSI安値切り上げ、レンジ上限突破 / 信用需給: 信用データがデータなし、または売残0で信用倍率を算出不能,急騰済み（BB +2σ大幅超過）,https://finance.yahoo.co.jp/quote/4996.T,データなし,データなし,データなし,データなし,データなし,データなし,データなし,データなし,5.0,0,0,5.0,334,334,信用需給は判定不能,信用データがデータなし、または売残0で信用倍率を算出不能
2026-08-18,6769,ザインエレクトロニクス,スタンダード,1154.0,1.23,5.77,8.05,11.56,0.98,54.19,1147.0,1175.0,1122.0,1175.0,1175.0,1054.0,902.0,977.57,914.69,914.69,5,除外,86.88,87.78,13.38,61.6,1034.4,1110.75,951.68,+1.81σ,0.49,長い下ヒゲ（ハンマー）,なし,買い,底固め,1,0.0,1054.0,1354.0,2.0,%D方向改善、長い下ヒゲ反転、直近下落なし（B以下に制限）、直近安値切り上げ、ATR低下、RSI安値切り上げ、レンジ上限突破 / 信用需給: 信用データがデータなし、または売残0で信用倍率を算出不能,急騰済み（25日線上方乖離）,https://finance.yahoo.co.jp/quote/6769.T,データなし,データなし,データなし,データなし,データなし,データなし,データなし,データなし,5.0,0,0,5.0,334,334,信用需給は判定不能,信用データがデータなし、または売残0で信用倍率を算出不能
2026-08-18,8061,西華産業,プライム,3070.0,0.99,-0.81,-3.61,10.23,0.83,132.66,3110.0,3165.0,3055.0,3165.0,3165.0,3005.0,2414.0,2598.17,2371.18,2371.18,5,除外,66.51,80.83,1.36,61.78,2784.96,2917.95,2663.92,+1.08σ,0.85,なし,通常,買い,アンチ,1,0.0,2871.01,3467.98,2.0,直近2～5日まで下落、%K反転 / 信用需給: 信用データがデータなし、または売残0で信用倍率を算出不能,急騰済み（25日線上方乖離）,https://finance.yahoo.co.jp/quote/8061.T,データなし,データなし,データなし,データなし,データなし,データなし,データなし,データなし,5.0,0,0,5.0,334,334,信用需給は判定不能,信用データがデータなし、または売残0で信用倍率を算出不能
2026-08-18,4208,ＵＢＥ,プライム,3669.0,0.44,1.72,3.24,10.36,0.51,88.09,3665.0,3681.0,3636.0,3681.0,3693.0,3546.0,3089.0,3159.92,2968.48,2968.48,4,除外,89.72,80.67,20.41,74.24,3324.44,3052.93,2735.13,+1.66σ,0.75,なし,通常,買い,アンチ,1,0.0,3536.86,3933.27,2.0,%K反転、%D方向改善、直近下落なし（B以下に制限） / 信用需給: 信用データがデータなし、または売残0で信用倍率を算出不能,急騰済み（25日線上方乖離、高RSI）,https://finance.yahoo.co.jp/quote/4208.T,データなし,データなし,データなし,データなし,データなし,データなし,データなし,データなし,4.0,0,0,4.0,349,349,信用需給は判定不能,信用データがデータなし、または売残0で信用倍率を算出不能
2026-08-18,8346,東邦銀行,プライム,1009.0,0.7,2.02,8.73,11.7,0.67,31.2,1015.0,1026.0,1005.0,1026.0,1026.0,926.0,821.0,870.44,820.57,820.57,4,除外,83.33,82.4,17.54,71.22,903.28,804.95,673.22,+1.78σ,0.77,陰線→陽線,通常,買い,アンチ,1,0.0,926.0,1175.0,2.0,%K反転、%D方向改善、直近下落なし（B以下に制限） / 信用需給: 信用データがデータなし、または売残0で信用倍率を算出不能,急騰済み（25日線上方乖離）,https://finance.yahoo.co.jp/quote/8346.T,データなし,データなし,データなし,データなし,データなし,データなし,データなし,データなし,4.0,0,0,4.0,349,349,信用需給は判定不能,信用データがデータなし、または売残0で信用倍率を算出不能
2026-08-18,8368,百五銀行,プライム,2341.0,1.56,2.77,13.64,11.54,0.57,89.73,2344.0,2382.0,2331.0,2382.0,2382.0,2078.0,1835.0,1988.09,1865.19,1865.19,4,除外,87.27,79.97,11.84,66.1,2098.72,1993.95,1585.04,+1.87σ,0.92,陰線→陽線,通常,買い,アンチ,1,0.0,2078.0,2867.0,2.0,%K反転、%D方向改善、直近下落なし（B以下に制限） / 信用需給: 信用データがデータなし、または売残0で信用倍率を算出不能,急騰済み（25日線上方乖離）,https://finance.yahoo.co.jp/quote/8368.T,データなし,データなし,データなし,データなし,データなし,データなし,データなし,データなし,4.0,0,0,4.0,349,349,信用需給は判定不能,信用データがデータなし、または売残0で信用倍率を算出不能
2026-08-18,7241,フタバ産業,プライム,1108.0,1.0,3.84,5.22,7.61,0.85,20.05,1108.0,1114.0,1097.0,1114.0,1114.0,1041.0,988.0,1013.2,984.3,984.3,4,除外,92.41,77.93,3.83,75.88,1029.6,996.19,1016.22,+2.28σ,0.76,陰線→陽線,通常,買い,アンチ,1,0.0,1041.0,1242.0,2.0,%K反転、%D方向改善、直近下落なし（B以下に制限） / 信用需給: 信用データがデータなし、または売残0で信用倍率を算出不能,急騰済み（高RSI、BB +2σ大幅超過）,https://finance.yahoo.co.jp/quote/7241.T,データなし,データなし,データなし,データなし,データなし,データなし,データなし,データなし,4.0,0,0,4.0,349,349,信用需給は判定不能,信用データがデータなし、または売残0で信用倍率を算出不能
2026-08-18,3676,デジタルハーツホールディングス,プライム,1059.0,0.09,0.09,0.57,28.51,0.08,24.78,1059.0,1060.0,1058.0,1060.0,1060.0,1056.0,715.0,705.39,563.48,563.48,4,除外,99.36,83.02,8.77,90.64,824.08,770.44,860.99,+1.49σ,2.15,なし,通常,買い,アンチ,1,0.0,1021.83,1133.34,2.0,%K反転、%D方向改善、直近下落なし（B以下に制限） / 信用需給: 信用データがデータなし、または売残0で信用倍率を算出不能,急騰済み（25日線上方乖離、高RSI）,https://finance.yahoo.co.jp/quote/3676.T,データなし,データなし,データなし,データなし,データなし,データなし,データなし,データなし,4.0,0,0,4.0,349,349,信用需給は判定不能,信用データがデータなし、または売残0で信用倍率を算出不能
2026-08-18,7381,ＣＣＩグループ,プライム,1302.0,2.52,3.58,7.96,12.02,0.99,43.49,1288.0,1314.0,1271.0,1314.0,1314.0,1206.0,1040.0,1119.47,1058.54,1058.54,4,除外,91.11,85.54,12.63,72.74,1162.28,1062.36,935.49,+2.00σ,0.84,なし,強,買い,アンチ,1,0.0,1206.0,1494.0,2.0,%K反転、%D方向改善、直近下落なし（B以下に制限） / 信用需給: 信用データがデータなし、または売残0で信用倍率を算出不能,急騰済み（25日線上方乖離、高RSI）,https://finance.yahoo.co.jp/quote/7381.T,データなし,データなし,データなし,データなし,データなし,データなし,データなし,データなし,4.0,0,0,4.0,349,349,信用需給は判定不能,信用データがデータなし、または売残0で信用倍率を算出不能
2026-08-18,9934,因幡電機産業,プライム,3049.0,0.36,0.03,0.49,6.01,0.64,60.84,3084.0,3079.0,3040.0,3084.0,3084.0,2998.0,2741.5,2799.92,2690.38,2690.38,4,除外,68.8,79.08,4.18,77.24,2876.04,2768.93,2643.92,+1.27σ,0.72,はらみ足,通常,買い,アンチ,1,0.0,2957.74,3231.52,2.0,%K反転、%D方向改善、直近下落なし（B以下に制限） / 信用需給: 信用データがデータなし、または売残0で信用倍率を算出不能,急騰済み（高RSI）,https://finance.yahoo.co.jp/quote/9934.T,データなし,データなし,データなし,データなし,データなし,データなし,データなし,データなし,4.0,0,0,4.0,349,349,信用需給は判定不能,信用データがデータなし、または売残0で信用倍率を算出不能
2026-08-18,1879,新日本建設,プライム,2334.0,0.86,2.59,3.83,8.16,0.64,48.51,2326.0,2358.0,2327.0,2358.0,2358.0,2210.0,2044.0,2091.56,2001.36,2001.36,3,除外,83.78,84.41,5.76,72.4,2157.96,2159.92,2045.7,+1.69σ,0.8,なし,なし,買い,底固め,1,0.0,2210.0,2582.0,2.0,%D方向改善、直近下落なし（B以下に制限）、直近安値切り上げ、RSI安値切り上げ、レンジ上限突破 / 信用需給: 信用データがデータなし、または売残0で信用倍率を算出不能,急騰済み（高RSI）,https://finance.yahoo.co.jp/quote/1879.T,データなし,データなし,データなし,データなし,データなし,データなし,データなし,データなし,3.0,0,0,3.0,391,391,信用需給は判定不能,信用データがデータなし、または売残0で信用倍率を算出不能
2026-08-18,1887,日本国土開発,プライム,545.0,-0.73,4.01,4.21,4.29,0.93,9.72,551.0,550.0,541.0,551.0,551.0,520.0,507.0,512.56,502.77,502.77,3,除外,80.65,81.09,7.81,64.41,522.6,537.2,571.01,+2.31σ,1.07,はらみ足,なし,買い,底固め,1,0.0,520.0,595.0,2.0,%D方向改善、直近下落なし（B以下に制限）、直近安値切り上げ、ATR低下、BB幅収縮、RSI安値切り上げ / 信用需給: 信用データがデータなし、または売残0で信用倍率を算出不能,急騰済み（BB +2σ大幅超過）,https://finance.yahoo.co.jp/quote/1887.T,データなし,データなし,データなし,データなし,データなし,データなし,データなし,データなし,3.0,0,0,3.0,391,391,信用需給は判定不能,信用データがデータなし、または売残0で信用倍率を算出不能
2026-08-18,9506,東北電力,プライム,1306.0,3.9,5.45,7.22,10.59,2.14,27.53,1265.0,1320.0,1261.0,1320.0,1320.0,1214.5,1126.5,1155.01,1112.67,1112.67,3,除外,87.16,84.05,7.95,85.83,1180.98,1088.17,1125.04,+2.57σ,1.53,なし,なし,買い,底固め,1,0.0,1214.5,1489.0,2.0,%D方向改善、直近下落なし（B以下に制限）、直近安値切り上げ、出来高減少後の増加、RSI安値切り上げ、レンジ上限突破 / 信用需給: 信用データがデータなし、または売残0で信用倍率を算出不能,急騰済み（25日線上方乖離、高RSI、BB +2σ大幅超過）,https://finance.yahoo.co.jp/quote/9506.T,データなし,データなし,データなし,データなし,データなし,データなし,データなし,データなし,3.0,0,0,3.0,391,391,信用需給は判定不能,信用データがデータなし、または売残0で信用倍率を算出不能
2026-08-18,7389,あいちフィナンシャルグループ,プライム,1859.0,-0.16,6.23,18.18,8.09,0.72,86.45,1926.0,1915.0,1853.0,1926.0,1926.0,1586.0,1573.0,1649.8,1553.1,1553.1,3,除外,81.02,47.72,18.93,64.24,1719.8,1519.48,1267.58,+1.16σ,1.03,はらみ足,なし,買い,底固め,1,0.0,1586.0,2405.0,2.0,%D方向改善、直近下落なし（B以下に制限）、直近安値切り上げ、BB幅収縮、RSI安値切り上げ / 信用需給: 信用データがデータなし、または売残0で信用倍率を算出不能,急騰済み（5営業日急騰）,https://finance.yahoo.co.jp/quote/7389.T,データなし,データなし,データなし,データなし,データなし,データなし,データなし,データなし,3.0,0,0,3.0,391,391,信用需給は判定不能,信用データがデータなし、または売残0で信用倍率を算出不能
2026-08-18,7868,広済堂ホールディングス,プライム,581.0,0.69,8.19,10.88,9.33,0.67,19.33,577.0,587.0,574.0,587.0,587.0,518.0,493.0,509.47,489.63,489.63,3,除外,93.26,84.01,21.61,67.21,531.44,563.65,506.04,+2.61σ,1.3,なし,なし,買い,底固め,1,0.0,518.0,707.0,2.0,%D方向改善、直近下落なし（B以下に制限）、直近安値切り上げ、ATR低下、RSI安値切り上げ、レンジ上限突破 / 信用需給: 信用データがデータなし、または売残0で信用倍率を算出不能,急騰済み（BB +2σ大幅超過）,https://finance.yahoo.co.jp/quote/7868.T,データなし,データなし,データなし,データなし,データなし,データなし,データなし,データなし,3.0,0,0,3.0,391,391,信用需給は判定不能,信用データがデータなし、または売残0で信用倍率を算出不能
2026-08-18,4062,イビデン,プライム,20875.0,-3.27,-3.18,5.01,15.71,0.83,1907.97,21610.0,22330.0,20755.0,22330.0,22500.0,19760.0,12980.0,15633.64,13171.79,13171.79,3,除外,62.43,79.65,8.41,55.76,18040.4,19371.2,12032.38,+1.13σ,0.83,なし,なし,買い,底固め,1,0.0,18013.05,26598.91,2.0,%D方向改善、直近下落なし（B以下に制限）、直近安値切り上げ、BB幅収縮、RSI安値切り上げ / 信用需給: 信用データがデータなし、または売残0で信用倍率を算出不能,急騰済み（25日線上方乖離）,https://finance.yahoo.co.jp/quote/4062.T,データなし,データなし,データなし,データなし,データなし,データなし,データなし,データなし,3.0,0,0,3.0,391,391,信用需給は判定不能,信用データがデータなし、または売残0で信用倍率を算出不能
2026-08-18,9227,マイクロ波化学,グロース,960.0,-0.21,5.03,7.62,11.02,1.39,49.55,971.0,1015.0,946.0,1015.0,1015.0,880.0,773.0,824.93,774.3,774.3,3,除外,60.99,61.14,14.31,62.49,864.68,906.41,915.08,+1.67σ,0.74,なし,なし,買い,底固め,1,0.0,880.0,1120.0,2.0,%D方向改善、直近下落なし（B以下に制限）、直近安値切り上げ、BB幅収縮、RSI安値切り上げ / 信用需給: 信用データがデータなし、または売残0で信用倍率を算出不能,急騰済み（25日線上方乖離）,https://finance.yahoo.co.jp/quote/9227.T,データなし,データなし,データなし,データなし,データなし,データなし,データなし,データなし,3.0,0,0,3.0,391,391,信用需給は判定不能,信用データがデータなし、または売残0で信用倍率を算出不能
2026-08-18,9104,商船三井,プライム,6881.0,3.8,9.59,9.59,15.47,1.73,176.14,6673.0,6950.0,6645.0,6950.0,6950.0,6137.0,5611.0,5767.99,5465.87,5465.87,3,除外,92.51,89.85,11.51,78.81,5959.12,5693.47,5411.23,+2.68σ,1.86,なし,なし,買い,底固め,1,0.0,6137.0,8369.0,2.0,%D方向改善、直近下落なし（B以下に制限）、直近安値切り上げ、RSI安値切り上げ、レンジ上限突破 / 信用需給: 信用データがデータなし、または売残0で信用倍率を算出不能,急騰済み（25日線上方乖離、高RSI、BB +2σ大幅超過）,https://finance.yahoo.co.jp/quote/9104.T,データなし,データなし,データなし,データなし,データなし,データなし,データなし,データなし,3.0,0,0,3.0,391,391,信用需給は判定不能,信用データがデータなし、または売残0で信用倍率を算出不能
2026-08-18,6834,精工技研,スタンダード,25920.0,-6.09,4.6,23.02,21.61,1.2,2228.31,27600.0,28250.0,25570.0,28250.0,28250.0,21480.0,15660.0,18402.54,15421.09,15421.09,3,除外,70.24,80.51,12.01,58.04,21313.2,25878.4,20829.6,+1.52σ,1.26,なし,なし,買い,底固め,1,0.0,21480.0,34800.0,2.0,%D方向改善、直近下落なし（B以下に制限）、直近安値切り上げ、BB幅収縮、RSI安値切り上げ / 信用需給: 信用データがデータなし、または売残0で信用倍率を算出不能,急騰済み（5営業日急騰、25日線上方乖離）,https://finance.yahoo.co.jp/quote/6834.T,データなし,データなし,データなし,データなし,データなし,データなし,データなし,データなし,3.0,0,0,3.0,391,391,信用需給は判定不能,信用データがデータなし、または売残0で信用倍率を算出不能
2026-08-18,6522,アスタリスク,グロース,2025.0,-2.69,6.52,13.89,18.92,0.73,229.39,2234.0,2103.0,1936.0,2234.0,2301.0,1717.0,1228.0,1488.46,1274.02,1274.02,3,除外,55.84,72.57,11.71,59.12,1702.76,1309.45,831.6,+1.50σ,0.69,なし,なし,買い,底固め,1,0.0,1680.91,2713.17,2.0,%D方向改善、直近下落なし（B以下に制限）、直近安値切り上げ、BB幅収縮、RSI安値切り上げ / 信用需給: 信用データがデータなし、または売残0で信用倍率を算出不能,急騰済み（25日線上方乖離）,https://finance.yahoo.co.jp/quote/6522.T,データなし,データなし,データなし,データなし,データなし,データなし,データなし,データなし,3.0,0,0,3.0,391,391,信用需給は判定不能,信用データがデータなし、または売残0で信用倍率を算出不能
2026-08-18,8358,スルガ銀行,プライム,2943.0,1.38,2.19,6.82,8.15,1.13,86.88,2923.0,3015.0,2917.0,3015.0,3015.0,2679.0,2518.0,2636.02,2535.08,2535.08,3,除外,79.07,78.31,15.17,73.44,2721.12,2486.68,2102.84,+2.04σ,1.1,なし,なし,買い,底固め,1,0.0,2679.0,3471.0,2.0,%D方向改善、直近下落なし（B以下に制限）、直近安値切り上げ、BB幅収縮、RSI安値切り上げ / 信用需給: 信用データがデータなし、または売残0で信用倍率を算出不能,急騰済み（高RSI）,https://finance.yahoo.co.jp/quote/8358.T,データなし,データなし,データなし,データなし,データなし,データなし,データなし,データなし,3.0,0,0,3.0,391,391,信用需給は判定不能,信用データがデータなし、または売残0で信用倍率を算出不能
2026-08-18,8995,誠建設工業,スタンダード,2380.0,20.2,85.94,109.51,119.14,0.0,181.67,1980.0,2380.0,2380.0,2380.0,2380.0,1101.0,790.0,754.49,355.32,355.32,3,除外,100.0,66.73,14.35,85.11,1086.04,982.8,1113.99,+3.07σ,0.13,なし,なし,買い,底固め,1,0.0,1101.0,4938.0,2.0,%D方向改善、直近下落なし（B以下に制限）、直近安値切り上げ、RSI安値切り上げ、レンジ上限突破 / 信用需給: 信用データがデータなし、または売残0で信用倍率を算出不能,急騰済み（当日急騰、3営業日急騰、5営業日急騰、25日線上方乖離、高RSI、BB +2σ大幅超過）,https://finance.yahoo.co.jp/quote/8995.T,データなし,データなし,データなし,データなし,データなし,データなし,データなし,データなし,3.0,0,0,3.0,391,391,信用需給は判定不能,信用データがデータなし、または売残0で信用倍率を算出不能
2026-08-18,5838,楽天銀行,プライム,6308.0,1.41,6.63,11.61,11.83,0.93,242.9,6291.0,6486.0,6260.0,6486.0,6486.0,5562.0,5192.0,5369.88,5091.92,5091.92,3,除外,81.72,77.58,14.93,68.64,5640.8,5498.55,6482.94,+2.37σ,1.08,なし,なし,買い,底固め,1,0.0,5562.0,7800.0,2.0,%D方向改善、直近下落なし（B以下に制限）、直近安値切り上げ、BB幅収縮、RSI安値切り上げ / 信用需給: 信用データがデータなし、または売残0で信用倍率を算出不能,急騰済み（25日線上方乖離、BB +2σ大幅超過）,https://finance.yahoo.co.jp/quote/5838.T,データなし,データなし,データなし,データなし,データなし,データなし,データなし,データなし,3.0,0,0,3.0,391,391,信用需給は判定不能,信用データがデータなし、または売残0で信用倍率を算出不能
2026-08-18,5985,サンコール,スタンダード,2434.0,3.22,19.96,39.09,61.63,0.93,158.49,2359.0,2482.0,2335.0,2482.0,2482.0,1830.0,1055.0,1121.57,710.39,710.39,3,除外,96.03,93.41,9.75,79.49,1505.88,1640.28,1388.1,+2.19σ,1.67,なし,なし,買い,底固め,1,0.0,1830.0,3642.0,2.0,%D方向改善、直近下落なし（B以下に制限）、直近安値切り上げ、RSI安値切り上げ、レンジ上限突破 / 信用需給: 信用データがデータなし、または売残0で信用倍率を算出不能,急騰済み（3営業日急騰、5営業日急騰、25日線上方乖離、高RSI）,https://finance.yahoo.co.jp/quote/5985.T,データなし,データなし,データなし,データなし,データなし,データなし,データなし,データなし,3.0,0,0,3.0,391,391,信用需給は判定不能,信用データがデータなし、または売残0で信用倍率を算出不能
2026-08-18,6016,ジャパンエンジンコーポレーション,スタンダード,10190.0,2.41,3.77,10.76,10.25,0.82,582.23,10090.0,10490.0,10010.0,10490.0,10490.0,9150.0,8310.0,9010.31,8599.61,8599.61,3,除外,82.04,69.73,6.87,62.66,9242.4,9152.27,11755.75,+1.87σ,0.9,なし,なし,買い,底固め,1,0.0,9150.0,12270.0,2.0,%D方向改善、直近下落なし（B以下に制限）、直近安値切り上げ、BB幅収縮、RSI安値切り上げ、レンジ上限突破 / 信用需給: 信用データがデータなし、または売残0で信用倍率を算出不能,急騰済み（25日線上方乖離）,https://finance.yahoo.co.jp/quote/6016.T,データなし,データなし,データなし,データなし,データなし,データなし,データなし,データなし,3.0,0,0,3.0,391,391,信用需給は判定不能,信用データがデータなし、または売残0で信用倍率を算出不能
2026-08-18,2585,ライフドリンク　カンパニー,プライム,1658.0,-1.07,11.5,9.51,10.71,0.87,88.86,1896.0,1708.0,1631.0,1896.0,1896.0,1480.0,1388.0,1415.52,1323.8,1323.8,3,除外,44.78,64.29,6.18,59.65,1497.64,1541.52,1588.64,+1.64σ,1.28,なし,なし,買い,底固め,1,0.0,1480.0,2014.0,2.0,%D方向改善、直近下落なし（B以下に制限）、直近安値切り上げ、BB幅収縮、RSI安値切り上げ / 信用需給: 信用データがデータなし、または売残0で信用倍率を算出不能,急騰済み（25日線上方乖離）,https://finance.yahoo.co.jp/quote/2585.T,データなし,データなし,データなし,データなし,データなし,データなし,データなし,データなし,3.0,0,0,3.0,391,391,信用需給は判定不能,信用データがデータなし、または売残0で信用倍率を算出不能
2026-08-18,6327,北川精機,スタンダード,3935.0,-1.25,8.1,22.59,5.81,0.8,515.04,4025.0,4110.0,3700.0,4110.0,4110.0,3110.0,2615.0,2996.26,2553.47,2553.47,3,除外,84.43,75.81,19.8,50.54,3718.84,4259.27,2366.1,+1.12σ,2.19,なし,なし,買い,底固め,1,0.0,3110.0,5585.0,2.0,%D方向改善、直近下落なし（B以下に制限）、直近安値切り上げ、ATR低下、BB幅収縮、RSI安値切り上げ / 信用需給: 信用データがデータなし、または売残0で信用倍率を算出不能,急騰済み（5営業日急騰）,https://finance.yahoo.co.jp/quote/6327.T,データなし,データなし,データなし,データなし,データなし,データなし,データなし,データなし,3.0,0,0,3.0,391,391,信用需給は判定不能,信用データがデータなし、または売残0で信用倍率を算出不能
2026-08-18,6217,津田駒工業,スタンダード,884.0,-4.74,11.06,9.81,16.68,0.69,72.58,956.0,927.0,877.0,956.0,956.0,785.0,629.0,692.34,622.48,622.48,3,除外,69.36,80.73,13.82,56.06,757.64,1124.43,757.8,+1.74σ,1.23,はらみ足,なし,買い,底固め,1,0.0,775.12,1101.75,2.0,%D方向改善、直近下落なし（B以下に制限）、直近安値切り上げ、ATR低下、BB幅収縮、RSI安値切り上げ / 信用需給: 信用データがデータなし、または売残0で信用倍率を算出不能,急騰済み（25日線上方乖離）,https://finance.yahoo.co.jp/quote/6217.T,データなし,データなし,データなし,データなし,データなし,データなし,データなし,データなし,3.0,0,0,3.0,391,391,信用需給は判定不能,信用データがデータなし、または売残0で信用倍率を算出不能
2026-08-18,8713,フィデアホールディングス,プライム,2770.0,2.4,5.4,14.13,22.59,1.0,84.62,2727.0,2800.0,2715.0,2800.0,2800.0,2423.0,2024.0,2079.14,1856.78,1856.78,3,除外,95.0,85.37,7.04,86.6,2259.64,2070.8,1965.74,+2.11σ,2.01,なし,なし,買い,底固め,1,0.0,2423.0,3464.0,2.0,%D方向改善、直近下落なし（B以下に制限）、直近安値切り上げ、RSI安値切り上げ、レンジ上限突破 / 信用需給: 信用データがデータなし、または売残0で信用倍率を算出不能,急騰済み（25日線上方乖離、高RSI）,https://finance.yahoo.co.jp/quote/8713.T,データなし,データなし,データなし,データなし,データなし,データなし,データなし,データなし,3.0,0,0,3.0,391,391,信用需給は判定不能,信用データがデータなし、または売残0で信用倍率を算出不能
2026-08-18,5027,ＡｎｙＭｉｎｄ　Ｇｒｏｕｐ,グロース,771.0,6.64,31.12,35.98,33.97,1.83,36.67,723.0,780.0,713.0,780.0,780.0,569.0,516.0,521.3,461.3,461.3,3,除外,95.98,79.28,8.76,80.65,575.52,502.8,537.52,+3.16σ,4.67,なし,なし,買い,底固め,1,0.0,569.0,1175.0,2.0,%D方向改善、直近下落なし（B以下に制限）、直近安値切り上げ、BB幅収縮、RSI安値切り上げ、レンジ上限突破 / 信用需給: 信用データがデータなし、または売残0で信用倍率を算出不能,急騰済み（3営業日急騰、5営業日急騰、25日線上方乖離、高RSI、BB +2σ大幅超過）,https://finance.yahoo.co.jp/quote/5027.T,データなし,データなし,データなし,データなし,データなし,データなし,データなし,データなし,3.0,0,0,3.0,391,391,信用需給は判定不能,信用データがデータなし、または売残0で信用倍率を算出不能
2026-08-18,5631,日本製鋼所,プライム,8256.0,2.53,3.54,8.09,7.51,1.36,311.98,8077.0,8477.0,8054.0,8477.0,8477.0,7587.0,6989.0,7433.18,7197.06,7197.06,3,除外,75.17,78.91,6.69,62.16,7679.12,7919.63,8733.75,+2.48σ,1.83,なし,なし,買い,底固め,1,0.0,7587.0,9594.0,2.0,%D方向改善、直近下落なし（B以下に制限）、直近安値切り上げ、ATR低下、BB幅収縮、出来高減少後の増加、RSI安値切り上げ、レンジ上限突破 / 信用需給: 信用データがデータなし、または売残0で信用倍率を算出不能,急騰済み（BB +2σ大幅超過）,https://finance.yahoo.co.jp/quote/5631.T,データなし,データなし,データなし,データなし,データなし,データなし,データなし,データなし,3.0,0,0,3.0,391,391,信用需給は判定不能,信用データがデータなし、または売残0で信用倍率を算出不能
2026-08-18,6994,指月電機製作所,スタンダード,1229.0,-3.46,6.22,10.62,12.81,1.41,83.4,1276.0,1334.0,1216.0,1334.0,1334.0,1079.0,891.0,997.13,902.55,902.55,2,除外,58.82,63.43,3.16,57.17,1089.4,1160.13,993.4,+1.45σ,1.23,なし,なし,買い,底固め,1,0.0,1079.0,1529.0,2.0,直近下落なし（B以下に制限）、直近安値切り上げ、BB幅収縮、出来高減少後の増加、RSI安値切り上げ / 信用需給: 信用データがデータなし、または売残0で信用倍率を算出不能,急騰済み（25日線上方乖離）,https://finance.yahoo.co.jp/quote/6994.T,データなし,データなし,データなし,データなし,データなし,データなし,データなし,データなし,2.0,0,0,2.0,508,508,信用需給は判定不能,信用データがデータなし、または売残0で信用倍率を算出不能
2026-08-18,6298,ワイエイシイホールディングス,プライム,1360.0,-1.31,5.92,12.12,12.15,0.88,59.97,1394.0,1381.0,1328.0,1394.0,1394.0,1229.0,1058.0,1131.02,1053.18,1053.18,2,除外,84.82,85.95,11.57,62.93,1212.64,1291.93,1149.06,+1.94σ,1.1,はらみ足,なし,買い,底固め,1,0.0,1229.0,1622.0,2.0,直近下落なし（B以下に制限）、直近安値切り上げ、ATR低下、BB幅収縮、RSI安値切り上げ / 信用需給: 信用データがデータなし、または売残0で信用倍率を算出不能,急騰済み（25日線上方乖離）,https://finance.yahoo.co.jp/quote/6298.T,データなし,データなし,データなし,データなし,データなし,データなし,データなし,データなし,2.0,0,0,2.0,508,508,信用需給は判定不能,信用データがデータなし、または売残0で信用倍率を算出不能
