シグナル日,コード,会社名,市場,現在値,前日比,直近3日騰落率,直近5日騰落率,25日線乖離率,ATR当日値幅,スコア,ランク,%K,%D,%D傾き,RSI14,MA25,MA75,MA200,BB位置,出来高倍率,ローソク足パターン,アンチ判定,買い・売り,シグナル種別,シグナル数,自社株買い比率,損切り候補,利確候補,RR,判定理由,除外理由,Yahoo Financeリンク
2026-08-14,9984,ソフトバンクグループ,プライム,5788.0,3.82,,,,,12,S,71.96,66.29,14.77,51.63,5636.96,6220.23,5122.8,+0.88σ,0.62,なし,強,買い,,,,5179.65,7004.7,2.0,%D方向一致、%K押し・戻りから反転、%Kが%Dをクロス、200日線方向一致、MA25傾き一致、RSIゾーン反転,,https://finance.yahoo.co.jp/quote/9984.T
2026-08-14,4385,メルカリ,プライム,4787.0,0.99,,,,,12,S,63.47,57.4,0.79,58.88,4590.0,4200.53,3557.59,+1.03σ,0.82,強気包み足 / 前日安値割れ反転,通常,買い,,,,4459.36,5442.29,2.0,%D方向一致、%K押し・戻りから反転、200日線方向一致、MA25傾き一致、MA75傾き一致、包み足,,https://finance.yahoo.co.jp/quote/4385.T
2026-08-14,5842,インテグラル,グロース,3005.0,-2.59,5.51,4.89,4.25,1.59,23,S,58.44,61.55,-0.55,55.86,2882.52,3105.93,3285.15,+1.47σ,2.84,陽線→陰線 / 前日高値超え反転,強,売り,,,,3175.17,2664.65,2.0,%D方向一致、%K押し・戻りから反転、%Kが%Dをクロス、200日線方向一致、MA75傾き一致、RSI強反転、RSIゾーン反転、BB±2σ反転、BB±1σ反転、ローソク色反転、出来高1.5倍以上,,https://finance.yahoo.co.jp/quote/5842.T
2026-08-14,6287,サトー,プライム,2779.0,-4.83,6.48,7.34,10.75,2.32,19,S,63.92,82.0,-0.93,69.2,2509.36,2333.41,2324.8,+2.02σ,2.06,なし,強,売り,,,,2950.0,2437.0,2.0,%D方向一致、%K押し・戻りから反転、%Kが%Dをクロス、RSI強反転、RSIゾーン反転、BB±2σ反転、BB±1σ反転、出来高1.5倍以上,,https://finance.yahoo.co.jp/quote/6287.T
2026-08-13,4180,Ａｐｐｉｅｒ　Ｇｒｏｕｐ,プライム,982.0,-0.1,1.13,0.61,5.09,0.91,19,S,52.94,68.03,-5.75,61.51,934.44,904.28,973.88,+1.07σ,1.56,弱気包み足 / 長い上ヒゲ / 前日高値超え反転,通常,売り,,,,1037.94,870.11,2.0,%D方向一致、%K押し・戻りから反転、RSI強反転、RSIゾーン反転、BB±1σ反転、包み足、長いヒゲ、出来高1.5倍以上,,https://finance.yahoo.co.jp/quote/4180.T
2026-08-14,2749,ＪＰホールディングス,プライム,650.0,-1.07,3.34,6.21,3.78,1.62,19,S,70.49,41.27,-2.2,63.37,626.32,617.49,662.03,+1.58σ,1.5,はらみ足,通常,売り,,,,669.44,611.12,2.0,%D方向一致、%K押し・戻りから反転、200日線方向一致、MA75傾き一致、RSI強反転、RSIゾーン反転、BB±2σ反転、BB±1σ反転、出来高1.3倍,,https://finance.yahoo.co.jp/quote/2749.T
2026-08-14,6425,ユニバーサルエンターテインメント,スタンダード,752.0,-4.08,-2.46,10.26,9.95,1.03,18,S,71.32,76.98,-0.02,64.0,683.92,705.53,746.7,+1.54σ,0.93,陽線→陰線 / はらみ足,強,売り,,,,801.72,652.57,2.0,%D方向一致、%K押し・戻りから反転、%Kが%Dをクロス、RSI強反転、RSIゾーン反転、BB±2σ反転、BB±1σ反転、ローソク色反転,,https://finance.yahoo.co.jp/quote/6425.T
2026-08-14,6750,エレコム,プライム,1936.0,-3.2,4.37,2.43,4.05,0.99,18,S,61.21,44.01,-4.18,59.74,1860.6,1758.91,1737.47,+1.39σ,2.33,陽線→陰線 / はらみ足,通常,売り,,,,2012.02,1783.95,2.0,%D方向一致、%K押し・戻りから反転、RSI強反転、RSIゾーン反転、BB±2σ反転、BB±1σ反転、ローソク色反転、出来高1.5倍以上,,https://finance.yahoo.co.jp/quote/6750.T
2026-08-14,7936,アシックス,プライム,5219.0,9.5,3.43,5.48,7.49,3.34,17,除外,77.18,57.85,1.89,63.87,4855.44,4622.43,4295.73,+2.90σ,6.96,陰線→陽線 / 前日安値割れ反転 / 2～5日下落後の陽線,強,買い,,,,4644.0,6369.0,2.0,直近2～5日まで下落、BB -1σ以下から反発、ストキャス売られ過ぎから反転、%K反転、%D方向改善、長い下ヒゲ反転、2～5日下落後の陽線、出来高増加を伴う反転,急騰済み（当日急騰、BB +2σ大幅超過、ストップ高に近い急騰）,https://finance.yahoo.co.jp/quote/7936.T
2026-08-14,2695,くら寿司,プライム,1685.0,-0.41,-0.53,2.62,2.77,0.6,17,S,70.97,60.79,-4.64,58.97,1639.6,1610.55,1679.68,+1.03σ,0.68,陽線→陰線 / 弱気包み足,通常,売り,,,,1737.07,1580.86,2.0,%D方向一致、%K押し・戻りから反転、MA75傾き一致、RSI強反転、RSIゾーン反転、BB±1σ反転、包み足、ローソク色反転,,https://finance.yahoo.co.jp/quote/2695.T
2026-08-14,6638,ミマキエンジニアリング,プライム,1990.0,2.95,6.59,-10.68,-5.08,0.99,16,S,40.13,46.44,0.52,46.96,2096.6,1885.27,1747.39,-0.90σ,1.03,強気包み足 / 2～5日下落後の陽線,通常,買い,,,,1805.0,2360.0,2.0,直近2～5日まで下落、BB -1σ以下から反発、ストキャス売られ過ぎから反転、%K反転、%D方向改善、陽の包み足、2～5日下落後の陽線,,https://finance.yahoo.co.jp/quote/6638.T
2026-08-14,6969,松尾電機,スタンダード,1067.0,1.14,-15.25,-7.3,-2.73,0.66,16,S,35.76,64.94,2.78,45.13,1096.92,1461.49,1127.47,-0.12σ,0.87,強気包み足 / はらみ足 / 長い下ヒゲ（ハンマー） / 2～5日下落後の陽線,通常,買い,,,,912.85,1375.29,2.0,直近2～5日まで下落、ストキャス売られ過ぎから反転、%K反転、%D方向改善、陽の包み足、長い下ヒゲ反転、2～5日下落後の陽線,,https://finance.yahoo.co.jp/quote/6969.T
2026-08-14,7138,ＴＯＲＩＣＯ,グロース,127.0,3.25,2.42,2.42,-4.88,0.66,16,S,83.33,25.17,10.8,47.42,133.52,145.75,217.33,-0.40σ,0.19,陰線→陽線 / 強気包み足 / 前日安値割れ反転 / 2～5日下落後の陽線,強,買い,,,,113.41,154.17,2.0,直近2～5日まで下落、ストキャス売られ過ぎから反転、%K反転、%D方向改善、陽の包み足、長い下ヒゲ反転、2～5日下落後の陽線,,https://finance.yahoo.co.jp/quote/7138.T
2026-08-14,4206,アイカ工業,プライム,4130.0,-0.53,-1.81,2.1,8.13,0.68,16,S,62.5,70.47,-3.0,71.02,3819.48,3616.48,3612.03,+1.36σ,0.49,弱気包み足,強,売り,,,,4269.82,3850.37,2.0,%D方向一致、%K押し・戻りから反転、%Kが%Dをクロス、RSI強反転、BB±1σ反転、包み足,,https://finance.yahoo.co.jp/quote/4206.T
2026-08-14,9416,ビジョン,プライム,1040.0,-1.05,1.27,1.76,2.08,1.22,16,S,68.66,55.44,-1.59,56.92,1018.8,1028.97,1159.98,+1.11σ,0.88,陽線→陰線 / 前日高値超え反転,通常,売り,,,,1072.07,975.85,2.0,%D方向一致、%K押し・戻りから反転、200日線方向一致、MA75傾き一致、RSI強反転、RSIゾーン反転、BB±1σ反転、ローソク色反転,,https://finance.yahoo.co.jp/quote/9416.T
2026-08-14,8919,カチタス,プライム,3560.0,-0.14,1.57,7.07,6.49,0.56,15,S,71.43,52.32,-3.78,63.67,3343.0,3368.2,3208.5,+1.85σ,0.59,なし,通常,売り,,,,3759.53,3160.95,2.0,%D方向一致、%K押し・戻りから反転、RSI強反転、RSIゾーン反転、BB±2σ反転、BB±1σ反転,,https://finance.yahoo.co.jp/quote/8919.T
2026-08-14,9010,富士急行,プライム,2736.0,-0.26,-0.29,-0.94,1.8,0.55,15,S,44.83,53.08,-9.0,59.28,2687.56,2421.05,2309.2,+0.39σ,0.54,弱気包み足 / はらみ足,強,売り,,,,2847.15,2513.7,2.0,%D方向一致、%K押し・戻りから反転、%Kが%Dをクロス、RSI強反転、RSIゾーン反転、包み足,,https://finance.yahoo.co.jp/quote/9010.T
2026-08-13,3659,ネクソン,プライム,2521.5,-0.2,3.77,8.06,6.33,1.05,15,S,97.69,56.37,-1.15,61.5,2371.5,2341.8,3019.9,+1.07σ,1.02,はらみ足,通常,売り,,,,2655.44,2253.63,2.0,%D方向一致、%K押し・戻りから反転、200日線方向一致、MA75傾き一致、RSI強反転、RSIゾーン反転、BB±1σ反転,,https://finance.yahoo.co.jp/quote/3659.T
2026-08-14,4116,大日精化工業,プライム,1344.0,-1.68,-0.88,6.16,16.56,1.16,15,S,86.75,84.59,-0.33,78.55,1153.08,1087.92,1077.59,+1.59σ,0.83,陽線→陰線 / 前日高値超え反転,通常,売り,,,,1399.5,1233.01,2.0,%D方向一致、%K押し・戻りから反転、RSI強反転、BB±2σ反転、BB±1σ反転、ローソク色反転,,https://finance.yahoo.co.jp/quote/4116.T
2026-08-14,3397,トリドールホールディングス,プライム,4208.0,-2.12,-1.24,0.5,0.48,2.47,15,S,30.06,36.41,-9.65,52.74,4188.08,3949.91,4181.21,-0.13σ,2.68,陽線→陰線 / 弱気包み足 / 前日高値超え反転,強,売り,,,,4436.0,3752.0,2.0,%D方向一致、%K押し・戻りから反転、%Kが%Dをクロス、RSIゾーン反転、包み足、ローソク色反転、出来高1.5倍以上,,https://finance.yahoo.co.jp/quote/3397.T
2026-08-14,5463,丸一鋼管,プライム,1765.0,1.0,0.94,-4.41,-1.77,0.72,15,S,45.48,51.15,0.11,46.8,1796.84,1734.99,1562.15,-0.91σ,0.89,陰線→陽線 / 強気包み足 / 前日安値割れ反転 / 2～5日下落後の陽線,通常,買い,,,,1685.18,1924.63,2.0,直近2～5日まで下落、BB -1σ以下から反発、%K反転、%D方向改善、陽の包み足、長い下ヒゲ反転、2～5日下落後の陽線,,https://finance.yahoo.co.jp/quote/5463.T
2026-08-14,8830,住友不動産,プライム,3378.0,-1.0,-1.08,-4.74,-7.53,0.65,15,S,6.45,14.68,-9.4,32.3,3652.96,3828.04,4085.53,-1.56σ,1.05,弱気包み足,強,売り,,,,3565.0,3004.0,2.0,%D方向一致、%K押し・戻りから反転、%Kが%Dをクロス、200日線方向一致、MA25傾き一致、MA75傾き一致、包み足,,https://finance.yahoo.co.jp/quote/8830.T
2026-08-14,9552,クオンツ総研ホールディングス,プライム,994.0,-1.78,2.69,1.43,8.16,0.62,15,S,68.12,82.95,-1.64,61.34,919.04,890.56,948.55,+1.19σ,1.3,陽線→陰線 / はらみ足,強,売り,,,,1056.51,868.98,2.0,%D方向一致、%K押し・戻りから反転、%Kが%Dをクロス、RSI強反転、RSIゾーン反転、BB±1σ反転、ローソク色反転,,https://finance.yahoo.co.jp/quote/9552.T
2026-08-14,9708,帝国ホテル,スタンダード,987.0,-0.5,-0.8,0.41,-0.63,0.63,15,S,52.17,31.27,-4.58,45.34,993.28,1039.4,1210.78,-0.46σ,0.37,陽線→陰線 / 弱気包み足 / 前日高値超え反転,通常,売り,,,,1010.7,939.6,2.0,%D方向一致、%K押し・戻りから反転、200日線方向一致、MA25傾き一致、MA75傾き一致、RSIゾーン反転、包み足、ローソク色反転,,https://finance.yahoo.co.jp/quote/9708.T
2026-08-14,8179,ロイヤルホールディングス,プライム,1304.0,-3.05,-4.12,0.23,0.38,1.16,15,S,19.54,44.86,-13.75,50.72,1299.04,1281.93,1349.3,-0.13σ,1.1,陽線→陰線,強,売り,,,,1374.0,1164.0,2.0,%D方向一致、%K押し・戻りから反転、%Kが%Dをクロス、200日線方向一致、MA75傾き一致、RSIゾーン反転、BB±1σ反転、ローソク色反転,,https://finance.yahoo.co.jp/quote/8179.T
2026-08-14,2918,わらべや日洋ホールディングス,プライム,2832.0,-0.04,1.69,3.02,3.29,0.7,15,S,89.86,46.18,-0.16,63.93,2741.76,2678.95,3028.33,+1.04σ,1.1,前日高値超え反転,通常,売り,,,,2902.48,2691.03,2.0,%D方向一致、%K押し・戻りから反転、200日線方向一致、MA75傾き一致、RSI強反転、RSIゾーン反転、BB±1σ反転,,https://finance.yahoo.co.jp/quote/2918.T
2026-08-14,6376,日機装,プライム,4285.0,10.58,9.31,4.64,10.7,2.39,15,除外,99.19,65.16,13.61,61.64,3870.8,3534.19,2552.7,+2.08σ,1.65,陰線→陽線 / 前日安値割れ反転 / 2～5日下落後の陽線,強,買い,,,,3670.0,5515.0,2.0,直近2～5日まで下落、ストキャス売られ過ぎから反転、%K反転、%D方向改善、長い下ヒゲ反転、2～5日下落後の陽線、出来高増加を伴う反転,急騰済み（当日急騰、25日線上方乖離、ストップ高に近い急騰）,https://finance.yahoo.co.jp/quote/6376.T
2026-08-14,6840,ＡＫＩＢＡホールディングス,スタンダード,736.0,5.44,-12.38,-0.27,6.29,1.13,14,S,36.59,71.81,2.32,51.43,692.44,799.37,576.45,+0.79σ,1.81,陰線→陽線 / 前日安値割れ反転 / 2～5日下落後の陽線,通常,買い,,,,638.12,931.76,2.0,直近2～5日まで下落、ストキャス売られ過ぎから反転、%K反転、長い下ヒゲ反転、2～5日下落後の陽線、出来高増加を伴う反転,,https://finance.yahoo.co.jp/quote/6840.T
2026-08-14,7746,岡本硝子,スタンダード,745.0,2.76,1.78,2.34,-0.78,0.93,14,S,74.36,46.64,8.67,47.4,750.88,805.56,768.93,+0.15σ,0.81,強気包み足 / 2～5日下落後の陽線,強,買い,,,,696.36,842.28,2.0,直近2～5日まで下落、ストキャス売られ過ぎから反転、%K反転、%D方向改善、陽の包み足、2～5日下落後の陽線,,https://finance.yahoo.co.jp/quote/7746.T
2026-08-14,4819,デジタルガレージ,プライム,2307.0,-0.77,0.92,-0.22,0.5,1.25,14,S,29.38,40.12,-6.96,54.25,2295.48,2173.15,2420.86,-0.18σ,1.3,陽線→陰線 / 前日高値超え反転,強,売り,,,,2443.97,2033.07,2.0,%D方向一致、%K押し・戻りから反転、%Kが%Dをクロス、200日線方向一致、MA75傾き一致、RSIゾーン反転、ローソク色反転、出来高1.3倍,,https://finance.yahoo.co.jp/quote/4819.T
2026-08-14,9936,王将フードサービス,プライム,2873.0,-0.66,-0.55,-0.14,-2.24,0.51,14,S,43.48,26.51,-10.1,45.07,2938.8,2836.21,3052.2,-0.97σ,0.81,陽線→陰線 / 長い上ヒゲ,通常,売り,,,,2950.07,2718.86,2.0,%D方向一致、%K押し・戻りから反転、200日線方向一致、MA25傾き一致、MA75傾き一致、RSIゾーン反転、ローソク色反転、長いヒゲ,,https://finance.yahoo.co.jp/quote/9936.T
2026-08-14,3905,データセクション,グロース,1891.0,0.75,6.36,-0.99,-17.87,0.41,14,S,24.86,32.29,4.43,34.53,2302.52,3272.97,2399.11,-0.99σ,1.51,なし,通常,買い,,,,1542.21,2588.59,2.0,直近2～5日まで下落、RSI40以下から反転上昇、BB -1σ以下から反発、ストキャス売られ過ぎから反転、%K反転、%D方向改善,,https://finance.yahoo.co.jp/quote/3905.T
2026-08-14,8001,伊藤忠商事,プライム,2070.5,-0.36,-0.96,1.79,4.32,0.97,14,S,72.81,70.27,-3.11,65.34,1984.82,1935.27,1962.8,+1.15σ,0.5,長い上ヒゲ,通常,売り,,,,2139.6,1932.31,2.0,%D方向一致、%K押し・戻りから反転、RSI強反転、RSIゾーン反転、BB±1σ反転、長いヒゲ,,https://finance.yahoo.co.jp/quote/8001.T
2026-08-14,8802,三菱地所,プライム,3673.0,-0.76,-1.18,-4.35,-7.87,0.53,14,S,12.45,15.74,-5.65,35.57,3986.84,4096.32,4109.41,-1.33σ,0.75,長い上ヒゲ,強,売り,,,,3905.0,3209.0,2.0,%D方向一致、%K押し・戻りから反転、%Kが%Dをクロス、200日線方向一致、MA25傾き一致、MA75傾き一致、長いヒゲ,,https://finance.yahoo.co.jp/quote/8802.T
2026-08-14,8934,サンフロンティア不動産,プライム,2459.0,-1.28,-0.41,0.45,-1.51,0.89,14,S,65.67,39.83,-0.74,47.78,2496.64,2447.36,2486.25,-0.77σ,0.69,陽線→陰線 / 長い上ヒゲ / 前日高値超え反転,通常,売り,,,,2536.27,2304.46,2.0,%D方向一致、%K押し・戻りから反転、200日線方向一致、MA25傾き一致、MA75傾き一致、RSIゾーン反転、ローソク色反転、長いヒゲ,,https://finance.yahoo.co.jp/quote/8934.T
2026-08-14,9069,センコーグループホールディングス,プライム,2293.0,-0.15,1.37,3.5,4.51,0.77,14,S,55.58,55.4,-3.45,71.55,2194.08,2014.06,1961.99,+1.80σ,0.55,はらみ足,通常,売り,,,,2378.5,2122.0,2.0,%D方向一致、%K押し・戻りから反転、RSI強反転、BB±2σ反転、BB±1σ反転,,https://finance.yahoo.co.jp/quote/9069.T
2026-08-14,5975,東プレ,プライム,3235.0,-0.31,0.31,8.78,15.46,0.6,14,S,71.62,67.73,-6.2,74.63,2801.72,2672.0,2540.14,+1.86σ,0.56,はらみ足,通常,売り,,,,3430.0,2845.0,2.0,%D方向一致、%K押し・戻りから反転、RSI強反転、BB±2σ反転、BB±1σ反転,,https://finance.yahoo.co.jp/quote/5975.T
2026-08-14,9436,沖縄セルラー電話,スタンダード,3975.0,0.63,-3.52,-2.93,2.3,0.93,13,S,26.0,73.41,0.51,55.54,3885.8,3681.53,3293.95,+0.42σ,1.21,陰線→陽線 / 前日安値割れ反転 / 2～5日下落後の陽線,通常,買い,,,,3830.07,4264.86,2.0,直近2～5日まで下落、ストキャス売られ過ぎから反転、%K反転、%D方向改善、長い下ヒゲ反転、2～5日下落後の陽線,,https://finance.yahoo.co.jp/quote/9436.T
2026-08-14,2379,ディップ,プライム,1862.0,-0.32,0.76,2.25,1.36,0.42,13,S,81.25,48.3,-2.09,56.32,1836.96,1793.35,1976.06,+0.76σ,0.64,陽線→陰線 / 前日高値超え反転,通常,売り,,,,1911.96,1762.08,2.0,%D方向一致、%K押し・戻りから反転、200日線方向一致、MA25傾き一致、RSIゾーン反転、BB±1σ反転、ローソク色反転,,https://finance.yahoo.co.jp/quote/2379.T
2026-08-14,6145,ＮＩＴＴＯＫＵ,スタンダード,2427.0,0.87,4.79,-13.38,-7.71,0.29,13,S,25.99,56.14,0.52,39.83,2629.72,2835.69,2550.06,-1.16σ,0.57,なし,通常,買い,,,,2232.52,2815.95,2.0,直近2～5日まで下落、RSI40以下から反転上昇、BB -1σ以下から反発、ストキャス売られ過ぎから反転、%K反転,,https://finance.yahoo.co.jp/quote/6145.T
2026-08-14,4972,綜研化学,スタンダード,3365.0,1.51,1.97,1.2,-0.06,0.46,13,S,94.64,69.12,23.31,51.36,3367.04,3397.35,3064.18,+0.15σ,0.23,強気包み足 / 前日安値割れ反転 / 2～5日下落後の陽線,通常,買い,,,,3120.1,3854.8,2.0,直近2～5日まで下落、%K反転、%D方向改善、陽の包み足、長い下ヒゲ反転、2～5日下落後の陽線,,https://finance.yahoo.co.jp/quote/4972.T
2026-08-14,3997,トレードワークス,スタンダード,387.0,-1.78,7.5,-6.75,3.2,0.5,13,S,42.42,59.08,-11.39,52.47,375.0,363.85,398.02,+0.30σ,0.56,陽線→陰線 / はらみ足 / 長い上ヒゲ,通常,売り,,,,424.0,313.0,2.0,%D方向一致、%K押し・戻りから反転、200日線方向一致、MA75傾き一致、RSIゾーン反転、ローソク色反転、長いヒゲ,,https://finance.yahoo.co.jp/quote/3997.T
2026-08-14,9960,東テク,プライム,3800.0,0.8,2.43,-7.32,-4.2,0.42,13,S,26.73,43.62,0.69,43.37,3966.4,3915.53,3846.95,-1.05σ,0.6,陰線→陽線 / 2～5日下落後の陽線,通常,買い,,,,3588.14,4223.72,2.0,直近2～5日まで下落、BB -1σ以下から反発、ストキャス売られ過ぎから反転、%K反転、%D方向改善、2～5日下落後の陽線,,https://finance.yahoo.co.jp/quote/9960.T
2026-08-14,8609,岡三証券グループ,プライム,1115.0,-0.8,1.09,-0.89,4.03,0.62,13,S,58.7,58.14,-0.53,60.48,1071.8,983.2,878.9,+0.91σ,0.39,陽線→陰線 / 前日高値超え反転,通常,売り,,,,1163.52,1017.95,2.0,%D方向一致、%K押し・戻りから反転、RSI強反転、RSIゾーン反転、BB±1σ反転、ローソク色反転,,https://finance.yahoo.co.jp/quote/8609.T
2026-08-14,8508,Ｊトラスト,スタンダード,893.0,10.38,11.21,0.79,6.85,2.0,13,除外,88.0,66.4,7.69,60.79,835.76,774.6,598.88,+1.67σ,2.06,2～5日下落後の陽線,強,買い,,,,783.0,1113.0,2.0,直近2～5日まで下落、ストキャス売られ過ぎから反転、%K反転、%D方向改善、2～5日下落後の陽線、出来高増加を伴う反転,急騰済み（当日急騰、ストップ高に近い急騰）,https://finance.yahoo.co.jp/quote/8508.T
2026-08-14,3046,ジンズホールディングス,プライム,6630.0,1.84,2.63,-0.75,0.01,0.69,13,S,80.7,41.28,1.65,46.59,6629.6,7438.53,6418.48,+0.32σ,0.48,陰線→陽線 / 強気包み足 / 前日安値割れ反転 / 2～5日下落後の陽線,通常,買い,,,,6170.0,7550.0,2.0,直近2～5日まで下落、%K反転、%D方向改善、陽の包み足、長い下ヒゲ反転、2～5日下落後の陽線,,https://finance.yahoo.co.jp/quote/3046.T
2026-08-14,6364,ＡＩＲＭＡＮ,プライム,2554.0,-1.92,2.08,-4.52,14.78,0.7,13,S,25.83,64.31,-9.95,65.8,2225.2,1932.03,1936.0,+0.76σ,0.42,陽線→陰線 / はらみ足 / 長い上ヒゲ,通常,売り,,,,2729.0,2204.0,2.0,%D方向一致、%K押し・戻りから反転、RSI強反転、RSIゾーン反転、ローソク色反転、長いヒゲ,,https://finance.yahoo.co.jp/quote/6364.T
2026-08-14,5911,横河ブリッジホールディングス,プライム,2941.0,0.62,0.62,0.24,0.62,0.78,13,S,70.91,38.09,0.49,55.78,2922.92,2870.23,2958.8,+0.20σ,0.58,陰線→陽線 / 強気包み足 / 前日安値割れ反転 / 2～5日下落後の陽線,通常,買い,,,,2881.69,3059.63,2.0,直近2～5日まで下落、%K反転、%D方向改善、陽の包み足、長い下ヒゲ反転、2～5日下落後の陽線,,https://finance.yahoo.co.jp/quote/5911.T
2026-08-14,5989,エイチワン,プライム,1505.0,3.29,4.66,-5.41,-2.8,0.99,13,S,46.78,36.45,1.76,47.58,1548.28,1527.24,1416.84,-0.52σ,1.04,2～5日下落後の陽線,強,買い,,,,1396.0,1723.0,2.0,直近2～5日まで下落、BB -1σ以下から反発、ストキャス売られ過ぎから反転、%K反転、%D方向改善、2～5日下落後の陽線,,https://finance.yahoo.co.jp/quote/5989.T
2026-08-14,7616,コロワイド,プライム,2064.0,-1.2,0.34,1.25,2.87,0.77,13,S,63.47,49.0,-7.32,58.56,2006.4,1879.7,1830.57,+0.65σ,0.62,陽線→陰線 / はらみ足,通常,売り,,,,2142.76,1906.48,2.0,%D方向一致、%K押し・戻りから反転、RSI強反転、RSIゾーン反転、BB±1σ反転、ローソク色反転,,https://finance.yahoo.co.jp/quote/7616.T
2026-08-14,4385,メルカリ,プライム,4857.0,2.47,0.31,-1.3,5.75,1.15,13,S,71.36,58.19,1.58,60.67,4592.8,4201.47,3557.94,+1.31σ,1.02,強気包み足 / 前日安値割れ反転 / 2～5日下落後の陽線,通常,買い,,,,4529.36,5512.29,2.0,直近2～5日まで下落、%K反転、%D方向改善、陽の包み足、長い下ヒゲ反転、2～5日下落後の陽線,,https://finance.yahoo.co.jp/quote/4385.T
2026-08-14,7575,日本ライフライン,プライム,1530.0,-0.52,-0.07,2.0,5.83,0.8,12,S,66.67,61.12,-10.88,66.84,1445.68,1355.36,1439.94,+0.92σ,0.81,はらみ足,通常,売り,,,,1580.83,1428.34,2.0,%D方向一致、%K押し・戻りから反転、RSI強反転、RSIゾーン反転、BB±1σ反転,,https://finance.yahoo.co.jp/quote/7575.T
2026-08-14,7256,河西工業,スタンダード,471.0,9.28,11.08,6.56,10.46,4.26,12,除外,69.92,62.06,12.77,61.18,426.4,416.04,275.77,+2.67σ,23.26,陰線→陽線 / 前日安値割れ反転 / 2～5日下落後の陽線,強,買い,,,,378.0,657.0,2.0,直近2～5日まで下落、%K反転、%D方向改善、長い下ヒゲ反転、2～5日下落後の陽線、出来高増加を伴う反転,急騰済み（当日急騰、25日線上方乖離、BB +2σ大幅超過、ストップ高に近い急騰）,https://finance.yahoo.co.jp/quote/7256.T
2026-08-14,4681,リゾートトラスト,プライム,1838.5,-1.16,4.97,5.63,4.28,0.92,12,S,54.93,39.79,-6.83,57.76,1763.04,1735.55,1828.92,+1.14σ,0.67,なし,通常,売り,,,,1939.0,1637.5,2.0,%D方向一致、%K押し・戻りから反転、RSI強反転、RSIゾーン反転、BB±1σ反転,,https://finance.yahoo.co.jp/quote/4681.T
2026-08-14,4452,花王,プライム,3541.0,-0.45,-5.27,-1.56,5.53,0.49,12,S,62.46,58.1,-3.17,59.37,3355.48,3149.5,3156.07,+0.91σ,0.58,なし,通常,売り,,,,3782.0,3059.0,2.0,%D方向一致、%K押し・戻りから反転、RSI強反転、RSIゾーン反転、BB±1σ反転,,https://finance.yahoo.co.jp/quote/4452.T
2026-08-14,4765,ＳＢＩグローバルアセットマネジメント,プライム,615.0,-1.13,2.33,2.33,3.75,0.79,12,S,78.95,57.85,-3.9,59.65,592.76,589.55,597.45,+1.02σ,0.36,なし,通常,売り,,,,635.9,573.19,2.0,%D方向一致、%K押し・戻りから反転、RSI強反転、RSIゾーン反転、BB±1σ反転,,https://finance.yahoo.co.jp/quote/4765.T
2026-08-14,9746,ＴＫＣ,プライム,3975.0,-0.25,0.25,6.28,5.61,0.98,12,S,88.06,53.62,-1.11,66.34,3764.0,3559.93,3843.52,+1.11σ,0.52,前日高値超え反転,通常,売り,,,,4120.91,3683.19,2.0,%D方向一致、%K押し・戻りから反転、RSI強反転、RSIゾーン反転、BB±1σ反転,,https://finance.yahoo.co.jp/quote/9746.T
2026-08-14,5216,倉元製作所,スタンダード,153.0,-0.65,0.66,-1.29,-2.97,0.28,12,S,20.0,25.56,-0.16,47.79,157.68,146.76,160.9,-0.80σ,0.15,はらみ足,強,売り,,,,163.82,131.36,2.0,%D方向一致、%K押し・戻りから反転、%Kが%Dをクロス、200日線方向一致、MA75傾き一致、RSIゾーン反転,,https://finance.yahoo.co.jp/quote/5216.T
2026-08-14,1951,エクシオグループ,プライム,2630.0,0.32,1.9,-0.4,0.09,0.59,12,S,33.33,34.52,-4.89,48.17,2627.58,2752.87,2658.76,+0.28σ,0.41,はらみ足,強,売り,,,,2775.0,2340.0,2.0,%D方向一致、%K押し・戻りから反転、%Kが%Dをクロス、200日線方向一致、MA25傾き一致、MA75傾き一致,,https://finance.yahoo.co.jp/quote/1951.T
2026-08-14,9003,相鉄ホールディングス,プライム,2518.0,-0.92,1.59,3.41,-1.64,0.58,12,S,79.4,30.53,-3.78,48.25,2559.94,2535.4,2708.54,-0.47σ,0.6,陽線→陰線,通常,売り,,,,2610.98,2332.03,2.0,%D方向一致、%K押し・戻りから反転、200日線方向一致、MA25傾き一致、MA75傾き一致、RSIゾーン反転、ローソク色反転,,https://finance.yahoo.co.jp/quote/9003.T
2026-08-14,9303,住友倉庫,プライム,4080.0,-1.21,-0.49,3.29,1.66,0.75,12,S,53.12,49.4,-6.9,55.74,4013.4,3898.53,3767.68,+0.51σ,0.49,なし,通常,売り,,,,4230.0,3780.0,2.0,%D方向一致、%K押し・戻りから反転、RSI強反転、RSIゾーン反転、BB±1σ反転,,https://finance.yahoo.co.jp/quote/9303.T
2026-08-14,7780,メニコン,プライム,1970.0,-0.2,-2.62,8.54,11.04,0.72,12,S,67.42,70.7,-5.55,65.35,1774.08,1679.23,1624.54,+1.34σ,0.6,なし,通常,売り,,,,2086.0,1738.0,2.0,%D方向一致、%K押し・戻りから反転、RSI強反転、RSIゾーン反転、BB±1σ反転,,https://finance.yahoo.co.jp/quote/7780.T
2026-08-14,8133,伊藤忠エネクス,プライム,2140.0,-0.09,-0.6,2.39,2.83,0.61,12,S,78.1,53.18,-1.46,59.88,2081.2,2017.96,1965.82,+1.19σ,0.39,はらみ足,通常,売り,,,,2208.57,2002.87,2.0,%D方向一致、%K押し・戻りから反転、RSI強反転、RSIゾーン反転、BB±1σ反転,,https://finance.yahoo.co.jp/quote/8133.T
2026-08-14,8267,イオン,プライム,1378.5,-1.25,-0.79,2.26,-0.06,0.63,12,S,64.71,48.66,-1.98,49.68,1379.26,1405.26,1924.72,+0.10σ,0.81,陽線→陰線 / 前日高値超え反転,通常,売り,,,,1442.79,1249.91,2.0,%D方向一致、%K押し・戻りから反転、200日線方向一致、MA25傾き一致、MA75傾き一致、RSIゾーン反転、ローソク色反転,,https://finance.yahoo.co.jp/quote/8267.T
2026-08-14,7818,トランザクション,プライム,1202.0,2.04,3.62,1.69,-4.08,0.97,12,S,79.69,37.23,4.2,42.73,1253.12,1267.21,1192.18,-0.40σ,0.94,陰線→陽線 / 前日安値割れ反転 / 2～5日下落後の陽線,通常,買い,,,,1146.55,1312.9,2.0,直近2～5日まで下落、RSI40以下から反転上昇、%K反転、長い下ヒゲ反転、2～5日下落後の陽線,,https://finance.yahoo.co.jp/quote/7818.T
2026-08-14,3289,東急不動産ホールディングス,プライム,1318.5,-0.6,1.35,2.17,-0.61,0.48,12,S,82.69,35.43,-1.3,49.39,1326.64,1316.2,1374.94,-0.37σ,0.49,陽線→陰線,通常,売り,,,,1357.22,1241.07,2.0,%D方向一致、%K押し・戻りから反転、200日線方向一致、MA25傾き一致、MA75傾き一致、RSIゾーン反転、ローソク色反転,,https://finance.yahoo.co.jp/quote/3289.T
2026-08-14,3167,ＴＯＫＡＩホールディングス,プライム,1234.0,-0.4,-0.16,10.77,5.82,0.57,12,S,89.04,54.59,-0.26,64.47,1166.16,1138.95,1126.68,+1.55σ,0.47,前日高値超え反転,通常,売り,,,,1273.7,1154.61,2.0,%D方向一致、%K押し・戻りから反転、RSI強反転、RSIゾーン反転、BB±1σ反転,,https://finance.yahoo.co.jp/quote/3167.T
2026-08-14,7760,ＩＭＶ,スタンダード,2115.0,2.22,10.39,-3.91,-8.79,0.3,12,S,28.6,43.65,0.8,44.01,2318.84,2560.36,2669.98,-0.76σ,0.77,2～5日下落後の陽線,通常,買い,,,,1866.25,2612.51,2.0,直近2～5日まで下落、BB -1σ以下から反発、ストキャス売られ過ぎから反転、%K反転、2～5日下落後の陽線,,https://finance.yahoo.co.jp/quote/7760.T
2026-08-14,4927,ポーラ・オルビスホールディングス,プライム,1413.0,-0.25,-1.09,5.8,4.83,0.58,12,S,85.99,56.45,-0.42,63.62,1347.88,1299.76,1321.36,+1.31σ,0.37,なし,通常,売り,,,,1461.04,1316.93,2.0,%D方向一致、%K押し・戻りから反転、RSI強反転、RSIゾーン反転、BB±1σ反転,,https://finance.yahoo.co.jp/quote/4927.T
2026-08-14,5233,太平洋セメント,プライム,4201.0,-1.27,0.72,-3.05,2.53,0.8,12,S,52.14,47.0,-0.58,53.5,4097.48,4082.4,4009.93,+0.58σ,0.45,弱気包み足,通常,売り,,,,4396.44,3810.13,2.0,%D方向一致、%K押し・戻りから反転、RSIゾーン反転、BB±1σ反転、包み足,,https://finance.yahoo.co.jp/quote/5233.T
2026-08-14,6305,日立建機,プライム,5538.0,-0.75,-0.75,-1.76,2.42,0.59,12,S,47.58,53.72,-1.38,53.43,5407.36,5340.91,5304.86,+0.51σ,0.95,弱気包み足 / はらみ足,強,売り,,,,5810.99,4992.01,2.0,%D方向一致、%K押し・戻りから反転、%Kが%Dをクロス、RSIゾーン反転、包み足,,https://finance.yahoo.co.jp/quote/6305.T
2026-08-14,5240,ｍｏｎｏＡＩ　ｔｅｃｈｎｏｌｏｇｙ,グロース,208.0,-2.35,-1.89,-6.73,2.97,0.39,12,S,22.0,33.72,-8.08,54.08,202.0,157.44,201.48,+0.19σ,0.14,弱気包み足,強,売り,,,,242.74,138.51,2.0,%D方向一致、%K押し・戻りから反転、%Kが%Dをクロス、RSIゾーン反転、包み足,,https://finance.yahoo.co.jp/quote/5240.T
2026-08-14,6807,日本航空電子工業,プライム,2328.0,-0.3,-0.43,-0.17,-2.68,0.45,12,S,41.24,27.2,-3.67,44.26,2392.12,2405.05,2458.36,-1.03σ,0.42,陽線→陰線 / 長い上ヒゲ / 前日高値超え反転,通常,売り,,,,2425.35,2133.31,2.0,%D方向一致、%K押し・戻りから反転、200日線方向一致、MA75傾き一致、ローソク色反転、長いヒゲ,,https://finance.yahoo.co.jp/quote/6807.T
2026-08-14,9962,ミスミグループ本社,プライム,3795.0,1.5,2.65,-0.29,1.04,0.54,11,A,42.62,49.11,2.52,51.41,3755.88,3674.76,3034.88,+0.51σ,0.59,陰線→陽線 / 2～5日下落後の陽線,通常,買い,,,,3552.6,4279.81,2.0,直近2～5日まで下落、ストキャス売られ過ぎから反転、%K反転、%D方向改善、2～5日下落後の陽線,,https://finance.yahoo.co.jp/quote/9962.T
2026-08-14,9880,イノテック,プライム,3715.0,1.64,0.54,-0.4,7.53,0.54,11,A,80.58,81.77,14.28,55.35,3454.8,3766.72,2839.06,+1.28σ,0.68,強気包み足 / 2～5日下落後の陽線,通常,買い,,,,3300.0,4545.0,2.0,直近2～5日まで下落、%K反転、%D方向改善、陽の包み足、2～5日下落後の陽線,,https://finance.yahoo.co.jp/quote/9880.T
2026-08-14,7947,エフピコ,プライム,2712.0,0.89,-0.15,0.63,4.41,0.62,11,A,83.69,71.01,1.66,62.07,2597.48,2498.93,2550.9,+1.39σ,0.41,陰線→陽線 / 強気包み足 / 2～5日下落後の陽線,強,買い,,,,2624.67,2886.67,2.0,直近2～5日まで下落、%K反転、%D方向改善、陽の包み足、2～5日下落後の陽線,,https://finance.yahoo.co.jp/quote/7947.T
2026-08-14,1377,サカタのタネ,プライム,4375.0,-0.57,-0.46,0.46,-0.1,0.73,11,A,66.67,38.59,-2.23,52.75,4379.2,4231.4,4196.92,-0.14σ,0.53,陽線→陰線 / 弱気包み足 / 前日高値超え反転,通常,売り,,,,4497.61,4129.78,2.0,%D方向一致、%K押し・戻りから反転、RSIゾーン反転、包み足、ローソク色反転,,https://finance.yahoo.co.jp/quote/1377.T
2026-08-14,5121,藤倉コンポジット,プライム,2758.0,0.8,0.11,-0.61,6.83,0.82,11,A,80.38,84.56,12.42,64.25,2581.68,2545.31,2350.68,+1.37σ,0.61,強気包み足 / 2～5日下落後の陽線,通常,買い,,,,2549.0,3176.0,2.0,直近2～5日まで下落、%K反転、%D方向改善、陽の包み足、2～5日下落後の陽線,,https://finance.yahoo.co.jp/quote/5121.T
2026-08-14,5423,東京製鐵,プライム,1720.0,-0.81,-0.75,-1.83,-1.02,0.58,11,A,34.83,48.21,-9.24,47.25,1737.76,1725.84,1609.74,-0.59σ,0.59,前日高値超え反転,強,売り,,,,1784.44,1591.13,2.0,%D方向一致、%K押し・戻りから反転、%Kが%Dをクロス、MA25傾き一致、MA75傾き一致、RSIゾーン反転,,https://finance.yahoo.co.jp/quote/5423.T
2026-08-14,4887,サワイグループホールディングス,プライム,1627.0,-0.76,1.91,0.18,-1.83,0.47,11,A,43.84,28.4,-8.27,44.23,1657.38,1752.97,2028.03,-0.76σ,0.95,陽線→陰線 / はらみ足,通常,売り,,,,1725.0,1431.0,2.0,%D方向一致、%K押し・戻りから反転、200日線方向一致、MA25傾き一致、MA75傾き一致、ローソク色反転,,https://finance.yahoo.co.jp/quote/4887.T
2026-08-14,8914,エリアリンク,スタンダード,927.0,-2.32,1.76,0.0,0.58,0.72,11,A,66.67,36.42,-5.87,51.54,921.64,919.67,1035.52,-0.22σ,0.77,陽線→陰線 / はらみ足,通常,売り,,,,981.22,818.56,2.0,%D方向一致、%K押し・戻りから反転、200日線方向一致、MA75傾き一致、RSIゾーン反転、ローソク色反転,,https://finance.yahoo.co.jp/quote/8914.T
2026-08-14,6433,ヒーハイスト,スタンダード,1006.0,4.03,4.79,-2.9,3.34,0.72,11,A,53.3,57.41,10.78,51.42,973.52,1186.24,1151.2,+0.66σ,0.59,強気包み足 / 2～5日下落後の陽線,通常,買い,,,,888.89,1240.22,2.0,直近2～5日まで下落、%K反転、%D方向改善、陽の包み足、2～5日下落後の陽線,,https://finance.yahoo.co.jp/quote/6433.T
2026-08-14,6526,ソシオネクスト,プライム,2118.0,6.35,7.62,5.32,-6.3,0.58,11,A,87.89,42.34,12.88,45.0,2260.46,2421.63,2258.02,-0.19σ,0.84,2～5日下落後の陽線,強,買い,,,,1896.2,2561.61,2.0,直近2～5日まで下落、RSI40以下から反転上昇、%K反転、%D方向改善、2～5日下落後の陽線,,https://finance.yahoo.co.jp/quote/6526.T
2026-08-14,6629,テクノホライゾン,スタンダード,1006.0,1.41,1.51,-0.49,2.25,0.79,11,A,53.62,58.73,13.17,52.76,983.88,1059.73,960.24,+0.64σ,0.67,強気包み足 / 2～5日下落後の陽線,通常,買い,,,,937.52,1142.95,2.0,直近2～5日まで下落、%K反転、%D方向改善、陽の包み足、2～5日下落後の陽線,,https://finance.yahoo.co.jp/quote/6629.T
2026-08-14,6368,オルガノ,プライム,14850.0,2.59,3.16,-1.13,0.24,0.57,11,A,53.39,59.5,6.19,49.61,14814.4,15867.0,15000.2,+0.27σ,0.59,2～5日下落後の陽線,通常,買い,,,,13583.38,17383.25,2.0,直近2～5日まで下落、ストキャス売られ過ぎから反転、%K反転、%D方向改善、2～5日下落後の陽線,,https://finance.yahoo.co.jp/quote/6368.T
2026-08-14,3288,オープンハウスグループ,プライム,8225.0,-0.04,2.03,-2.43,-2.96,0.7,11,A,42.26,30.15,-11.43,43.19,8476.28,8605.23,9109.04,-1.23σ,0.65,陽線→陰線 / 前日高値超え反転,通常,売り,,,,8587.0,7501.0,2.0,%D方向一致、%K押し・戻りから反転、200日線方向一致、MA25傾き一致、MA75傾き一致、ローソク色反転,,https://finance.yahoo.co.jp/quote/3288.T
2026-08-14,3105,日清紡ホールディングス,プライム,2474.0,2.23,0.18,-0.82,8.55,0.72,11,A,61.68,64.71,11.99,59.82,2279.1,2277.99,1758.77,+1.52σ,0.63,強気包み足 / 2～5日下落後の陽線,通常,買い,,,,2281.34,2859.32,2.0,直近2～5日まで下落、%K反転、%D方向改善、陽の包み足、2～5日下落後の陽線,,https://finance.yahoo.co.jp/quote/3105.T
2026-08-14,3544,サツドラホールディングス,スタンダード,1250.0,0.16,-0.08,0.08,0.32,0.45,11,A,66.67,33.49,4.94,68.07,1246.04,1041.57,914.33,+0.08σ,0.09,陰線→陽線 / 強気包み足 / 2～5日下落後の陽線,通常,買い,,,,1236.75,1276.49,2.0,直近2～5日まで下落、%K反転、%D方向改善、陽の包み足、2～5日下落後の陽線,,https://finance.yahoo.co.jp/quote/3544.T
2026-08-14,4661,オリエンタルランド,プライム,2980.5,-0.68,-1.21,0.9,4.89,0.52,11,A,67.77,55.49,-7.78,59.06,2841.6,2476.03,2724.7,+0.60σ,0.43,陽線→陰線 / 前日高値超え反転,通常,売り,,,,3129.61,2682.27,2.0,%D方向一致、%K押し・戻りから反転、RSI強反転、RSIゾーン反転、ローソク色反転,,https://finance.yahoo.co.jp/quote/4661.T
2026-08-14,2175,エス・エム・エス,プライム,2350.0,2.4,2.44,2.09,-0.11,1.11,11,A,92.81,65.18,19.79,56.1,2352.6,2109.28,1755.32,+0.19σ,0.43,陰線→陽線 / 強気包み足 / 2～5日下落後の陽線,通常,買い,,,,2226.82,2596.37,2.0,直近2～5日まで下落、%K反転、%D方向改善、陽の包み足、2～5日下落後の陽線,,https://finance.yahoo.co.jp/quote/2175.T
2026-08-14,1968,太平電業,プライム,2383.0,-0.04,0.34,-1.65,-2.38,0.54,11,A,19.47,39.2,-6.97,40.19,2441.12,2616.2,2538.59,-1.16σ,0.9,陽線→陰線 / 前日高値超え反転,通常,売り,,,,2504.4,2140.2,2.0,%D方向一致、%K押し・戻りから反転、200日線方向一致、MA25傾き一致、MA75傾き一致、ローソク色反転,,https://finance.yahoo.co.jp/quote/1968.T
2026-08-14,8848,レオパレス２１,プライム,620.0,-0.64,-1.43,-7.19,-6.34,0.52,11,A,20.55,29.24,-17.66,37.25,662.0,644.13,661.08,-1.88σ,0.6,陽線→陰線 / 前日高値超え反転,通常,売り,,,,678.0,504.0,2.0,%D方向一致、%K押し・戻りから反転、200日線方向一致、MA25傾き一致、MA75傾き一致、ローソク色反転,,https://finance.yahoo.co.jp/quote/8848.T
2026-08-14,9532,大阪瓦斯,プライム,5411.0,-1.21,-0.13,0.37,-0.48,0.56,11,A,48.99,44.81,-1.44,47.39,5437.24,5515.0,5648.66,-0.55σ,0.51,なし,通常,売り,,,,5595.39,5042.22,2.0,%D方向一致、%K押し・戻りから反転、200日線方向一致、MA25傾き一致、MA75傾き一致、RSIゾーン反転,,https://finance.yahoo.co.jp/quote/9532.T
2026-08-14,6369,トーヨーカネツ,プライム,2493.0,0.97,2.93,-0.68,2.07,0.79,11,A,79.48,72.51,4.68,55.97,2442.44,2427.69,2541.56,+1.38σ,0.63,強気包み足 / 2～5日下落後の陽線,強,買い,,,,2311.0,2857.0,2.0,直近2～5日まで下落、%K反転、%D方向改善、陽の包み足、2～5日下落後の陽線,,https://finance.yahoo.co.jp/quote/6369.T
2026-08-14,6118,アイダエンジニアリング,プライム,1222.0,2.26,2.95,-1.69,1.19,0.95,11,A,61.73,59.89,2.26,54.87,1207.68,1180.57,1155.22,+0.80σ,0.47,2～5日下落後の陽線,強,買い,,,,1171.3,1323.4,2.0,直近2～5日まで下落、ストキャス売られ過ぎから反転、%K反転、%D方向改善、2～5日下落後の陽線,,https://finance.yahoo.co.jp/quote/6118.T
2026-08-14,6005,三浦工業,プライム,3190.0,0.79,4.97,-0.31,-0.04,0.95,11,A,76.69,61.14,8.26,50.69,3191.4,3203.88,3164.2,+0.11σ,0.57,陰線→陽線 / 強気包み足 / 2～5日下落後の陽線,通常,買い,,,,2940.0,3690.0,2.0,直近2～5日まで下落、%K反転、%D方向改善、陽の包み足、2～5日下落後の陽線,,https://finance.yahoo.co.jp/quote/6005.T
2026-08-14,6227,ＡＩメカテック,スタンダード,6470.0,3.03,-1.82,-12.57,-4.32,0.49,11,A,16.3,50.32,2.03,47.42,6762.4,6746.4,4861.37,-0.37σ,0.71,陰線→陽線 / はらみ足 / 2～5日下落後の陽線,通常,買い,,,,5496.21,8417.58,2.0,直近2～5日まで下落、ストキャス売られ過ぎから反転、%K反転、%D方向改善、2～5日下落後の陽線,,https://finance.yahoo.co.jp/quote/6227.T
2026-08-14,8227,しまむら,プライム,3385.0,-0.21,-2.81,0.77,0.15,0.46,10,A,47.5,39.3,-8.9,50.42,3380.08,3307.35,6226.6,-0.01σ,0.47,なし,通常,売り,,,,3504.72,3145.56,2.0,%D方向一致、%K押し・戻りから反転、200日線方向一致、MA25傾き一致、RSIゾーン反転,,https://finance.yahoo.co.jp/quote/8227.T
2026-08-14,1814,大末建設,プライム,3715.0,1.23,-1.59,0.27,3.43,0.55,10,A,67.44,55.6,7.55,58.5,3591.8,3380.47,3608.16,+1.01σ,0.5,陰線→陽線 / 前日安値割れ反転 / 2～5日下落後の陽線,通常,買い,,,,3537.11,4070.77,2.0,直近2～5日まで下落、%K反転、%D方向改善、長い下ヒゲ反転、2～5日下落後の陽線,,https://finance.yahoo.co.jp/quote/1814.T
2026-08-14,8160,木曽路,プライム,2396.0,-0.87,-0.75,-0.54,-0.91,0.89,10,A,35.62,33.42,-11.8,48.32,2418.04,2345.39,2445.98,-0.63σ,0.99,陽線→陰線 / 前日高値超え反転,通常,売り,,,,2465.13,2257.73,2.0,%D方向一致、%K押し・戻りから反転、200日線方向一致、RSIゾーン反転、ローソク色反転,,https://finance.yahoo.co.jp/quote/8160.T
2026-08-14,1801,大成建設,プライム,12990.0,0.7,2.81,-4.31,-2.9,0.53,10,A,38.25,37.85,2.15,43.73,13378.0,14280.67,14935.28,-0.70σ,0.46,長い下ヒゲ（ハンマー） / 前日安値割れ反転 / 2～5日下落後の陽線,強,買い,,,,12256.01,14457.99,2.0,直近2～5日まで下落、%K反転、%D方向改善、長い下ヒゲ反転、2～5日下落後の陽線,,https://finance.yahoo.co.jp/quote/1801.T
2026-08-14,3656,ＫＬａｂ,プライム,205.0,-0.97,-2.84,-17.34,-5.67,0.38,10,A,6.78,47.36,-16.75,42.9,217.32,232.61,284.3,-0.99σ,0.69,前日高値超え反転,通常,売り,,,,231.0,153.0,2.0,%D方向一致、%K押し・戻りから反転、200日線方向一致、MA25傾き一致、MA75傾き一致,,https://finance.yahoo.co.jp/quote/3656.T
2026-08-14,3696,セレス,プライム,2064.0,-0.05,1.18,-0.39,-2.06,2.1,10,A,46.09,21.36,-9.62,49.64,2107.44,1934.31,1880.29,-0.88σ,1.92,はらみ足,通常,売り,,,,2194.82,1802.35,2.0,%D方向一致、%K押し・戻りから反転、MA25傾き一致、RSIゾーン反転、出来高1.5倍以上,,https://finance.yahoo.co.jp/quote/3696.T
2026-08-14,7745,Ａ＆Ｄホロンホールディングス,プライム,2900.0,-0.55,2.44,-5.07,-1.43,0.39,10,A,12.52,45.03,-12.29,48.23,2942.2,2850.47,2510.74,-0.33σ,0.37,弱気包み足,通常,売り,,,,3091.11,2517.77,2.0,%D方向一致、%K押し・戻りから反転、RSIゾーン反転、包み足,,https://finance.yahoo.co.jp/quote/7745.T
2026-08-14,8153,モスフードサービス,プライム,3790.0,0.26,1.34,3.41,-0.18,0.69,10,A,86.11,34.95,-4.17,51.93,3796.8,3719.87,4014.38,-0.12σ,0.74,なし,通常,売り,,,,3909.77,3550.46,2.0,%D方向一致、%K押し・戻りから反転、200日線方向一致、MA25傾き一致、MA75傾き一致,,https://finance.yahoo.co.jp/quote/8153.T
2026-08-14,4554,富士製薬工業,プライム,1849.0,0.22,1.37,-1.12,-1.34,0.45,10,A,79.47,45.32,10.23,43.6,1874.12,2068.21,2034.7,-0.42σ,0.41,陰線→陽線 / 前日安値割れ反転 / 2～5日下落後の陽線,通常,買い,,,,1729.0,2089.0,2.0,直近2～5日まで下落、%K反転、%D方向改善、長い下ヒゲ反転、2～5日下落後の陽線,,https://finance.yahoo.co.jp/quote/4554.T
2026-08-14,4568,第一三共,プライム,2730.0,-1.44,-2.67,2.63,-0.24,0.56,10,A,69.81,48.01,-1.06,51.15,2736.48,2646.79,3008.52,-0.14σ,0.62,なし,通常,売り,,,,2861.44,2467.12,2.0,%D方向一致、%K押し・戻りから反転、200日線方向一致、MA75傾き一致、RSIゾーン反転,,https://finance.yahoo.co.jp/quote/4568.T
2026-08-14,6997,日本ケミコン,プライム,3160.0,2.6,8.97,-2.47,-3.09,0.37,10,A,51.5,61.17,8.97,44.53,3260.6,3922.57,2444.28,+0.12σ,0.56,長い下ヒゲ（ハンマー） / 2～5日下落後の陽線,通常,買い,,,,2656.24,4167.53,2.0,直近2～5日まで下落、%K反転、%D方向改善、長い下ヒゲ反転、2～5日下落後の陽線,,https://finance.yahoo.co.jp/quote/6997.T
2026-08-14,7236,ティラド,プライム,1580.0,2.93,4.02,2.8,4.6,1.03,10,A,93.5,72.65,17.0,59.49,1510.52,1448.07,1098.3,+2.09σ,0.58,陰線→陽線 / 前日安値割れ反転 / 2～5日下落後の陽線,通常,買い,,,,1495.94,1748.12,2.0,直近2～5日まで下落、%K反転、%D方向改善、長い下ヒゲ反転、2～5日下落後の陽線,,https://finance.yahoo.co.jp/quote/7236.T
2026-08-14,6588,東芝テック,プライム,3240.0,-0.31,-6.09,0.47,4.19,0.69,10,A,40.0,59.43,-4.5,55.76,3109.76,3050.27,2944.71,+0.79σ,0.33,陽線→陰線 / 長い上ヒゲ / 前日高値超え反転,通常,売り,,,,3450.0,2820.0,2.0,%D方向一致、%K押し・戻りから反転、RSIゾーン反転、ローソク色反転、長いヒゲ,,https://finance.yahoo.co.jp/quote/6588.T
2026-08-14,6845,アズビル,プライム,1562.0,-0.67,0.97,-9.76,-4.94,0.73,10,A,19.02,45.66,-9.06,39.22,1643.1,1605.95,1488.36,-1.40σ,0.67,陽線→陰線 / 長い上ヒゲ / 前日高値超え反転,通常,売り,,,,1636.47,1413.06,2.0,%D方向一致、%K押し・戻りから反転、MA25傾き一致、ローソク色反転、長いヒゲ,,https://finance.yahoo.co.jp/quote/6845.T
2026-08-14,6458,新晃工業,プライム,1231.0,1.4,3.45,-1.2,-0.58,0.93,10,A,73.68,47.18,4.43,49.01,1238.2,1242.27,1313.64,-0.12σ,0.68,2～5日下落後の陽線,強,買い,,,,1189.0,1315.0,2.0,直近2～5日まで下落、BB -1σ以下から反発、%K反転、%D方向改善、2～5日下落後の陽線,,https://finance.yahoo.co.jp/quote/6458.T
2026-08-14,6315,ＴＯＷＡ,プライム,2504.0,0.36,-1.46,-12.45,-10.76,0.44,10,A,4.71,44.52,0.04,41.49,2805.88,2948.43,2665.02,-0.92σ,1.0,前日安値割れ反転,通常,買い,,,,2188.37,3135.27,2.0,直近2～5日まで下落、ストキャス売られ過ぎから反転、%K反転、長い下ヒゲ反転,,https://finance.yahoo.co.jp/quote/6315.T
2026-08-14,5288,アジアパイルホールディングス,プライム,1537.0,1.79,0.52,1.25,1.88,1.18,10,A,84.38,61.07,11.15,55.62,1508.64,1518.05,1459.52,+1.23σ,1.45,2～5日下落後の陽線,通常,買い,,,,1456.0,1699.0,2.0,直近2～5日まで下落、%K反転、%D方向改善、2～5日下落後の陽線、出来高増加を伴う反転,,https://finance.yahoo.co.jp/quote/5288.T
2026-08-14,5929,三和ホールディングス,プライム,3640.0,-0.98,-0.49,0.14,-1.97,0.86,10,A,56.62,53.15,-1.63,46.15,3713.2,3632.08,3821.64,-0.55σ,0.48,なし,通常,売り,,,,3796.56,3326.88,2.0,%D方向一致、%K押し・戻りから反転、200日線方向一致、MA25傾き一致、RSIゾーン反転,,https://finance.yahoo.co.jp/quote/5929.T
2026-08-14,6062,チャーム・ケア・コーポレーション,プライム,1421.0,-0.42,-2.27,2.53,3.45,0.75,10,A,57.23,55.62,-9.49,57.62,1373.6,1328.13,1304.29,+1.07σ,0.65,陽線→陰線 / 前日高値超え反転,通常,売り,,,,1495.0,1273.0,2.0,%D方向一致、%K押し・戻りから反転、RSIゾーン反転、BB±1σ反転、ローソク色反転,,https://finance.yahoo.co.jp/quote/6062.T
2026-08-14,5563,新日本電工,プライム,443.0,4.48,0.23,3.02,4.68,1.22,10,A,71.43,63.27,10.36,54.96,423.2,454.15,409.31,+1.69σ,0.84,陰線→陽線 / 前日安値割れ反転 / 2～5日下落後の陽線,強,買い,,,,413.4,502.2,2.0,直近2～5日まで下落、%K反転、%D方向改善、長い下ヒゲ反転、2～5日下落後の陽線,,https://finance.yahoo.co.jp/quote/5563.T
2026-08-14,9001,東武鉄道,プライム,2946.0,-0.44,0.36,0.39,-1.96,0.82,10,A,59.13,31.2,-8.24,46.36,3005.02,2894.57,2810.19,-0.93σ,0.52,弱気包み足 / 前日高値超え反転,通常,売り,,,,3042.47,2753.05,2.0,%D方向一致、%K押し・戻りから反転、RSIゾーン反転、包み足,,https://finance.yahoo.co.jp/quote/9001.T
2026-08-14,9409,テレビ朝日ホールディングス,プライム,3040.0,-0.33,-0.33,-0.33,-2.86,0.79,10,A,58.33,32.75,-7.3,40.62,3129.6,3169.73,3285.75,-1.04σ,0.72,なし,通常,売り,,,,3153.47,2813.06,2.0,%D方向一致、%K押し・戻りから反転、200日線方向一致、MA25傾き一致、MA75傾き一致,,https://finance.yahoo.co.jp/quote/9409.T
2026-08-14,9045,京阪ホールディングス,プライム,3147.0,-0.06,0.03,1.12,-2.09,0.6,10,A,65.35,29.33,-9.33,44.92,3214.08,3191.05,3288.62,-0.74σ,0.65,なし,通常,売り,,,,3245.27,2950.46,2.0,%D方向一致、%K押し・戻りから反転、200日線方向一致、MA25傾き一致、MA75傾き一致,,https://finance.yahoo.co.jp/quote/9045.T
2026-08-14,8795,Ｔ＆Ｄホールディングス,プライム,4897.0,-0.61,1.03,-1.31,-1.79,0.55,10,A,20.41,33.96,-9.48,47.92,4986.44,4583.6,4046.24,-1.07σ,0.38,長い上ヒゲ / 前日高値超え反転,通常,売り,,,,5098.71,4493.57,2.0,%D方向一致、%K押し・戻りから反転、MA25傾き一致、RSIゾーン反転、長いヒゲ,,https://finance.yahoo.co.jp/quote/8795.T
2026-08-14,2702,日本マクドナルドホールディングス,スタンダード,7790.0,-1.52,-1.64,-3.23,-0.6,1.44,9,A,11.11,45.07,-21.46,47.75,7837.2,7746.4,7268.75,-0.34σ,1.05,陽線→陰線,通常,売り,,,,8190.0,6990.0,2.0,%D方向一致、%K押し・戻りから反転、MA75傾き一致、RSIゾーン反転、ローソク色反転,,https://finance.yahoo.co.jp/quote/2702.T
2026-08-14,6055,ジャパンマテリアル,プライム,2245.0,0.81,2.32,-5.15,-3.3,0.55,9,A,32.91,58.48,5.63,47.24,2321.64,2254.36,1943.34,-0.06σ,0.73,はらみ足,通常,買い,,,,2039.93,2655.14,2.0,直近2～5日まで下落、ストキャス売られ過ぎから反転、%K反転、%D方向改善,,https://finance.yahoo.co.jp/quote/6055.T
2026-08-14,5938,ＬＩＸＩＬ,プライム,1764.0,-1.04,-2.97,-1.04,-3.56,0.54,9,A,44.55,42.64,-5.48,43.93,1829.06,1751.35,1773.54,-0.92σ,0.73,なし,通常,売り,,,,1822.08,1647.84,2.0,%D方向一致、%K押し・戻りから反転、200日線方向一致、MA25傾き一致,,https://finance.yahoo.co.jp/quote/5938.T
2026-08-14,9424,日本通信,プライム,113.0,3.67,7.62,-0.88,0.04,1.19,9,A,78.57,60.81,2.14,51.24,112.96,115.21,130.41,+0.15σ,1.11,陰線→陽線 / 2～5日下落後の陽線,強,買い,,,,102.0,135.0,2.0,直近2～5日まで下落、BB -1σ以下から反発、%K反転、2～5日下落後の陽線,,https://finance.yahoo.co.jp/quote/9424.T
2026-08-14,9551,メタウォーター,プライム,3210.0,0.31,0.47,-2.43,0.71,0.53,9,A,43.86,66.17,3.57,49.56,3187.4,3297.33,3418.76,+0.42σ,0.34,長い下ヒゲ（ハンマー） / 2～5日下落後の陽線,通常,買い,,,,3055.09,3519.83,2.0,直近2～5日まで下落、%K反転、長い下ヒゲ反転、2～5日下落後の陽線,,https://finance.yahoo.co.jp/quote/9551.T
2026-08-14,9256,サクシード,グロース,1165.0,-2.92,-7.54,-15.21,-54.09,0.17,9,A,5.04,15.79,4.98,29.92,2537.84,2649.99,1501.3,-0.79σ,0.34,なし,通常,買い,,,,677.51,2139.98,2.0,直近2～5日まで下落、ストキャス売られ過ぎから反転、%K反転、%D方向改善,,https://finance.yahoo.co.jp/quote/9256.T
2026-08-14,9301,三菱倉庫,プライム,1499.0,-0.07,-1.54,-0.07,-4.07,0.61,9,A,27.38,29.27,-4.97,40.87,1562.6,1503.95,1359.86,-1.05σ,0.9,なし,強,売り,,,,1560.0,1377.0,2.0,%D方向一致、%K押し・戻りから反転、%Kが%Dをクロス、MA25傾き一致,,https://finance.yahoo.co.jp/quote/9301.T
2026-08-14,4967,小林製薬,プライム,5556.0,-0.25,-1.09,-1.03,-0.16,0.36,9,A,52.97,39.89,-8.93,49.28,5565.04,5629.12,5550.76,-0.07σ,0.42,はらみ足,通常,売り,,,,5730.97,5206.06,2.0,%D方向一致、%K押し・戻りから反転、MA25傾き一致、MA75傾き一致、RSIゾーン反転,,https://finance.yahoo.co.jp/quote/4967.T
2026-08-14,9830,トラスコ中山,プライム,2389.0,-1.16,-0.17,-2.49,0.55,0.65,9,A,54.66,60.09,-7.86,52.76,2375.92,2283.37,2357.18,+0.04σ,0.43,なし,強,売り,,,,2496.0,2175.0,2.0,%D方向一致、%K押し・戻りから反転、%Kが%Dをクロス、RSIゾーン反転,,https://finance.yahoo.co.jp/quote/9830.T
2026-08-14,8593,三菱ＨＣキャピタル,プライム,1403.5,-1.06,1.34,-1.68,-1.58,0.42,9,A,50.25,34.71,-9.52,48.15,1426.0,1369.57,1359.92,-0.99σ,0.61,陽線→陰線 / はらみ足,通常,売り,,,,1453.0,1304.5,2.0,%D方向一致、%K押し・戻りから反転、MA75傾き一致、RSIゾーン反転、ローソク色反転,,https://finance.yahoo.co.jp/quote/8593.T
2026-08-14,7994,オカムラ,プライム,2354.0,0.47,2.35,2.35,2.1,0.58,9,A,95.15,53.76,-0.02,58.96,2305.68,2305.84,2373.38,+1.32σ,0.42,なし,通常,売り,,,,2413.74,2234.52,2.0,%D方向一致、%K押し・戻りから反転、200日線方向一致、MA75傾き一致,,https://finance.yahoo.co.jp/quote/7994.T
2026-08-14,7409,ＡｅｒｏＥｄｇｅ,グロース,1683.0,9.93,4.53,3.82,8.76,1.84,9,除外,68.84,75.91,6.91,55.62,1547.44,1762.98,1692.72,+1.76σ,3.04,なし,通常,買い,,,,1482.0,2085.0,2.0,直近2～5日まで下落、ストキャス売られ過ぎから反転、%K反転、%D方向改善,急騰済み（当日急騰、ストップ高に近い急騰）,https://finance.yahoo.co.jp/quote/7409.T
2026-08-14,6914,オプテックスグループ,プライム,3500.0,1.16,-2.23,-5.53,-2.28,0.56,9,A,17.81,56.98,1.71,43.01,3581.8,3878.17,3090.5,-0.32σ,0.85,はらみ足,通常,買い,,,,3247.75,4004.51,2.0,直近2～5日まで下落、ストキャス売られ過ぎから反転、%K反転、%D方向改善,,https://finance.yahoo.co.jp/quote/6914.T
2026-08-14,6590,芝浦メカトロニクス,プライム,4435.0,1.26,3.5,-10.94,-9.58,0.86,9,A,19.37,37.1,2.99,44.25,4905.0,4942.8,4534.08,-0.68σ,0.82,なし,通常,買い,,,,3774.48,5756.03,2.0,直近2～5日まで下落、ストキャス売られ過ぎから反転、%K反転、%D方向改善,,https://finance.yahoo.co.jp/quote/6590.T
2026-08-14,9048,名古屋鉄道,プライム,1864.0,-0.21,0.27,1.28,-1.49,0.52,8,B,60.36,29.22,-3.8,47.68,1892.18,1843.55,1763.66,-0.68σ,0.3,はらみ足,通常,売り,,,,1919.07,1753.86,2.0,%D方向一致、%K押し・戻りから反転、MA25傾き一致、RSIゾーン反転,,https://finance.yahoo.co.jp/quote/9048.T
2026-08-14,4992,北興化学工業,スタンダード,2020.0,1.05,2.85,1.97,3.88,0.88,8,B,89.63,77.98,23.88,57.14,1944.48,1920.04,1783.94,+1.24σ,0.53,陰線→陽線 / 強気包み足 / 前日安値割れ反転,通常,買い,,,,1917.5,2224.99,2.0,%K反転、%D方向改善、陽の包み足、長い下ヒゲ反転、直近下落なし（B以下に制限）,,https://finance.yahoo.co.jp/quote/4992.T
2026-08-14,5702,大紀アルミニウム工業所,プライム,1851.0,0.33,0.6,2.38,17.19,1.23,8,除外,82.83,83.75,15.07,75.0,1579.52,1663.91,1423.48,+1.52σ,0.64,強気包み足 / 前日安値割れ反転,通常,買い,,,,1735.1,2082.79,2.0,%K反転、%D方向改善、陽の包み足、長い下ヒゲ反転、直近下落なし（B以下に制限）,急騰済み（25日線上方乖離、高RSI）,https://finance.yahoo.co.jp/quote/5702.T
2026-08-14,5659,日本精線,プライム,1416.0,1.43,1.43,3.21,0.64,0.84,8,B,87.32,66.42,25.54,52.42,1407.04,1420.49,1303.76,+0.43σ,0.37,陰線→陽線 / 強気包み足 / 前日安値割れ反転,通常,買い,,,,1350.04,1547.92,2.0,%K反転、%D方向改善、陽の包み足、長い下ヒゲ反転、直近下落なし（B以下に制限）,,https://finance.yahoo.co.jp/quote/5659.T
2026-08-14,5541,大平洋金属,プライム,2696.0,1.51,-0.26,6.23,11.69,1.22,8,除外,89.0,81.46,3.69,72.53,2413.88,2338.53,2517.46,+1.73σ,0.84,強気包み足 / 前日安値割れ反転,強,買い,,,,2522.0,3044.0,2.0,%K反転、%D方向改善、陽の包み足、長い下ヒゲ反転、直近下落なし（B以下に制限）,急騰済み（25日線上方乖離、高RSI）,https://finance.yahoo.co.jp/quote/5541.T
2026-08-14,4776,サイボウズ,プライム,2951.0,6.15,7.31,9.34,10.8,2.56,8,除外,94.1,58.43,1.78,69.0,2663.4,2454.88,2527.54,+2.31σ,2.42,陰線→陽線 / 強気包み足 / 前日安値割れ反転,通常,買い,,,,2695.0,3463.0,2.0,%K反転、%D方向改善、陽の包み足、長い下ヒゲ反転、出来高増加を伴う反転、直近下落なし（B以下に制限）,急騰済み（25日線上方乖離、BB +2σ大幅超過）,https://finance.yahoo.co.jp/quote/4776.T
2026-08-14,6908,イリソ電子工業,プライム,2800.0,0.43,-0.04,-0.28,-0.33,0.52,8,B,43.3,45.99,1.29,46.17,2809.28,3031.49,3233.76,+0.26σ,0.67,2～5日下落後の陽線,通常,買い,,,,2707.15,2985.71,2.0,直近2～5日まで下落、%K反転、%D方向改善、2～5日下落後の陽線,,https://finance.yahoo.co.jp/quote/6908.T
2026-08-14,1663,Ｋ＆Ｏエナジーグループ,プライム,1919.0,1.64,5.61,6.67,4.93,1.39,8,除外,88.62,50.53,13.05,61.61,1828.92,1996.38,2091.69,+2.75σ,1.17,陰線→陽線 / 強気包み足 / 前日安値割れ反転,通常,買い,,,,1784.0,2189.0,2.0,%K反転、%D方向改善、陽の包み足、長い下ヒゲ反転、直近下落なし（B以下に制限）,急騰済み（BB +2σ大幅超過）,https://finance.yahoo.co.jp/quote/1663.T
2026-08-14,9997,ベルーナ,プライム,1030.0,1.08,2.69,4.04,-1.02,0.78,8,B,96.92,40.59,5.84,52.96,1040.64,963.77,961.96,-0.29σ,0.71,陰線→陽線 / 強気包み足 / 前日安値割れ反転,通常,買い,,,,989.0,1112.0,2.0,%K反転、%D方向改善、陽の包み足、長い下ヒゲ反転、直近下落なし（B以下に制限）,,https://finance.yahoo.co.jp/quote/9997.T
2026-08-14,1605,ＩＮＰＥＸ,プライム,3787.0,2.35,4.84,9.45,6.49,1.16,8,B,99.51,49.18,12.41,62.96,3556.2,3609.09,3569.9,+1.76σ,0.66,陰線→陽線 / 強気包み足 / 前日安値割れ反転,通常,買い,,,,3491.0,4379.0,2.0,%K反転、%D方向改善、陽の包み足、長い下ヒゲ反転、直近下落なし（B以下に制限）,,https://finance.yahoo.co.jp/quote/1605.T
2026-08-14,8200,リンガーハット,プライム,2292.0,-0.65,-0.22,0.84,-0.75,0.44,8,B,41.25,23.87,-14.58,51.37,2309.28,2194.09,2236.84,-0.42σ,0.73,陽線→陰線 / はらみ足,通常,売り,,,,2367.46,2141.09,2.0,%D方向一致、%K押し・戻りから反転、RSIゾーン反転、ローソク色反転,,https://finance.yahoo.co.jp/quote/8200.T
2026-08-14,2264,森永乳業,プライム,1189.5,-0.25,-0.46,-3.45,-2.79,0.52,8,B,35.44,29.23,-11.2,44.36,1223.68,1219.48,1103.92,-0.75σ,0.48,なし,通常,売り,,,,1259.62,1049.25,2.0,%D方向一致、%K押し・戻りから反転、MA25傾き一致、MA75傾き一致,,https://finance.yahoo.co.jp/quote/2264.T
2026-08-14,1952,新日本空調,プライム,3135.0,0.97,3.81,-7.52,-6.07,0.36,8,B,35.96,40.22,4.07,41.43,3337.6,3444.07,3410.76,-0.92σ,0.36,強気包み足,通常,買い,,,,2927.07,3550.86,2.0,RSI40以下から反転上昇、BB -1σ以下から反発、ストキャス売られ過ぎから反転、%K反転、%D方向改善、陽の包み足、直近下落なし（B以下に制限）,,https://finance.yahoo.co.jp/quote/1952.T
2026-08-14,8995,誠建設工業,スタンダード,1580.0,23.44,39.08,56.44,61.73,2.73,8,除外,93.85,59.51,6.37,74.03,976.96,951.11,1104.8,+2.72σ,4.23,陰線→陽線 / 強気包み足 / 前日安値割れ反転,強,買い,,,,985.0,2770.0,2.0,%K反転、%D方向改善、陽の包み足、長い下ヒゲ反転、出来高増加を伴う反転、直近下落なし（B以下に制限）,急騰済み（当日急騰、3営業日急騰、5営業日急騰、25日線上方乖離、高RSI、BB +2σ大幅超過、ストップ高に近い急騰）,https://finance.yahoo.co.jp/quote/8995.T
2026-08-14,2670,エービーシー・マート,プライム,2838.0,0.55,0.53,2.05,4.35,0.92,8,B,96.35,62.98,0.7,59.73,2719.74,2712.88,2662.31,+1.32σ,0.38,強気包み足 / 前日安値割れ反転,通常,買い,,,,2738.9,3036.2,2.0,%K反転、%D方向改善、陽の包み足、長い下ヒゲ反転、直近下落なし（B以下に制限）,,https://finance.yahoo.co.jp/quote/2670.T
2026-08-14,2579,コカ・コーラ　ボトラーズジャパンホールディングス,プライム,3990.0,-0.18,0.0,3.29,-3.49,0.33,8,B,80.36,37.93,-2.07,46.47,4134.28,3862.71,3518.98,-0.56σ,0.43,はらみ足,通常,売り,,,,4223.09,3523.83,2.0,%D方向一致、%K押し・戻りから反転、MA25傾き一致、RSIゾーン反転,,https://finance.yahoo.co.jp/quote/2579.T
2026-08-14,8750,第一ライフグループ,プライム,1859.5,-1.3,1.09,-3.2,-1.42,0.7,8,B,25.7,49.34,-8.19,48.68,1886.28,1739.08,1493.05,-0.89σ,0.46,前日高値超え反転,通常,売り,,,,1952.0,1674.5,2.0,%D方向一致、%K押し・戻りから反転、MA25傾き一致、RSIゾーン反転,,https://finance.yahoo.co.jp/quote/8750.T
2026-08-14,4475,ＨＥＮＮＧＥ,グロース,1527.0,5.75,1.46,1.33,13.43,1.3,8,除外,71.75,62.17,1.99,68.04,1346.24,1172.49,1170.49,+1.73σ,1.05,2～5日下落後の陽線,強,買い,,,,1400.0,1781.0,2.0,直近2～5日まで下落、%K反転、%D方向改善、2～5日下落後の陽線,急騰済み（25日線上方乖離）,https://finance.yahoo.co.jp/quote/4475.T
2026-08-14,4483,ＪＭＤＣ,プライム,3490.0,2.2,1.75,-2.1,7.36,1.17,8,B,86.49,52.91,13.29,60.94,3250.6,2988.25,3535.66,+1.45σ,1.16,陰線→陽線 / 2～5日下落後の陽線,通常,買い,,,,3272.89,3924.22,2.0,直近2～5日まで下落、%K反転、%D方向改善、2～5日下落後の陽線,,https://finance.yahoo.co.jp/quote/4483.T
2026-08-14,4381,ビープラッツ,グロース,433.0,8.25,9.9,5.87,5.43,0.65,8,除外,50.89,58.36,15.44,55.21,410.68,331.79,454.96,+0.49σ,2.09,陰線→陽線 / はらみ足,通常,買い,,,,340.17,618.65,2.0,ストキャス売られ過ぎから反転、%K反転、%D方向改善、出来高増加を伴う反転、直近下落なし（B以下に制限）,急騰済み（当日急騰）,https://finance.yahoo.co.jp/quote/4381.T
2026-08-14,7282,豊田合成,プライム,5201.0,0.42,0.33,-0.19,1.55,0.8,8,B,42.79,37.46,-12.35,53.46,5121.68,4900.97,4440.02,+0.43σ,0.43,長い上ヒゲ,通常,売り,,,,5454.96,4693.09,2.0,%D方向一致、%K押し・戻りから反転、長いヒゲ,,https://finance.yahoo.co.jp/quote/7282.T
2026-08-14,3179,シュッピン,プライム,1218.0,-0.33,-0.33,-11.35,-1.32,0.51,8,B,12.08,41.04,-24.19,47.42,1234.24,1125.73,1178.07,-0.66σ,0.52,陽線→陰線 / はらみ足,通常,売り,,,,1372.0,910.0,2.0,%D方向一致、%K押し・戻りから反転、RSIゾーン反転、ローソク色反転,,https://finance.yahoo.co.jp/quote/3179.T
2026-08-14,7599,ＩＤＯＭ,プライム,1297.0,0.54,-0.08,0.23,-0.71,0.36,8,B,69.7,51.7,7.26,46.83,1306.32,1331.87,1329.98,+0.21σ,0.38,陰線→陽線 / はらみ足 / 2～5日下落後の陽線,通常,買い,,,,1255.81,1379.37,2.0,直近2～5日まで下落、%K反転、%D方向改善、2～5日下落後の陽線,,https://finance.yahoo.co.jp/quote/7599.T
2026-08-14,7762,シチズン時計,プライム,2760.0,3.33,7.35,12.29,19.33,1.05,8,除外,97.68,88.47,24.84,70.91,2312.84,2249.01,1752.17,+2.17σ,1.43,強気包み足,通常,買い,,,,2339.0,3602.0,2.0,%K反転、%D方向改善、陽の包み足、出来高増加を伴う反転、直近下落なし（B以下に制限）,急騰済み（25日線上方乖離）,https://finance.yahoo.co.jp/quote/7762.T
2026-08-14,7730,マニー,プライム,1615.0,0.69,4.26,6.18,2.07,0.86,8,B,95.08,56.19,22.52,55.64,1582.24,1665.59,1582.8,+1.78σ,0.47,強気包み足 / 前日安値割れ反転,通常,買い,,,,1515.0,1815.0,2.0,%K反転、%D方向改善、陽の包み足、長い下ヒゲ反転、直近下落なし（B以下に制限）,,https://finance.yahoo.co.jp/quote/7730.T
2026-08-14,3907,シリコンスタジオ,スタンダード,1588.0,7.88,-2.58,13.11,41.39,1.15,8,除外,52.0,59.49,0.01,62.49,1123.16,1032.39,848.76,+1.26σ,0.51,陰線→陽線 / 強気包み足 / 前日安値割れ反転,通常,買い,,,,1267.89,2228.22,2.0,%K反転、%D方向改善、陽の包み足、長い下ヒゲ反転、直近下落なし（B以下に制限）,急騰済み（25日線上方乖離）,https://finance.yahoo.co.jp/quote/3907.T
2026-08-14,4052,フィーチャ,グロース,616.0,5.66,-2.69,33.91,67.99,2.18,8,除外,54.09,78.47,10.68,65.33,366.68,291.67,299.02,+1.51σ,2.7,陰線→陽線 / 前日安値割れ反転,通常,買い,,,,481.0,886.0,2.0,%K反転、%D方向改善、長い下ヒゲ反転、出来高増加を伴う反転、直近下落なし（B以下に制限）,急騰済み（5営業日急騰、25日線上方乖離）,https://finance.yahoo.co.jp/quote/4052.T
2026-08-14,4022,ラサ工業,プライム,2371.0,9.21,5.38,6.37,20.08,1.16,8,除外,89.09,82.7,18.79,61.65,1974.56,2073.95,1676.54,+1.64σ,1.03,陰線→陽線 / 2～5日下落後の陽線,強,買い,,,,2100.0,2913.0,2.0,直近2～5日まで下落、%K反転、%D方向改善、2～5日下落後の陽線,急騰済み（当日急騰、25日線上方乖離）,https://finance.yahoo.co.jp/quote/4022.T
2026-08-14,3993,ＰＫＳＨＡ　Ｔｅｃｈｎｏｌｏｇｙ,プライム,3160.0,7.08,8.97,10.3,10.31,3.7,8,除外,95.04,74.21,14.53,66.57,2864.76,2887.15,3150.92,+2.90σ,4.98,強気包み足 / 前日安値割れ反転,強,買い,,,,2681.0,4118.0,2.0,%K反転、%D方向改善、陽の包み足、長い下ヒゲ反転、出来高増加を伴う反転、直近下落なし（B以下に制限）,急騰済み（25日線上方乖離、BB +2σ大幅超過）,https://finance.yahoo.co.jp/quote/3993.T
2026-08-14,7047,ポート,グロース,2255.0,2.5,-13.44,-12.9,-9.67,0.93,8,B,17.14,71.95,8.23,41.36,2496.32,2338.47,2240.95,-1.62σ,3.79,陰線→陽線 / 前日安値割れ反転,通常,買い,,,,2064.71,2635.58,2.0,RSI40以下から反転上昇、BB -2σ付近から反発、ストキャス売られ過ぎから反転、%K反転、長い下ヒゲ反転、出来高増加を伴う反転、直近下落なし（B以下に制限）,,https://finance.yahoo.co.jp/quote/7047.T
2026-08-14,7012,川崎重工業,プライム,2842.0,0.85,5.49,-0.92,3.35,0.68,8,B,62.77,59.61,5.22,52.69,2749.98,2927.93,2801.06,+1.15σ,0.58,2～5日下落後の陽線,強,買い,,,,2654.0,3218.0,2.0,直近2～5日まで下落、%K反転、%D方向改善、2～5日下落後の陽線,,https://finance.yahoo.co.jp/quote/7012.T
2026-08-14,4658,日本空調サービス,プライム,1561.0,0.64,2.03,1.69,-1.28,0.87,8,B,89.23,53.37,18.18,48.49,1581.2,1577.11,1469.26,-0.21σ,0.49,強気包み足 / 前日安値割れ反転,通常,買い,,,,1509.31,1664.37,2.0,%K反転、%D方向改善、陽の包み足、長い下ヒゲ反転、直近下落なし（B以下に制限）,,https://finance.yahoo.co.jp/quote/4658.T
2026-08-14,4641,アルプス技研,プライム,837.0,1.7,5.15,4.1,2.49,1.08,8,B,98.68,44.32,2.64,59.78,816.68,801.02,850.53,+1.04σ,0.43,陰線→陽線 / 強気包み足 / 前日安値割れ反転,通常,買い,,,,762.0,987.0,2.0,%K反転、%D方向改善、陽の包み足、長い下ヒゲ反転、直近下落なし（B以下に制限）,,https://finance.yahoo.co.jp/quote/4641.T
2026-08-14,6474,不二越,プライム,5780.0,1.94,1.23,-0.52,-0.21,0.51,8,B,57.14,66.54,12.64,50.88,5792.4,5768.4,5025.25,+0.42σ,0.39,陰線→陽線 / 2～5日下落後の陽線,通常,買い,,,,5369.59,6600.83,2.0,直近2～5日まで下落、%K反転、%D方向改善、2～5日下落後の陽線,,https://finance.yahoo.co.jp/quote/6474.T
2026-08-14,6507,シンフォニアテクノロジー,プライム,13370.0,2.06,6.45,-4.64,-2.37,0.57,8,B,45.66,54.4,7.68,47.19,13695.2,14390.53,12176.25,-0.13σ,0.87,陰線→陽線 / 2～5日下落後の陽線,通常,買い,,,,11934.74,16240.52,2.0,直近2～5日まで下落、%K反転、%D方向改善、2～5日下落後の陽線,,https://finance.yahoo.co.jp/quote/6507.T
2026-08-14,6814,古野電気,プライム,7900.0,2.2,0.64,-0.13,7.25,0.58,8,B,81.82,70.57,13.27,62.05,7366.0,6617.2,7298.95,+1.47σ,0.38,2～5日下落後の陽線,通常,買い,,,,7382.03,8935.94,2.0,直近2～5日まで下落、%K反転、%D方向改善、2～5日下落後の陽線,,https://finance.yahoo.co.jp/quote/6814.T
2026-08-14,6584,三櫻工業,プライム,822.0,3.27,6.06,-3.29,-0.42,0.5,8,B,59.62,60.35,10.43,47.57,825.44,880.04,839.74,+0.27σ,0.61,陰線→陽線 / 2～5日下落後の陽線,通常,買い,,,,729.0,1008.0,2.0,直近2～5日まで下落、%K反転、%D方向改善、2～5日下落後の陽線,,https://finance.yahoo.co.jp/quote/6584.T
2026-08-14,8185,チヨダ,プライム,1032.0,0.19,0.98,2.28,2.81,0.57,8,B,97.56,63.09,6.46,67.28,1003.8,974.8,1022.46,+1.84σ,0.62,強気包み足 / 長い下ヒゲ（ハンマー）,通常,買い,,,,1006.0,1084.0,2.0,%K反転、%D方向改善、陽の包み足、長い下ヒゲ反転、直近下落なし（B以下に制限）,,https://finance.yahoo.co.jp/quote/8185.T
2026-08-14,3856,Ａｂａｌａｎｃｅ,スタンダード,350.0,3.55,1.74,8.36,-21.84,0.45,8,B,55.7,24.68,3.68,33.63,447.8,494.64,581.83,-1.04σ,0.47,陰線→陽線 / はらみ足,通常,買い,,,,303.48,443.03,2.0,RSI40以下から反転上昇、BB -1σ以下から反発、%K反転、%D方向改善、直近下落なし（B以下に制限）,,https://finance.yahoo.co.jp/quote/3856.T
2026-08-14,6861,キーエンス,プライム,87400.0,0.89,2.82,2.19,11.2,1.01,8,除外,89.05,83.78,8.45,66.3,78598.0,77547.6,65472.2,+1.32σ,0.66,陰線→陽線 / 強気包み足 / 前日安値割れ反転,強,買い,,,,83125.47,95949.06,2.0,%K反転、%D方向改善、陽の包み足、長い下ヒゲ反転、直近下落なし（B以下に制限）,急騰済み（25日線上方乖離）,https://finance.yahoo.co.jp/quote/6861.T
2026-08-14,6794,フォスター電機,プライム,3065.0,3.2,3.83,3.41,6.57,1.38,8,B,92.7,73.73,11.19,60.64,2876.0,2902.12,2863.43,+1.97σ,1.88,強気包み足,強,買い,,,,2811.0,3573.0,2.0,%K反転、%D方向改善、陽の包み足、出来高増加を伴う反転、直近下落なし（B以下に制限）,,https://finance.yahoo.co.jp/quote/6794.T
2026-08-14,6298,ワイエイシイホールディングス,プライム,1321.0,2.88,8.9,8.72,9.67,1.6,8,除外,95.57,82.64,23.7,60.72,1204.56,1286.76,1144.26,+2.22σ,2.57,強気包み足 / 前日安値割れ反転,通常,買い,,,,1170.0,1623.0,2.0,%K反転、%D方向改善、陽の包み足、長い下ヒゲ反転、出来高増加を伴う反転、直近下落なし（B以下に制限）,急騰済み（BB +2σ大幅超過）,https://finance.yahoo.co.jp/quote/6298.T
2026-08-14,6135,牧野フライス製作所,プライム,15320.0,4.36,5.73,1.66,4.61,1.08,8,B,86.73,71.53,10.86,59.74,14644.8,14177.73,12374.35,+1.95σ,0.83,陰線→陽線 / 2～5日下落後の陽線,強,買い,,,,14340.0,17280.0,2.0,直近2～5日まで下落、%K反転、%D方向改善、2～5日下落後の陽線,,https://finance.yahoo.co.jp/quote/6135.T
2026-08-14,1882,東亜道路工業,プライム,1620.0,0.06,1.5,1.95,0.93,0.66,8,B,95.35,48.99,-0.48,60.07,1605.04,1560.36,1655.7,+0.56σ,0.85,なし,通常,売り,,,,1654.24,1551.52,2.0,%D方向一致、%K押し・戻りから反転、200日線方向一致,,https://finance.yahoo.co.jp/quote/1882.T
2026-08-14,8630,ＳＯＭＰＯホールディングス,プライム,7028.0,-0.01,0.99,0.44,1.63,0.64,8,B,61.54,43.99,-6.36,57.07,6915.28,6359.56,5795.4,+0.14σ,0.53,陽線→陰線 / 前日高値超え反転,通常,売り,,,,7260.56,6562.88,2.0,%D方向一致、%K押し・戻りから反転、RSIゾーン反転、ローソク色反転,,https://finance.yahoo.co.jp/quote/8630.T
2026-08-14,3854,アイル,プライム,2440.0,5.4,7.11,10.16,5.34,2.24,8,除外,92.45,40.88,11.03,64.06,2316.28,2349.96,2396.89,+2.40σ,1.77,強気包み足,通常,買い,,,,2206.0,2908.0,2.0,%K反転、%D方向改善、陽の包み足、出来高増加を伴う反転、直近下落なし（B以下に制限）,急騰済み（BB +2σ大幅超過）,https://finance.yahoo.co.jp/quote/3854.T
2026-08-14,3660,アイスタイル,プライム,516.0,18.08,17.01,18.62,20.63,0.36,8,除外,98.95,65.96,1.92,80.5,427.76,404.65,437.07,+3.66σ,2.67,陰線→陽線 / 長い下ヒゲ（ハンマー）,強,買い,,,,431.0,686.0,2.0,%K反転、%D方向改善、長い下ヒゲ反転、出来高増加を伴う反転、直近下落なし（B以下に制限）,急騰済み（当日急騰、3営業日急騰、5営業日急騰、25日線上方乖離、高RSI、BB +2σ大幅超過）,https://finance.yahoo.co.jp/quote/3660.T
2026-08-14,2593,伊藤園,プライム,3016.0,1.12,1.09,3.27,0.38,0.84,7,B,97.93,40.57,2.79,53.08,3004.5,2915.61,3000.46,+0.07σ,0.44,強気包み足,通常,買い,,,,2895.5,3257.0,2.0,%K反転、%D方向改善、陽の包み足、直近下落なし（B以下に制限）,,https://finance.yahoo.co.jp/quote/2593.T
2026-08-14,2811,カゴメ,プライム,2667.0,0.64,0.26,2.16,-0.8,0.58,7,B,92.72,41.53,0.3,50.47,2688.44,2618.65,2706.48,-0.22σ,0.45,陰線→陽線 / 強気包み足,通常,買い,,,,2588.05,2824.91,2.0,%K反転、%D方向改善、陽の包み足、直近下落なし（B以下に制限）,,https://finance.yahoo.co.jp/quote/2811.T
2026-08-14,8051,山善,プライム,1963.0,1.24,3.32,7.39,9.37,0.89,7,除外,97.25,81.52,5.05,75.63,1794.84,1723.21,1570.92,+2.24σ,0.73,陰線→陽線 / 強気包み足,通常,買い,,,,1786.0,2317.0,2.0,%K反転、%D方向改善、陽の包み足、直近下落なし（B以下に制限）,急騰済み（高RSI、BB +2σ大幅超過）,https://finance.yahoo.co.jp/quote/8051.T
2026-08-14,8273,イズミ,プライム,1016.0,0.89,1.6,3.15,1.59,0.89,7,B,96.08,44.23,1.68,57.51,1000.12,960.4,992.74,+0.59σ,0.68,強気包み足,通常,買い,,,,985.66,1076.68,2.0,%K反転、%D方向改善、陽の包み足、直近下落なし（B以下に制限）,,https://finance.yahoo.co.jp/quote/8273.T
2026-08-14,8282,ケーズホールディングス,プライム,1924.5,-0.49,-1.03,2.42,3.03,0.7,7,B,75.0,50.22,-4.45,54.96,1867.82,1933.14,1743.43,+0.72σ,0.38,なし,通常,売り,,,,2001.83,1769.84,2.0,%D方向一致、%K押し・戻りから反転、RSIゾーン反転,,https://finance.yahoo.co.jp/quote/8282.T
2026-08-14,8725,ＭＳ＆ＡＤインシュアランスグループホールディングス,プライム,4837.0,-0.17,0.17,0.21,1.44,0.96,7,B,55.79,42.48,-7.91,56.43,4768.52,4484.65,4068.82,-0.01σ,0.58,前日高値超え反転,通常,売り,,,,4992.51,4525.99,2.0,%D方向一致、%K押し・戻りから反転、RSIゾーン反転,,https://finance.yahoo.co.jp/quote/8725.T
2026-08-14,8005,スクロール,プライム,1881.0,0.32,-0.32,2.17,6.43,0.62,7,除外,70.18,70.98,2.64,73.02,1767.32,1658.55,1434.19,+1.46σ,0.7,強気包み足,通常,買い,,,,1825.0,1993.0,2.0,%K反転、%D方向改善、陽の包み足、直近下落なし（B以下に制限）,急騰済み（高RSI）,https://finance.yahoo.co.jp/quote/8005.T
2026-08-14,8078,阪和興業,プライム,1842.0,2.79,4.01,4.9,6.66,1.31,7,除外,93.55,69.42,7.58,63.9,1727.0,1724.29,1596.42,+2.25σ,0.77,陰線→陽線 / 強気包み足,通常,買い,,,,1756.0,2014.0,2.0,%K反転、%D方向改善、陽の包み足、直近下落なし（B以下に制限）,急騰済み（BB +2σ大幅超過）,https://finance.yahoo.co.jp/quote/8078.T
2026-08-14,8020,兼松,プライム,2214.5,1.4,0.87,1.72,4.22,1.01,7,B,90.4,71.6,13.31,64.77,2124.84,2122.86,2027.25,+1.81σ,1.02,陰線→陽線 / 強気包み足,通常,買い,,,,2078.0,2487.5,2.0,%K反転、%D方向改善、陽の包み足、直近下落なし（B以下に制限）,,https://finance.yahoo.co.jp/quote/8020.T
2026-08-14,9044,ＮＡＮＫＡＩ,プライム,2949.0,0.25,2.02,3.38,-0.18,0.65,7,B,87.27,33.88,-3.8,52.14,2954.44,2869.69,2934.54,-0.10σ,0.54,なし,通常,売り,,,,3056.24,2734.52,2.0,%D方向一致、%K押し・戻りから反転、MA25傾き一致,,https://finance.yahoo.co.jp/quote/9044.T
2026-08-14,9037,ハマキョウレックス,プライム,1883.0,1.29,1.84,4.84,3.05,0.93,7,除外,95.1,57.41,3.46,63.58,1827.2,1826.43,1790.98,+2.25σ,1.02,陰線→陽線 / 強気包み足,通常,買い,,,,1801.0,2047.0,2.0,%K反転、%D方向改善、陽の包み足、直近下落なし（B以下に制限）,急騰済み（BB +2σ大幅超過）,https://finance.yahoo.co.jp/quote/9037.T
2026-08-14,2760,東京エレクトロン　デバイス,プライム,4420.0,2.55,2.2,-1.12,10.58,0.65,7,除外,38.61,69.12,1.98,61.87,3997.0,3978.6,3552.36,+1.28σ,0.41,陰線→陽線 / 2～5日下落後の陽線,通常,買い,,,,4095.93,5068.14,2.0,直近2～5日まで下落、%K反転、2～5日下落後の陽線,急騰済み（25日線上方乖離）,https://finance.yahoo.co.jp/quote/2760.T
2026-08-14,8584,ジャックス,プライム,3785.0,0.13,0.66,1.07,1.38,0.43,7,B,91.89,54.89,8.69,58.25,3733.6,3668.67,3992.32,+0.70σ,0.43,強気包み足 / はらみ足,通常,買い,,,,3670.0,4015.0,2.0,%K反転、%D方向改善、陽の包み足、直近下落なし（B以下に制限）,,https://finance.yahoo.co.jp/quote/8584.T
2026-08-14,7966,リンテック,プライム,6160.0,0.49,1.48,-4.2,-3.83,0.39,7,B,19.69,38.94,3.61,45.97,6405.6,6056.07,5108.35,-0.66σ,0.45,なし,通常,買い,,,,5693.05,7093.9,2.0,ストキャス売られ過ぎから反転、%K反転、%D方向改善、直近下落なし（B以下に制限）,,https://finance.yahoo.co.jp/quote/7966.T
2026-08-14,3444,菊池製作所,スタンダード,1035.0,2.88,4.65,5.5,6.53,0.54,7,B,100.0,82.19,25.33,54.53,971.52,1124.97,866.88,+1.75σ,0.63,強気包み足,通常,買い,,,,941.0,1223.0,2.0,%K反転、%D方向改善、陽の包み足、直近下落なし（B以下に制限）,,https://finance.yahoo.co.jp/quote/3444.T
2026-08-14,3002,グンゼ,プライム,4235.0,0.71,1.07,1.56,4.52,0.82,7,B,97.83,76.99,1.82,71.78,4052.0,3854.27,4077.98,+1.78σ,0.75,陰線→陽線 / 強気包み足,通常,買い,,,,4143.9,4417.19,2.0,%K反転、%D方向改善、陽の包み足、直近下落なし（B以下に制限）,,https://finance.yahoo.co.jp/quote/3002.T
2026-08-14,3864,三菱製紙,プライム,1153.0,0.17,2.58,-1.28,2.51,0.86,7,B,35.77,50.82,4.17,56.08,1124.72,1057.21,852.24,+0.28σ,0.58,強気包み足,通常,買い,,,,1084.72,1289.56,2.0,%K反転、%D方向改善、陽の包み足、直近下落なし（B以下に制限）,,https://finance.yahoo.co.jp/quote/3864.T
2026-08-14,7944,ローランド,プライム,4310.0,0.23,1.41,-6.2,3.27,0.46,7,B,48.31,69.45,1.09,53.14,4173.6,4287.27,3962.08,+0.61σ,0.36,陰線→陽線 / はらみ足 / 2～5日下落後の陽線,通常,買い,,,,4025.0,4880.0,2.0,直近2～5日まで下落、%K反転、2～5日下落後の陽線,,https://finance.yahoo.co.jp/quote/7944.T
2026-08-14,3036,アルコニックス,プライム,3770.0,4.87,3.57,6.5,33.5,1.53,7,除外,98.62,89.51,12.01,85.23,2823.88,2587.21,2600.5,+1.80σ,0.9,陰線→陽線 / 強気包み足,通常,買い,,,,3460.0,4390.0,2.0,%K反転、%D方向改善、陽の包み足、直近下落なし（B以下に制限）,急騰済み（25日線上方乖離、高RSI）,https://finance.yahoo.co.jp/quote/3036.T
2026-08-14,7867,タカラトミー,プライム,3595.0,-0.39,-2.1,3.81,1.72,0.44,7,B,67.81,62.11,-2.98,55.56,3534.12,3138.89,2947.2,+0.17σ,0.32,なし,通常,売り,,,,3782.12,3220.77,2.0,%D方向一致、%K押し・戻りから反転、RSIゾーン反転,,https://finance.yahoo.co.jp/quote/7867.T
2026-08-14,7609,ダイトロン,プライム,4780.0,4.25,6.58,13.4,28.21,1.34,7,除外,93.08,88.15,23.32,74.95,3728.2,3639.84,2979.87,+1.83σ,0.71,強気包み足,通常,買い,,,,4040.0,6260.0,2.0,%K反転、%D方向改善、陽の包み足、直近下落なし（B以下に制限）,急騰済み（25日線上方乖離、高RSI）,https://finance.yahoo.co.jp/quote/7609.T
2026-08-14,3315,日本コークス工業,プライム,104.0,2.97,1.96,2.97,7.44,1.19,7,B,91.67,73.72,23.34,62.65,96.8,97.65,105.25,+2.04σ,1.0,強気包み足,通常,買い,,,,93.0,126.0,2.0,%K反転、%D方向改善、陽の包み足、直近下落なし（B以下に制限）,,https://finance.yahoo.co.jp/quote/3315.T
2026-08-14,4204,積水化学工業,プライム,2675.0,-0.04,-0.52,0.53,0.32,0.52,7,B,70.25,57.33,-2.55,54.8,2666.4,2500.44,2635.37,+0.04σ,0.47,はらみ足,通常,売り,,,,2745.43,2534.14,2.0,%D方向一致、%K押し・戻りから反転、RSIゾーン反転,,https://finance.yahoo.co.jp/quote/4204.T
2026-08-14,4528,小野薬品工業,プライム,2433.5,0.66,0.6,4.08,1.32,0.56,7,B,91.6,52.94,6.95,55.38,2401.82,2372.88,2312.28,+0.75σ,0.42,陰線→陽線 / 強気包み足,通常,買い,,,,2332.5,2635.5,2.0,%K反転、%D方向改善、陽の包み足、直近下落なし（B以下に制限）,,https://finance.yahoo.co.jp/quote/4528.T
2026-08-14,4732,ユー・エス・エス,プライム,2006.0,-0.05,0.05,1.96,0.65,0.58,7,B,87.5,52.79,-2.37,55.95,1992.98,1876.15,1790.87,+0.37σ,0.53,はらみ足,通常,売り,,,,2062.48,1893.03,2.0,%D方向一致、%K押し・戻りから反転、RSIゾーン反転,,https://finance.yahoo.co.jp/quote/4732.T
2026-08-14,4202,ダイセル,プライム,1491.0,0.88,0.2,1.91,2.27,0.56,7,B,82.88,60.94,15.27,62.28,1457.96,1344.68,1370.28,+1.24σ,0.42,陰線→陽線 / 強気包み足 / はらみ足,通常,買い,,,,1438.8,1595.4,2.0,%K反転、%D方向改善、陽の包み足、直近下落なし（B以下に制限）,,https://finance.yahoo.co.jp/quote/4202.T
2026-08-14,4826,ＣＩＪ,プライム,539.0,1.89,2.86,3.85,5.31,1.07,7,除外,100.0,72.5,4.0,68.51,511.84,499.72,510.94,+2.27σ,1.12,強気包み足,通常,買い,,,,514.0,589.0,2.0,%K反転、%D方向改善、陽の包み足、直近下落なし（B以下に制限）,急騰済み（BB +2σ大幅超過）,https://finance.yahoo.co.jp/quote/4826.T
2026-08-14,4902,コニカミノルタ,プライム,688.7,3.8,5.19,10.51,8.8,1.29,7,B,96.98,55.95,3.51,62.73,632.97,592.5,604.5,+1.43σ,0.8,陰線→陽線 / 強気包み足,通常,買い,,,,627.1,811.9,2.0,%K反転、%D方向改善、陽の包み足、直近下落なし（B以下に制限）,,https://finance.yahoo.co.jp/quote/4902.T
2026-08-14,9513,電源開発,プライム,3919.0,0.85,2.38,1.42,3.58,0.57,7,B,87.14,72.38,1.94,59.44,3783.44,3871.88,3593.19,+1.41σ,0.5,陰線→陽線 / 強気包み足 / はらみ足,強,買い,,,,3789.71,4177.58,2.0,%K反転、%D方向改善、陽の包み足、直近下落なし（B以下に制限）,,https://finance.yahoo.co.jp/quote/9513.T
2026-08-14,9348,ｉｓｐａｃｅ,グロース,425.0,0.95,2.91,1.92,0.61,0.54,7,B,94.12,67.69,20.97,48.9,422.44,480.76,497.22,+1.68σ,0.54,陰線→陽線 / 強気包み足,通常,買い,,,,402.84,469.33,2.0,%K反転、%D方向改善、陽の包み足、直近下落なし（B以下に制限）,,https://finance.yahoo.co.jp/quote/9348.T
2026-08-14,4919,ミルボン,プライム,3260.0,1.56,11.38,16.6,13.73,0.79,7,除外,98.18,54.07,4.85,78.13,2866.48,2709.73,2623.72,+2.44σ,0.79,強気包み足,通常,買い,,,,2780.0,4220.0,2.0,%K反転、%D方向改善、陽の包み足、直近下落なし（B以下に制限）,急騰済み（25日線上方乖離、高RSI、BB +2σ大幅超過）,https://finance.yahoo.co.jp/quote/4919.T
2026-08-14,4911,資生堂,プライム,3566.0,1.13,-1.25,5.16,11.27,0.69,7,B,70.73,62.8,-3.28,64.97,3204.8,2921.29,2821.87,+1.39σ,0.4,陽線→陰線,通常,売り,,,,3791.08,3115.83,2.0,%D方向一致、%K押し・戻りから反転、ローソク色反転,,https://finance.yahoo.co.jp/quote/4911.T
2026-08-14,5851,リョービ,プライム,2863.0,2.99,3.39,4.83,10.29,1.57,7,除外,92.07,82.6,3.9,75.03,2595.88,2627.55,2679.44,+2.00σ,0.99,陰線→陽線 / 強気包み足,強,買い,,,,2715.0,3159.0,2.0,%K反転、%D方向改善、陽の包み足、直近下落なし（B以下に制限）,急騰済み（25日線上方乖離、高RSI）,https://finance.yahoo.co.jp/quote/5851.T
2026-08-14,5703,日本軽金属ホールディングス,プライム,2986.0,1.67,1.29,1.7,8.07,0.94,7,B,79.91,79.97,16.76,63.77,2763.0,2910.28,2750.42,+1.56σ,0.61,陰線→陽線 / 強気包み足,通常,買い,,,,2837.43,3283.13,2.0,%K反転、%D方向改善、陽の包み足、直近下落なし（B以下に制限）,,https://finance.yahoo.co.jp/quote/5703.T
2026-08-14,2130,メンバーズ,プライム,939.0,1.95,3.19,5.62,-8.52,0.67,7,B,95.45,34.6,11.52,39.69,1026.4,1060.44,1139.73,-0.61σ,0.38,陰線→陽線,通常,買い,,,,880.0,1057.0,2.0,RSI40以下から反転上昇、%K反転、%D方向改善、直近下落なし（B以下に制限）,,https://finance.yahoo.co.jp/quote/2130.T
2026-08-14,2181,パーソルホールディングス,プライム,286.4,1.27,1.49,10.15,7.9,1.07,7,B,97.05,52.02,1.95,68.68,265.43,249.59,257.42,+1.95σ,0.95,強気包み足,通常,買い,,,,259.2,340.8,2.0,%K反転、%D方向改善、陽の包み足、直近下落なし（B以下に制限）,,https://finance.yahoo.co.jp/quote/2181.T
2026-08-14,2220,亀田製菓,プライム,1340.0,1.9,3.72,5.18,5.75,1.0,7,除外,98.46,65.65,6.26,65.57,1267.12,1267.28,1325.93,+2.20σ,0.85,強気包み足,通常,買い,,,,1263.0,1494.0,2.0,%K反転、%D方向改善、陽の包み足、直近下落なし（B以下に制限）,急騰済み（BB +2σ大幅超過）,https://finance.yahoo.co.jp/quote/2220.T
2026-08-14,2170,リンクアンドモチベーション,プライム,610.0,-0.16,-7.01,-2.71,-0.44,0.92,7,B,28.92,55.29,-18.67,50.52,612.72,571.83,542.86,-0.47σ,0.67,前日高値超え反転,通常,売り,,,,669.0,492.0,2.0,%D方向一致、%K押し・戻りから反転、RSIゾーン反転,,https://finance.yahoo.co.jp/quote/2170.T
2026-08-14,2168,パソナグループ,プライム,1638.0,0.55,1.3,3.67,3.97,0.6,7,B,91.58,60.82,7.44,64.95,1575.44,1573.83,1807.84,+1.94σ,0.55,強気包み足,通常,買い,,,,1577.0,1760.0,2.0,%K反転、%D方向改善、陽の包み足、直近下落なし（B以下に制限）,,https://finance.yahoo.co.jp/quote/2168.T
2026-08-14,2353,日本駐車場開発,プライム,258.0,0.78,1.98,4.45,0.47,0.72,7,B,92.86,49.63,9.6,53.94,256.8,250.75,264.4,+0.33σ,0.4,強気包み足,通常,買い,,,,246.0,282.0,2.0,%K反転、%D方向改善、陽の包み足、直近下落なし（B以下に制限）,,https://finance.yahoo.co.jp/quote/2353.T
2026-08-14,2737,トーメンデバイス,プライム,31550.0,2.77,7.42,0.8,47.68,1.04,7,除外,55.63,78.56,4.86,71.42,21364.4,17488.0,14014.15,+1.23σ,0.77,陰線→陽線 / 2～5日下落後の陽線,通常,買い,,,,28154.84,38340.32,2.0,直近2～5日まで下落、%K反転、2～5日下落後の陽線,急騰済み（25日線上方乖離）,https://finance.yahoo.co.jp/quote/2737.T
2026-08-14,1860,戸田建設,プライム,1486.5,-0.13,1.75,-0.57,-1.44,0.52,7,B,34.44,25.6,-0.15,42.59,1508.28,1522.61,1409.98,-0.67σ,0.32,はらみ足,通常,売り,,,,1545.5,1368.5,2.0,%D方向一致、%K押し・戻りから反転、MA25傾き一致,,https://finance.yahoo.co.jp/quote/1860.T
2026-08-14,6988,日東電工,プライム,3575.0,0.68,0.56,2.46,5.69,0.8,7,B,79.52,59.55,3.21,66.11,3382.56,3193.91,3429.2,+1.44σ,0.67,強気包み足,通常,買い,,,,3424.36,3876.28,2.0,%K反転、%D方向改善、陽の包み足、直近下落なし（B以下に制限）,,https://finance.yahoo.co.jp/quote/6988.T
2026-08-14,7085,カーブスホールディングス,プライム,953.0,-0.52,1.17,2.47,0.69,0.41,7,B,83.33,40.4,-1.51,54.84,946.44,891.32,820.32,+0.23σ,0.85,はらみ足,通常,売り,,,,982.3,894.4,2.0,%D方向一致、%K押し・戻りから反転、RSIゾーン反転,,https://finance.yahoo.co.jp/quote/7085.T
2026-08-14,7198,ＳＢＩアルヒ,プライム,845.0,0.12,3.43,3.43,4.11,0.87,7,B,84.31,64.53,5.06,66.71,811.64,808.99,850.25,+2.16σ,0.76,強気包み足 / はらみ足,通常,買い,,,,809.0,917.0,2.0,%K反転、%D方向改善、陽の包み足、直近下落なし（B以下に制限）,,https://finance.yahoo.co.jp/quote/7198.T
2026-08-14,6724,セイコーエプソン,プライム,3172.0,0.48,-2.85,1.24,6.46,0.53,7,B,58.18,60.3,2.06,62.41,2979.4,2771.68,2291.33,+1.31σ,0.81,陰線→陽線 / 強気包み足,通常,買い,,,,3022.46,3471.08,2.0,%K反転、%D方向改善、陽の包み足、直近下落なし（B以下に制限）,,https://finance.yahoo.co.jp/quote/6724.T
2026-08-14,6183,ベルシステム２４ホールディングス,プライム,1401.0,1.16,2.71,4.94,2.44,1.01,7,B,96.81,48.74,8.89,59.61,1367.68,1397.23,1407.8,+1.48σ,1.11,強気包み足,通常,買い,,,,1334.0,1535.0,2.0,%K反転、%D方向改善、陽の包み足、直近下落なし（B以下に制限）,,https://finance.yahoo.co.jp/quote/6183.T
2026-08-14,6418,日本金銭機械,プライム,1273.0,0.79,3.58,10.89,13.65,0.96,7,B,91.46,85.21,-1.23,79.47,1120.08,1018.31,1036.68,+2.10σ,1.44,なし,通常,売り,,,,1321.42,1176.17,2.0,%D方向一致、%K押し・戻りから反転、出来高1.3倍,,https://finance.yahoo.co.jp/quote/6418.T
2026-08-14,6080,Ｍ＆Ａキャピタルパートナーズ,プライム,4105.0,1.73,1.86,1.61,7.11,0.99,7,除外,87.1,87.6,4.53,74.07,3832.6,3568.47,3404.22,+1.52σ,0.56,陰線→陽線 / 2～5日下落後の陽線,通常,買い,,,,3946.39,4422.22,2.0,直近2～5日まで下落、%K反転、2～5日下落後の陽線,急騰済み（高RSI）,https://finance.yahoo.co.jp/quote/6080.T
2026-08-14,6702,富士通,プライム,3860.0,2.93,3.79,7.85,10.12,1.08,6,C,86.47,58.06,-2.77,64.95,3505.24,3405.15,3717.82,+1.46σ,0.67,なし,通常,売り,,,,4061.43,3457.14,2.0,%D方向一致、%K押し・戻りから反転,,https://finance.yahoo.co.jp/quote/6702.T
2026-08-14,2752,フジオフードグループ本社,プライム,1119.0,0.36,1.27,4.09,1.41,0.96,6,C,87.04,33.2,-6.46,52.98,1103.48,1120.16,1113.01,+0.49σ,0.7,なし,通常,売り,,,,1151.84,1053.32,2.0,%D方向一致、%K押し・戻りから反転,,https://finance.yahoo.co.jp/quote/2752.T
2026-08-14,5019,出光興産,プライム,1303.0,1.56,0.66,3.54,1.4,1.11,6,C,73.53,44.1,3.38,53.66,1285.04,1304.98,1300.23,+0.37σ,0.74,陰線→陽線 / 前日安値割れ反転,通常,買い,,,,1251.82,1405.35,2.0,%K反転、%D方向改善、長い下ヒゲ反転、直近下落なし（B以下に制限）,,https://finance.yahoo.co.jp/quote/5019.T
2026-08-14,4956,コニシ,プライム,1465.0,0.21,-1.28,-0.61,1.19,0.59,6,C,67.01,63.87,13.32,53.3,1447.72,1438.35,1375.96,+0.67σ,0.34,陰線→陽線 / 長い下ヒゲ（ハンマー） / 前日安値割れ反転,通常,買い,,,,1414.54,1565.92,2.0,%K反転、%D方向改善、長い下ヒゲ反転、直近下落なし（B以下に制限）,,https://finance.yahoo.co.jp/quote/4956.T
2026-08-14,9211,エフ・コード,グロース,1575.0,3.01,5.35,6.13,11.07,1.41,6,除外,80.38,81.16,20.38,70.03,1418.04,1437.85,1547.2,+2.04σ,1.45,陰線→陽線,通常,買い,,,,1446.0,1833.0,2.0,%K反転、%D方向改善、出来高増加を伴う反転、直近下落なし（B以下に制限）,急騰済み（25日線上方乖離）,https://finance.yahoo.co.jp/quote/9211.T
2026-08-14,5393,ニチアス,プライム,3607.0,0.87,3.0,0.45,4.47,1.07,6,C,56.55,69.05,10.15,54.99,3452.8,3546.15,2901.4,+1.39σ,0.6,なし,通常,買い,,,,3394.46,4032.07,2.0,直近2～5日まで下落、%K反転、%D方向改善,,https://finance.yahoo.co.jp/quote/5393.T
2026-08-14,2146,ＵＴグループ,プライム,223.0,2.29,0.9,22.53,18.49,1.35,6,除外,81.13,57.55,1.98,74.94,188.2,180.75,190.32,+2.01σ,1.1,陰線→陽線 / 前日安値割れ反転,通常,買い,,,,181.0,307.0,2.0,%K反転、%D方向改善、長い下ヒゲ反転、直近下落なし（B以下に制限）,急騰済み（5営業日急騰、25日線上方乖離、高RSI）,https://finance.yahoo.co.jp/quote/2146.T
2026-08-14,2354,ＹＥ　ＤＩＧＩＴＡＬ,スタンダード,1395.0,1.97,3.72,10.89,15.71,0.94,6,除外,48.29,46.46,10.62,59.87,1205.56,1006.71,857.08,+0.70σ,0.35,陰線→陽線 / 前日安値割れ反転,通常,買い,,,,1194.9,1795.19,2.0,%K反転、%D方向改善、長い下ヒゲ反転、直近下落なし（B以下に制限）,急騰済み（25日線上方乖離）,https://finance.yahoo.co.jp/quote/2354.T
2026-08-14,1942,関電工,プライム,5521.0,0.31,4.23,-2.14,-4.82,0.39,6,C,40.65,43.89,4.52,41.14,5800.4,6257.87,5831.3,-0.62σ,0.42,なし,通常,買い,,,,5167.22,6228.55,2.0,直近2～5日まで下落、%K反転、%D方向改善,,https://finance.yahoo.co.jp/quote/1942.T
2026-08-14,3107,ダイワボウホールディングス,プライム,3780.0,0.08,2.49,1.2,6.15,0.87,6,C,86.29,70.07,-0.92,65.74,3560.84,3459.71,3191.07,+1.58σ,0.65,なし,通常,売り,,,,3908.08,3523.84,2.0,%D方向一致、%K押し・戻りから反転,,https://finance.yahoo.co.jp/quote/3107.T
2026-08-14,3968,セグエグループ,プライム,647.0,9.66,9.85,12.33,8.59,2.13,6,除外,91.67,37.61,1.96,68.61,595.8,571.64,591.72,+3.42σ,5.61,陰線→陽線,通常,買い,,,,572.0,797.0,2.0,%K反転、%D方向改善、出来高増加を伴う反転、直近下落なし（B以下に制限）,急騰済み（当日急騰、BB +2σ大幅超過、ストップ高に近い急騰）,https://finance.yahoo.co.jp/quote/3968.T
2026-08-14,7630,壱番屋,プライム,935.0,0.11,1.74,2.75,1.81,0.53,6,C,91.11,46.58,-2.6,57.25,918.36,889.43,903.9,+0.65σ,0.53,なし,通常,売り,,,,963.06,878.88,2.0,%D方向一致、%K押し・戻りから反転,,https://finance.yahoo.co.jp/quote/7630.T
2026-08-14,7649,スギホールディングス,プライム,2843.0,0.64,1.43,3.12,-1.46,0.69,6,C,92.02,42.64,7.56,45.82,2885.14,2977.19,3350.82,-0.20σ,0.42,長い下ヒゲ（ハンマー）,通常,買い,,,,2718.67,3091.66,2.0,%K反転、%D方向改善、長い下ヒゲ反転、直近下落なし（B以下に制限）,,https://finance.yahoo.co.jp/quote/7649.T
2026-08-14,8591,オリックス,プライム,6398.0,0.41,2.01,-1.77,-0.68,0.63,6,C,50.83,48.68,2.16,50.46,6441.8,6167.12,5191.81,-0.31σ,0.58,なし,強,買い,,,,6153.32,6887.36,2.0,直近2～5日まで下落、%K反転、%D方向改善,,https://finance.yahoo.co.jp/quote/8591.T
2026-08-14,1887,日本国土開発,プライム,533.0,1.72,1.91,1.72,2.16,1.3,6,除外,94.12,76.44,8.41,58.94,521.72,538.0,570.88,+2.42σ,0.42,陰線→陽線 / 前日安値割れ反転,強,買い,,,,519.18,560.65,2.0,%K反転、%D方向改善、長い下ヒゲ反転、直近下落なし（B以下に制限）,急騰済み（BB +2σ大幅超過）,https://finance.yahoo.co.jp/quote/1887.T
2026-08-14,5032,ＡＮＹＣＯＬＯＲ,プライム,2839.0,2.97,2.42,4.68,9.84,0.86,6,C,96.15,75.19,1.15,68.86,2584.64,2598.84,3850.52,+1.66σ,0.79,陰線→陽線 / 長い下ヒゲ（ハンマー）,強,買い,,,,2685.0,3147.0,2.0,%K反転、%D方向改善、長い下ヒゲ反転、直近下落なし（B以下に制限）,,https://finance.yahoo.co.jp/quote/5032.T
2026-08-14,5957,日東精工,プライム,779.0,0.65,1.96,-2.87,0.08,0.47,6,C,49.18,61.08,1.29,49.96,778.4,775.96,748.2,+0.09σ,0.43,陰線→陽線 / はらみ足 / 長い下ヒゲ（ハンマー）,通常,買い,,,,749.0,839.0,2.0,%K反転、%D方向改善、長い下ヒゲ反転、直近下落なし（B以下に制限）,,https://finance.yahoo.co.jp/quote/5957.T
2026-08-14,9831,ヤマダホールディングス,プライム,691.8,0.09,2.76,3.33,-0.77,0.86,6,C,80.19,32.28,-1.52,51.21,697.14,644.67,565.39,-0.51σ,0.49,なし,通常,売り,,,,723.13,629.14,2.0,%D方向一致、%K押し・戻りから反転,,https://finance.yahoo.co.jp/quote/9831.T
2026-08-14,4502,武田薬品工業,プライム,5631.0,1.3,0.88,3.8,2.29,0.54,6,C,97.83,50.04,4.57,58.15,5505.12,5258.37,5152.8,+0.56σ,0.63,陰線→陽線 / 長い下ヒゲ（ハンマー）,通常,買い,,,,5432.0,6029.0,2.0,%K反転、%D方向改善、長い下ヒゲ反転、直近下落なし（B以下に制限）,,https://finance.yahoo.co.jp/quote/4502.T
2026-08-14,4290,プレステージ・インターナショナル,プライム,718.0,0.14,2.13,3.76,4.6,0.81,6,C,94.59,53.36,-0.66,65.48,686.44,664.4,679.0,+1.20σ,0.35,なし,通常,売り,,,,738.33,677.33,2.0,%D方向一致、%K押し・戻りから反転,,https://finance.yahoo.co.jp/quote/4290.T
2026-08-14,6966,三井ハイテック,プライム,966.0,2.44,-0.1,1.05,3.53,0.49,6,C,57.35,70.56,10.13,53.82,933.04,894.21,801.02,+1.20σ,0.56,なし,通常,買い,,,,893.21,1111.58,2.0,直近2～5日まで下落、%K反転、%D方向改善,,https://finance.yahoo.co.jp/quote/6966.T
2026-08-14,6258,平田機工,プライム,3825.0,5.08,-1.03,18.97,24.16,1.23,6,除外,80.6,85.41,15.92,68.7,3080.64,3053.68,2707.7,+2.05σ,1.52,陰線→陽線,通常,買い,,,,3085.0,5305.0,2.0,%K反転、%D方向改善、出来高増加を伴う反転、直近下落なし（B以下に制限）,急騰済み（5営業日急騰、25日線上方乖離）,https://finance.yahoo.co.jp/quote/6258.T
2026-08-14,6255,エヌ・ピー・シー,グロース,725.0,0.42,2.84,3.28,9.16,0.45,6,C,78.33,83.07,18.59,58.06,664.16,722.01,735.08,+1.30σ,0.29,前日安値割れ反転,通常,買い,,,,674.77,825.47,2.0,%K反転、%D方向改善、長い下ヒゲ反転、直近下落なし（B以下に制限）,,https://finance.yahoo.co.jp/quote/6255.T
2026-08-14,6769,ザインエレクトロニクス,スタンダード,1104.0,1.19,3.37,4.64,7.43,0.53,6,C,91.75,82.1,22.15,56.67,1027.6,1110.57,948.46,+1.45σ,0.31,陰線→陽線 / 長い下ヒゲ（ハンマー）,通常,買い,,,,1015.0,1282.0,2.0,%K反転、%D方向改善、長い下ヒゲ反転、直近下落なし（B以下に制限）,,https://finance.yahoo.co.jp/quote/6769.T
2026-08-14,6522,アスタリスク,グロース,2173.0,14.31,22.22,34.63,28.06,1.61,6,除外,81.71,65.71,9.85,63.97,1696.84,1287.48,814.68,+2.68σ,3.15,陰線→陽線,通常,買い,,,,1676.0,3167.0,2.0,%K反転、%D方向改善、出来高増加を伴う反転、直近下落なし（B以下に制限）,急騰済み（当日急騰、3営業日急騰、5営業日急騰、25日線上方乖離、BB +2σ大幅超過）,https://finance.yahoo.co.jp/quote/6522.T
2026-08-14,4114,日本触媒,プライム,2678.5,1.13,3.3,21.06,20.47,1.52,6,除外,91.92,72.62,3.84,86.07,2223.46,2130.03,2124.74,+2.04σ,1.14,陰線→陽線 / 強気包み足,通常,買い,,,,2214.0,3607.5,2.0,%K反転、陽の包み足、直近下落なし（B以下に制限）,急騰済み（5営業日急騰、25日線上方乖離、高RSI）,https://finance.yahoo.co.jp/quote/4114.T
2026-08-14,7004,カナデビア,プライム,1242.0,0.73,-0.96,0.81,2.38,0.45,6,C,57.14,64.49,7.76,51.63,1213.16,1288.77,1133.44,+1.24σ,0.54,長い下ヒゲ（ハンマー）,通常,買い,,,,1178.45,1369.1,2.0,%K反転、%D方向改善、長い下ヒゲ反転、直近下落なし（B以下に制限）,,https://finance.yahoo.co.jp/quote/7004.T
2026-08-14,7276,小糸製作所,プライム,2727.0,0.04,0.94,0.91,4.92,0.82,6,C,75.14,73.06,-1.31,61.66,2599.06,2668.97,2527.68,+1.14σ,0.85,なし,通常,売り,,,,2826.38,2528.24,2.0,%D方向一致、%K押し・戻りから反転,,https://finance.yahoo.co.jp/quote/7276.T
2026-08-14,7296,エフ・シー・シー,プライム,4130.0,0.36,-1.9,1.85,10.17,0.79,6,C,66.2,78.98,-5.77,71.33,3748.8,3522.27,3527.98,+1.29σ,0.77,なし,通常,売り,,,,4292.26,3805.48,2.0,%D方向一致、%K押し・戻りから反転,,https://finance.yahoo.co.jp/quote/7296.T
2026-08-14,4784,ＧＭＯインターネット,プライム,571.0,3.25,5.16,7.74,6.48,1.38,6,C,90.91,62.56,0.59,60.83,536.24,530.6,694.32,+1.53σ,1.26,強気包み足,強,買い,,,,525.0,663.0,2.0,%K反転、陽の包み足、直近下落なし（B以下に制限）,,https://finance.yahoo.co.jp/quote/4784.T
2026-08-14,1662,石油資源開発,プライム,1823.0,1.84,3.82,6.11,5.17,1.02,6,C,88.16,58.54,8.39,62.16,1733.32,1792.75,1863.18,+1.88σ,0.51,陰線→陽線 / 前日安値割れ反転,通常,買い,,,,1713.0,2043.0,2.0,%K反転、%D方向改善、長い下ヒゲ反転、直近下落なし（B以下に制限）,,https://finance.yahoo.co.jp/quote/1662.T
2026-08-14,9984,ソフトバンクグループ,プライム,5746.0,3.07,4.78,0.9,1.96,0.59,6,C,65.49,65.64,14.12,51.01,5635.28,6219.67,5122.59,+0.78σ,0.77,なし,通常,買い,,,,5137.65,6962.7,2.0,直近2～5日まで下落、%K反転、%D方向改善,,https://finance.yahoo.co.jp/quote/9984.T
2026-08-14,3891,ニッポン高度紙工業,スタンダード,7200.0,0.7,6.67,0.28,2.09,0.5,6,C,52.38,61.96,12.79,49.11,7052.4,7767.07,5046.26,+0.60σ,0.42,はらみ足,通常,買い,,,,6277.21,9045.58,2.0,直近2～5日まで下落、%K反転、%D方向改善,,https://finance.yahoo.co.jp/quote/3891.T
2026-08-14,6995,東海理化電機製作所,プライム,3060.0,0.16,0.33,-0.16,-1.52,0.55,6,C,73.33,30.93,-1.58,48.19,3107.36,2984.0,3026.86,-0.68σ,0.33,なし,通常,売り,,,,3168.26,2843.49,2.0,%D方向一致、%K押し・戻りから反転,,https://finance.yahoo.co.jp/quote/6995.T
2026-08-14,4095,日本パーカライジング,プライム,1736.0,0.52,0.17,1.52,3.41,0.99,6,C,75.0,72.95,7.23,63.25,1678.68,1629.72,1517.84,+1.76σ,1.04,陰線→陽線 / 前日安値割れ反転,通常,買い,,,,1687.46,1833.09,2.0,%K反転、%D方向改善、長い下ヒゲ反転、直近下落なし（B以下に制限）,,https://finance.yahoo.co.jp/quote/4095.T
2026-08-14,6134,ＦＵＪＩ,プライム,8286.0,0.66,2.79,2.08,7.96,0.61,4,C,73.15,73.08,14.62,56.96,7675.04,7661.21,5521.4,+1.22σ,0.46,陰線→陽線,強,買い,,,,7536.61,9784.79,2.0,%K反転、%D方向改善、直近下落なし（B以下に制限）,,https://finance.yahoo.co.jp/quote/6134.T
2026-08-14,6047,Ｇｕｎｏｓｙ,スタンダード,402.0,1.26,6.91,9.24,3.63,0.75,4,除外,97.44,79.86,15.48,54.48,387.92,447.73,512.38,+2.27σ,0.4,なし,通常,買い,,,,364.0,478.0,2.0,%K反転、%D方向改善、直近下落なし（B以下に制限）,急騰済み（BB +2σ大幅超過）,https://finance.yahoo.co.jp/quote/6047.T
2026-08-14,4849,エン,プライム,1496.0,4.54,3.24,17.06,15.49,1.68,4,除外,98.33,58.06,0.2,78.21,1295.36,1215.97,1312.08,+2.36σ,1.44,なし,通常,買い,,,,1331.0,1826.0,2.0,%K反転、%D方向改善、直近下落なし（B以下に制限）,急騰済み（25日線上方乖離、高RSI、BB +2σ大幅超過）,https://finance.yahoo.co.jp/quote/4849.T
2026-08-14,6072,地盤ネットホールディングス,スタンダード,1133.0,1.16,5.49,19.77,17.0,0.67,4,除外,71.2,79.49,13.41,60.36,968.36,1113.16,728.77,+1.90σ,1.09,陰線→陽線 / はらみ足,通常,買い,,,,908.0,1583.0,2.0,%K反転、%D方向改善、直近下落なし（B以下に制限）,急騰済み（5営業日急騰、25日線上方乖離）,https://finance.yahoo.co.jp/quote/6072.T
2026-08-14,5991,日本発條,プライム,3680.0,0.57,3.69,0.71,1.45,0.62,4,C,60.32,59.73,10.97,51.45,3627.52,3605.21,3030.58,+0.85σ,0.69,なし,強,買い,,,,3424.6,4190.81,2.0,%K反転、%D方向改善、直近下落なし（B以下に制限）,,https://finance.yahoo.co.jp/quote/5991.T
2026-08-14,4914,高砂香料工業,プライム,1280.0,0.63,0.39,6.49,6.15,0.76,4,C,91.8,64.39,5.12,69.41,1205.84,1157.93,1315.06,+1.84σ,0.6,陰線→陽線 / はらみ足,通常,買い,,,,1209.0,1422.0,2.0,%K反転、%D方向改善、直近下落なし（B以下に制限）,,https://finance.yahoo.co.jp/quote/4914.T
2026-08-14,2931,ユーグレナ,プライム,358.0,1.7,-2.72,6.87,3.62,0.88,4,C,63.41,36.87,6.83,58.25,345.48,353.76,385.58,+1.58σ,0.61,陰線→陽線,通常,買い,,,,334.0,406.0,2.0,%K反転、%D方向改善、直近下落なし（B以下に制限）,,https://finance.yahoo.co.jp/quote/2931.T
2026-08-14,2503,キリンホールディングス,プライム,3126.0,2.8,4.57,6.8,6.16,0.99,4,C,99.07,48.42,0.74,63.13,2944.52,2770.7,2567.98,+1.85σ,0.68,陰線→陽線,通常,買い,,,,2935.5,3507.0,2.0,%K反転、%D方向改善、直近下落なし（B以下に制限）,,https://finance.yahoo.co.jp/quote/2503.T
2026-08-14,2327,日鉄ソリューションズ,プライム,3836.0,0.37,0.13,2.21,0.57,0.55,4,C,85.55,49.4,2.0,56.06,3814.24,3578.16,3827.81,+0.17σ,0.4,なし,通常,買い,,,,3682.96,4142.07,2.0,%K反転、%D方向改善、直近下落なし（B以下に制限）,,https://finance.yahoo.co.jp/quote/2327.T
2026-08-14,2127,日本Ｍ＆Ａセンターホールディングス,プライム,671.7,1.47,3.32,5.12,0.98,0.57,4,C,96.8,54.03,3.79,55.63,665.15,654.01,686.35,+0.48σ,0.55,なし,通常,買い,,,,631.3,752.5,2.0,%K反転、%D方向改善、直近下落なし（B以下に制限）,,https://finance.yahoo.co.jp/quote/2127.T
2026-08-14,2982,ＡＤワークスグループ,プライム,425.0,0.24,4.94,4.42,3.58,0.8,4,C,87.18,54.27,7.4,61.31,410.32,403.43,427.62,+2.00σ,0.86,なし,通常,買い,,,,391.0,493.0,2.0,%K反転、%D方向改善、直近下落なし（B以下に制限）,,https://finance.yahoo.co.jp/quote/2982.T
2026-08-14,9147,ＮＩＰＰＯＮ　ＥＸＰＲＥＳＳホールディングス,プライム,5696.0,1.86,2.17,12.13,5.42,0.65,4,C,87.17,46.76,19.83,63.87,5403.36,5076.32,4096.81,+1.65σ,0.64,陰線→陽線 / はらみ足,通常,買い,,,,5104.0,6880.0,2.0,%K反転、%D方向改善、直近下落なし（B以下に制限）,,https://finance.yahoo.co.jp/quote/9147.T
2026-08-14,9143,ＳＧホールディングス,プライム,1648.0,3.26,2.55,7.57,3.74,1.11,4,C,100.0,44.48,3.8,61.68,1588.62,1514.37,1503.4,+1.48σ,0.8,なし,通常,買い,,,,1502.5,1939.0,2.0,%K反転、%D方向改善、直近下落なし（B以下に制限）,,https://finance.yahoo.co.jp/quote/9143.T
2026-08-14,6264,マルマエ,プライム,2155.0,1.03,4.97,0.98,5.47,0.46,4,C,78.26,75.53,16.47,51.45,2043.16,2272.45,1688.62,+1.24σ,0.43,はらみ足,強,買い,,,,1924.55,2615.9,2.0,%K反転、%D方向改善、直近下落なし（B以下に制限）,,https://finance.yahoo.co.jp/quote/6264.T
2026-08-14,9716,乃村工藝社,プライム,1223.0,3.38,3.73,4.0,3.54,1.61,4,C,95.83,47.41,5.05,65.46,1181.24,1133.48,1225.77,+2.10σ,0.86,陰線→陽線,通常,買い,,,,1172.0,1325.0,2.0,%K反転、%D方向改善、直近下落なし（B以下に制限）,,https://finance.yahoo.co.jp/quote/9716.T
2026-08-14,8425,みずほリース,プライム,1357.0,0.07,0.82,1.27,1.99,0.43,4,C,83.02,44.91,2.09,58.6,1330.52,1318.88,1369.57,+0.99σ,0.54,陰線→陽線 / はらみ足,通常,買い,,,,1322.49,1426.03,2.0,%K反転、%D方向改善、直近下落なし（B以下に制限）,,https://finance.yahoo.co.jp/quote/8425.T
2026-08-14,3776,ブロードバンドタワー,スタンダード,252.0,0.8,3.7,5.88,-1.18,0.58,4,C,75.0,69.81,21.45,49.22,255.0,261.39,222.16,+0.38σ,0.34,なし,通常,買い,,,,231.0,294.0,2.0,%K反転、%D方向改善、直近下落なし（B以下に制限）,,https://finance.yahoo.co.jp/quote/3776.T
2026-08-14,4208,ＵＢＥ,プライム,3668.0,1.69,3.21,11.83,11.67,0.88,4,除外,91.74,68.06,20.63,74.19,3284.6,3018.31,2721.3,+2.17σ,0.7,陰線→陽線 / はらみ足,通常,買い,,,,3285.0,4434.0,2.0,%K反転、%D方向改善、直近下落なし（B以下に制限）,急騰済み（25日線上方乖離、高RSI）,https://finance.yahoo.co.jp/quote/4208.T
2026-08-14,4373,シンプレクス・ホールディングス,プライム,1168.0,3.55,4.94,7.85,7.03,0.84,4,C,88.98,46.72,0.51,64.02,1091.28,1020.83,977.33,+1.49σ,0.64,なし,通常,買い,,,,1077.0,1350.0,2.0,%K反転、%D方向改善、直近下落なし（B以下に制限）,,https://finance.yahoo.co.jp/quote/4373.T
2026-08-14,4401,ＡＤＥＫＡ,プライム,4770.0,1.08,0.23,15.78,13.74,0.76,4,除外,84.39,76.52,20.51,71.65,4193.8,4130.45,4044.64,+1.74σ,0.57,陰線→陽線,通常,買い,,,,4102.0,6106.0,2.0,%K反転、%D方向改善、直近下落なし（B以下に制限）,急騰済み（25日線上方乖離）,https://finance.yahoo.co.jp/quote/4401.T
2026-08-14,4478,フリー,グロース,3345.0,17.62,22.84,24.26,30.73,1.43,4,除外,100.0,79.47,2.78,83.73,2558.72,2272.68,2543.3,+3.35σ,1.66,なし,通常,買い,,,,2517.0,5001.0,2.0,%K反転、%D方向改善、直近下落なし（B以下に制限）,急騰済み（当日急騰、3営業日急騰、5営業日急騰、25日線上方乖離、高RSI、BB +2σ大幅超過）,https://finance.yahoo.co.jp/quote/4478.T
2026-08-14,7172,ジャパンインベストメントアドバイザー,プライム,2067.0,0.24,2.07,2.38,-0.62,0.47,4,C,89.69,51.5,10.51,50.22,2080.0,2064.68,2068.23,-0.20σ,0.32,陰線→陽線 / はらみ足,通常,買い,,,,1995.0,2211.0,2.0,%K反転、%D方向改善、直近下落なし（B以下に制限）,,https://finance.yahoo.co.jp/quote/7172.T
2026-08-14,6532,ベイカレント,プライム,7664.0,4.14,3.67,8.77,10.79,1.24,4,除外,89.63,54.65,0.96,68.06,6917.84,6091.51,5926.54,+1.70σ,0.77,なし,通常,買い,,,,6966.0,9060.0,2.0,%K反転、%D方向改善、直近下落なし（B以下に制限）,急騰済み（25日線上方乖離）,https://finance.yahoo.co.jp/quote/6532.T
2026-08-14,6472,ＮＴＮ,プライム,389.7,-0.05,1.27,-0.08,1.61,0.44,4,C,72.53,74.32,10.09,49.93,383.52,405.55,380.34,+0.66σ,0.58,なし,通常,買い,,,,369.17,430.76,2.0,%K反転、%D方向改善、直近下落なし（B以下に制限）,,https://finance.yahoo.co.jp/quote/6472.T
2026-08-14,6448,ブラザー工業,プライム,4732.0,0.66,3.54,14.11,16.28,0.92,4,除外,93.03,79.85,4.38,85.34,4069.56,3751.83,3301.0,+1.94σ,0.63,陰線→陽線,通常,買い,,,,4512.0,5172.0,2.0,%K反転、%D方向改善、直近下落なし（B以下に制限）,急騰済み（25日線上方乖離、高RSI）,https://finance.yahoo.co.jp/quote/6448.T
2026-08-14,6668,アドテック　プラズマ　テクノロジー,スタンダード,3740.0,0.94,8.25,2.05,10.38,0.53,4,除外,60.38,72.19,16.52,56.79,3388.4,3303.73,2243.24,+1.06σ,0.23,なし,通常,買い,,,,3286.25,4647.5,2.0,%K反転、%D方向改善、直近下落なし（B以下に制限）,急騰済み（25日線上方乖離）,https://finance.yahoo.co.jp/quote/6668.T
2026-08-14,6871,日本マイクロニクス,プライム,14970.0,3.53,7.78,2.25,1.26,0.82,4,C,62.63,57.04,10.28,51.73,14784.4,14902.4,11259.45,+0.51σ,1.48,なし,強,買い,,,,13004.05,18901.9,2.0,%K反転、%D方向改善、直近下落なし（B以下に制限）,,https://finance.yahoo.co.jp/quote/6871.T
2026-08-14,6753,シャープ,プライム,674.4,3.28,3.75,6.22,6.7,1.18,4,除外,98.11,70.2,5.59,64.18,632.08,619.49,681.29,+2.31σ,0.81,陰線→陽線,通常,買い,,,,591.2,840.8,2.0,%K反転、%D方向改善、直近下落なし（B以下に制限）,急騰済み（BB +2σ大幅超過）,https://finance.yahoo.co.jp/quote/6753.T
2026-08-14,6994,指月電機製作所,スタンダード,1186.0,2.51,6.75,3.31,9.83,0.7,4,C,49.31,62.89,8.29,55.59,1079.84,1153.52,986.4,+1.46σ,0.51,なし,通常,買い,,,,1066.03,1425.93,2.0,%K反転、%D方向改善、直近下落なし（B以下に制限）,,https://finance.yahoo.co.jp/quote/6994.T
2026-08-14,4165,プレイド,グロース,688.0,15.82,14.29,17.61,18.29,3.01,4,除外,98.44,70.16,6.9,71.75,581.6,546.24,670.21,+3.63σ,10.38,なし,強,買い,,,,579.0,906.0,2.0,%K反転、%D方向改善、直近下落なし（B以下に制限）,急騰済み（当日急騰、3営業日急騰、25日線上方乖離、BB +2σ大幅超過、ストップ高に近い急騰）,https://finance.yahoo.co.jp/quote/4165.T
2026-08-14,8595,ジャフコ　グループ,プライム,2293.0,0.15,1.6,2.55,0.23,0.49,4,C,88.05,50.94,13.53,53.99,2287.74,2263.51,2344.66,+0.69σ,0.59,陰線→陽線,通常,買い,,,,2228.5,2422.0,2.0,%K反転、%D方向改善、直近下落なし（B以下に制限）,,https://finance.yahoo.co.jp/quote/8595.T
2026-08-14,8142,トーホー,プライム,1401.0,1.67,3.01,3.32,2.48,0.96,4,C,97.5,49.69,7.48,59.35,1367.08,1345.37,1293.5,+1.31σ,0.73,陰線→陽線,通常,買い,,,,1343.0,1517.0,2.0,%K反転、%D方向改善、直近下落なし（B以下に制限）,,https://finance.yahoo.co.jp/quote/8142.T
2026-08-14,8053,住友商事,プライム,1787.5,0.45,0.11,2.23,8.69,0.89,4,C,78.08,85.34,5.82,70.83,1644.6,1662.65,1500.95,+1.44σ,0.45,なし,通常,買い,,,,1710.3,1941.91,2.0,%K反転、%D方向改善、直近下落なし（B以下に制限）,,https://finance.yahoo.co.jp/quote/8053.T
2026-08-14,3915,テラスカイ,プライム,2430.0,3.89,7.62,7.71,10.03,1.02,4,除外,96.0,79.56,22.82,61.5,2208.48,2239.91,2054.4,+2.14σ,0.49,なし,通常,買い,,,,2190.0,2910.0,2.0,%K反転、%D方向改善、直近下落なし（B以下に制限）,急騰済み（25日線上方乖離）,https://finance.yahoo.co.jp/quote/3915.T
2026-08-14,7868,広済堂ホールディングス,プライム,552.0,2.79,5.34,4.35,4.25,0.53,4,除外,96.43,71.07,19.17,58.96,529.48,562.15,504.5,+2.51σ,0.78,陰線→陽線,通常,買い,,,,498.0,660.0,2.0,%K反転、%D方向改善、直近下落なし（B以下に制限）,急騰済み（BB +2σ大幅超過）,https://finance.yahoo.co.jp/quote/7868.T
2026-08-14,7733,オリンパス,プライム,2101.5,1.64,0.14,12.26,14.26,1.06,4,除外,92.05,74.06,0.54,75.21,1839.18,1760.55,1781.8,+1.97σ,0.8,なし,通常,買い,,,,1843.0,2618.5,2.0,%K反転、%D方向改善、直近下落なし（B以下に制限）,急騰済み（25日線上方乖離、高RSI）,https://finance.yahoo.co.jp/quote/7733.T
2026-08-14,7806,ＭＴＧ,グロース,8130.0,0.49,2.14,5.45,5.78,0.43,4,C,80.8,74.8,19.56,57.39,7686.0,7236.27,5851.38,+1.32σ,0.62,はらみ足,通常,買い,,,,7520.0,9350.0,2.0,%K反転、%D方向改善、直近下落なし（B以下に制限）,,https://finance.yahoo.co.jp/quote/7806.T
2026-08-14,3608,ＴＳＩホールディングス,プライム,1268.0,3.01,4.36,5.32,3.22,1.49,4,C,94.67,38.48,2.24,62.99,1228.44,1201.84,1124.31,+1.54σ,1.12,陰線→陽線,通常,買い,,,,1206.0,1392.0,2.0,%K反転、%D方向改善、直近下落なし（B以下に制限）,,https://finance.yahoo.co.jp/quote/3608.T
2026-08-14,1721,コムシスホールディングス,プライム,5323.0,0.32,1.1,0.66,1.14,0.55,4,C,54.26,47.67,1.89,52.62,5263.08,5401.89,5014.85,+1.46σ,0.77,なし,通常,買い,,,,5128.17,5712.66,2.0,%K反転、%D方向改善、直近下落なし（B以下に制限）,,https://finance.yahoo.co.jp/quote/1721.T
2026-08-14,9603,エイチ・アイ・エス,プライム,1141.0,1.33,2.7,2.79,8.75,0.99,4,C,93.41,74.39,4.52,65.23,1049.2,1029.44,1160.84,+1.55σ,0.5,陰線→陽線,通常,買い,,,,1090.93,1241.15,2.0,%K反転、%D方向改善、直近下落なし（B以下に制限）,,https://finance.yahoo.co.jp/quote/9603.T
2026-08-14,8141,新光商事,プライム,1569.0,0.26,0.26,0.19,-0.66,0.34,4,C,83.33,64.27,9.1,46.42,1579.44,1587.89,1290.3,-0.50σ,0.17,陰線→陽線,強,買い,,,,1551.34,1604.31,2.0,%K反転、%D方向改善、直近下落なし（B以下に制限）,,https://finance.yahoo.co.jp/quote/8141.T
2026-08-14,2216,カンロ,スタンダード,1104.0,0.45,-0.54,0.82,-5.25,0.32,3,C,73.33,34.2,1.91,43.97,1165.16,1123.91,1335.28,-0.79σ,0.29,陰線→陽線 / はらみ足,通常,買い,,,,1047.98,1216.04,2.0,%K反転、直近下落なし（B以下に制限）,,https://finance.yahoo.co.jp/quote/2216.T
2026-08-14,7309,シマノ,プライム,20175.0,0.75,-0.42,3.12,5.74,0.69,3,C,80.25,52.07,0.4,62.82,19080.6,17545.53,17028.4,+0.81σ,0.37,陰線→陽線 / はらみ足,通常,買い,,,,19274.19,21976.61,2.0,%K反転、直近下落なし（B以下に制限）,,https://finance.yahoo.co.jp/quote/7309.T
2026-08-14,4413,ボードルア,プライム,2859.0,3.81,2.55,6.05,-2.83,1.07,3,C,83.17,35.7,1.87,51.74,2942.24,2575.09,2368.46,-0.15σ,0.47,陰線→陽線,通常,買い,,,,2611.0,3355.0,2.0,%K反転、直近下落なし（B以下に制限）,,https://finance.yahoo.co.jp/quote/4413.T
2026-08-14,6770,アルプスアルパイン,プライム,2215.5,0.34,3.09,4.68,3.34,0.91,3,C,88.05,50.98,0.14,56.59,2143.96,2140.0,2102.34,+1.01σ,0.54,なし,通常,買い,,,,2082.5,2481.5,2.0,%K反転、直近下落なし（B以下に制限）,,https://finance.yahoo.co.jp/quote/6770.T
2026-08-14,3635,コーエーテクモホールディングス,プライム,1663.0,1.46,1.03,5.05,4.89,0.7,3,C,89.96,59.76,1.49,59.62,1585.42,1538.78,1735.49,+1.41σ,0.43,陰線→陽線,通常,買い,,,,1589.0,1811.0,2.0,%K反転、直近下落なし（B以下に制限）,,https://finance.yahoo.co.jp/quote/3635.T
